"","baseMean","log2FoldChange","lfcSE","stat","pvalue","padj","gene","cluster_1","cluster_2","cluster_3"
"ENSG00000001617",13.2788204795956,-1.32659903753621,0.296270043439248,-4.47766848830342,7.54626645852558e-06,0.000191431365591736,"SEMA3F",1,1,1
"ENSG00000002587",5.70732609866628,1.38166291969119,0.384409951255282,3.59424337267908,0.00032533563004591,0.00464823295970411,"HS3ST1",2,2,2
"ENSG00000004838",2.86391422379376,1.48344144806848,0.505556179589394,2.93427616545666,0.00334326594838627,0.0288616484489664,"ZMYND10",2,3,3
"ENSG00000004848",97.9845328210993,1.53501033041701,0.233241901121334,6.58119455825599,4.66683417922631e-11,3.98712066224159e-09,"ARX",2,2,2
"ENSG00000005108",18.253991811527,1.04255446888101,0.348356018375498,2.99278443284201,0.00276444934555176,0.0250593761730637,"THSD7A",2,2,2
"ENSG00000007171",23.6995542678785,-2.27179858804417,0.503700627133529,-4.51021592125578,6.47616738309192e-06,0.000167113496056029,"NOS2",1,4,4
"ENSG00000007372",21.6818969090598,-2.10344182578491,0.426149530862276,-4.93592430227198,7.97720460154064e-07,2.65729548837987e-05,"PAX6",1,1,5
"ENSG00000009694",32.9160579653503,-1.00107377899363,0.183992481916064,-5.44084067223093,5.30297262302579e-08,2.47707409578108e-06,"TENM1",1,1,5
"ENSG00000010610",7.58603441483316,-1.65520767620388,0.425852879903657,-3.8868063463099,0.000101571719938722,0.00175926059881259,"CD4",1,1,1
"ENSG00000041515",4.67132280057818,1.50896270107346,0.429399227453463,3.51412532812953,0.000441204595807584,0.00596313326251742,"MYO16",2,3,3
"ENSG00000041982",162.990629391743,-1.87374474600262,0.264233444489195,-7.09124747484128,1.32908424789654e-12,1.49083470500449e-10,"TNC",1,1,1
"ENSG00000043355",303.011812514953,-2.02915629967254,0.22039732377238,-9.20681006892893,3.35960433598458e-20,1.6786822998803e-17,"ZIC2",1,1,5
"ENSG00000044524",16.5331547189429,1.38024375928557,0.254007886273773,5.43386183607672,5.51472873355916e-08,2.56871079343664e-06,"EPHA3",2,2,2
"ENSG00000049323",1051.57781406139,-1.25471847169582,0.14405652184582,-8.70990397115594,3.04132335546356e-18,9.4619586430639e-16,"LTBP1",1,1,5
"ENSG00000058404",7.50465222519098,1.04599486922165,0.329692235676996,3.1726402870052,0.00151059558661307,0.0155871155367102,"CAMK2B",2,3,3
"ENSG00000064270",51.7436344101726,1.1546962945758,0.151745707402313,7.6094165320567,2.75336057290815e-14,3.94784021623326e-12,"ATP2C2",2,2,2
"ENSG00000064309",17.704216915058,-1.39127029733574,0.250730720174959,-5.5488625261592,2.87534152297768e-08,1.41950617881374e-06,"CDON",1,1,5
"ENSG00000064655",22.3164160681864,1.27172821613104,0.404784113836075,3.14174438339261,0.00167944587399088,0.0169681537107376,"EYA2",2,3,3
"ENSG00000065320",68.6822339178987,1.4072274036855,0.406276949313803,3.46371460665512,0.000532771427575414,0.0069555566661053,"NTN1",2,3,3
"ENSG00000065717",15.0485600279127,1.3046947581861,0.228656738045407,5.70590995629009,1.15723166765404e-08,6.25625998949097e-07,"TLE2",2,2,2
"ENSG00000068078",206.755887031427,1.08380066210204,0.0902076105422674,12.0145146910217,2.98114664345856e-33,7.02230385771259e-30,"FGFR3",2,2,2
"ENSG00000068615",8.63592811615916,1.58434410646511,0.510513509715432,3.10343228203353,0.00191290006277035,0.0187637175104225,"REEP1",2,2,2
"ENSG00000072133",147.912852033964,1.0839950978212,0.113425035292948,9.55692978204961,1.21301813901926e-21,6.66715203142955e-19,"RPS6KA6",2,2,2
"ENSG00000074047",117.889512488091,-1.08623429169945,0.125090419765198,-8.68359298608461,3.83459171048313e-18,1.17089967989179e-15,"GLI2",1,1,5
"ENSG00000074416",13.7027860229123,1.3242847347767,0.230157073857177,5.75383025419622,8.72437608806187e-09,4.8600080174342e-07,"MGLL",2,3,3
"ENSG00000075223",23.8508657486177,1.43657708548014,0.361765577517721,3.97101652218354,7.15666152841161e-05,0.00129962766455924,"SEMA3C",2,2,2
"ENSG00000077274",373.147734553519,1.17385182829926,0.15364593300411,7.63997982470424,2.1725578104086e-14,3.22732484106553e-12,"CAPN6",2,2,2
"ENSG00000077279",79.3148792362857,1.22629319675954,0.294968099351437,4.15737566013362,3.21924387166397e-05,0.000657770907061552,"DCX",2,2,2
"ENSG00000079102",9.40820325677151,2.1294394950467,0.373172339733519,5.70631654148677,1.15447212870563e-08,6.25625998949097e-07,"RUNX1T1",2,2,2
"ENSG00000079112",5.30442134876766,-1.40300574085764,0.472183814925241,-2.97131264670683,0.0029652973827179,0.0263868259814546,"CDH17",1,1,1
"ENSG00000080166",5.44516086737303,-1.64682922552964,0.458466488454528,-3.5920383866682,0.000328101504417025,0.00467594270210226,"DCT",1,1,1
"ENSG00000082397",11.96514921914,1.13815643896856,0.242999107188076,4.68378856259606,2.81620514482668e-06,8.08996631237753e-05,"EPB41L3",2,3,3
"ENSG00000082497",29.3295393769239,-2.077284297439,0.243262878574801,-8.53925724142187,1.35087341939203e-17,3.71242530205919e-15,"SERTAD4",1,1,5
"ENSG00000085276",5.51370587862081,-1.98229759244397,0.517446155001045,-3.83092534998152,0.000127662236362453,0.00212843540483366,"MECOM",1,4,4
"ENSG00000087495",6.0749538767013,1.38248680864013,0.353162428239581,3.91459197834677,9.05572128417717e-05,0.00158850838568933,"PHACTR3",2,2,2
"ENSG00000096696",129.360105199194,-1.03358419297809,0.117097752798626,-8.82667829463434,1.07830390595105e-18,3.78301129898444e-16,"DSP",1,1,5
"ENSG00000099139",164.857233131135,-1.16053498645496,0.130276469342188,-8.9082471478918,5.18457200603177e-19,1.9429183592604e-16,"PCSK5",1,1,5
"ENSG00000100427",12.5591087086267,1.0921161949995,0.268302950932026,4.07045912542416,4.69205734736338e-05,0.000902769353566801,"MLC1",2,2,2
"ENSG00000100433",20.5816651622533,-1.21347241321401,0.238030232648042,-5.09797599957937,3.43304331807683e-07,1.26355918017341e-05,"KCNK10",1,1,5
"ENSG00000100505",44.3389942703035,1.32712894120973,0.255587689148553,5.19246034748713,2.07533080458752e-07,8.16709537872162e-06,"TRIM9",2,2,2
"ENSG00000100599",6.89335639818297,1.07286650770343,0.332739711360998,3.22434164324753,0.00126262667084956,0.0136163840259244,"RIN3",2,3,3
"ENSG00000100867",11.4387878801994,-1.13927486580593,0.316402172814442,-3.60071757937667,0.00031734013729331,0.00455406573005169,"DHRS2",1,1,1
"ENSG00000101463",16.6950802519876,1.30610118938257,0.222805944740831,5.86205718569059,4.57167513112274e-09,2.69222682989581e-07,"SYNDIG1",2,2,2
"ENSG00000101665",10.9539814502354,1.17720996622113,0.25669971617592,4.58594183023706,4.51944429500749e-06,0.00012176653101369,"SMAD7",2,2,2
"ENSG00000102034",7.03616503738364,1.14790942196685,0.332048528218273,3.45705318474494,0.000546117055379904,0.00708491276645101,"ELF4",2,2,6
"ENSG00000104689",6.46643856990042,-1.30476960834504,0.415925636146613,-3.13702617716285,0.00170670888465812,0.0171492521627835,"TNFRSF10A",1,1,1
"ENSG00000105251",3.00209006433667,1.71067600978946,0.50489619534223,3.3881736990114,0.00070359690957198,0.00870338292718108,"SHD",2,2,6
"ENSG00000105784",5.94540939629879,-1.15562044621105,0.419873293783465,-2.75230757307232,0.00591769126722386,0.0449870038290706,"RUNDC3B",1,1,1
"ENSG00000105825",161.799081747764,-1.3260103883844,0.131702687156978,-10.0682105810333,7.63545852505119e-24,5.47395980954648e-21,"TFPI2",1,1,5
"ENSG00000105976",19.0266013163424,1.18254694675731,0.27922077668734,4.23516817332499,2.28380720925068e-05,0.000494195499650058,"MET",2,2,2
"ENSG00000106078",26.2070360007801,1.24021409414177,0.200608537514453,6.18225978569044,6.31904227850916e-10,4.34144533876406e-08,"COBL",2,2,2
"ENSG00000106125",4.89924973275514,1.45145314372498,0.425309279823559,3.41270038670945,0.000643226176154299,0.0080655181890557,"MINDY4",2,2,2
"ENSG00000106571",248.851023011253,-1.35733530242589,0.12862648821005,-10.5525333180933,4.94456202933671e-26,4.79593431186665e-23,"GLI3",1,1,5
"ENSG00000106689",222.55396283164,-1.54919658160762,0.129852317908148,-11.9304499647319,8.21283570344744e-33,1.69276809892681e-29,"LHX2",1,1,5
"ENSG00000107242",16.2861893628631,-1.22776771032503,0.262499111014928,-4.67722616498769,2.90781493579632e-06,8.30969852276353e-05,"PIP5K1B",1,4,4
"ENSG00000107831",81.0754033092831,-1.50054791583358,0.233196445753698,-6.43469462402725,1.2372181669847e-10,9.71451921686228e-09,"FGF8",1,1,5
"ENSG00000108018",69.9212067137193,-1.22968134014652,0.154296569757278,-7.96959609718422,1.59193799710168e-15,3.01717995795514e-13,"SORCS1",1,1,5
"ENSG00000108231",7.43707960962955,-3.44642537859539,0.794363045102998,-4.33860235548662,1.43391699330766e-05,0.000331610901860448,"LGI1",1,4,4
"ENSG00000108950",6.51107858858049,1.45573803429823,0.349746415809952,4.16226719844147,3.15103326733251e-05,0.000649467344313072,"FAM20A",2,5,7
"ENSG00000109107",8.01243811017039,-1.10282778195979,0.376221974407039,-2.93132208371919,0.00337522639808479,0.0290773814409719,"ALDOC",1,1,1
"ENSG00000109255",36.4269779744956,-1.11032369549634,0.18004730570191,-6.16684426999766,6.96663066319348e-10,4.70790053300808e-08,"NMU",1,1,5
"ENSG00000109991",6.37886449537582,1.05808100549865,0.33661145563051,3.14333035254771,0.00167037208454581,0.0168870418774224,"P2RX3",2,2,2
"ENSG00000111087",13.3524788260866,3.61994801837489,0.398813765383643,9.07678804640216,1.11826089457469e-19,5.12194552517834e-17,"GLI1",2,2,2
"ENSG00000111186",191.537112448436,-1.63664865045404,0.113624781977026,-14.4039761571112,4.8850329665276e-47,4.02746542925368e-43,"WNT5B",1,1,5
"ENSG00000111344",5.79474177724513,-1.33859372586086,0.451448898801198,-2.9651057504303,0.00302578898298875,0.0267518683863279,"RASAL1",1,1,1
"ENSG00000111783",40.6375533621641,1.54412451844259,0.274091341917143,5.63361289576731,1.76472899923064e-08,9.15050832336921e-07,"RFX4",2,2,2
"ENSG00000111834",8.18615931606928,1.25197971895456,0.309566820933854,4.04429555847678,5.24806802453993e-05,0.000991241622641912,"RSPH4A",2,2,2
"ENSG00000112164",9.94245854156692,1.02494464012453,0.270643551309476,3.7870647025043,0.000152437415828612,0.00248128385942544,"GLP1R",2,2,2
"ENSG00000112319",16.1532936560944,-1.85526971710346,0.356721760307547,-5.20088742414801,1.98339216049639e-07,7.89955394551328e-06,"EYA4",1,4,4
"ENSG00000112562",4.4607100304617,1.42299875039201,0.414051468456606,3.43676779047855,0.000588700078656876,0.00751307004869491,"SMOC2",2,2,2
"ENSG00000113448",23.34258499989,-1.09199433173633,0.210246651292795,-5.19387264920378,2.0596405763493e-07,8.14422385213994e-06,"PDE4D",1,1,5
"ENSG00000114654",13.0549153403658,1.23169528546371,0.290210261363622,4.2441479487193,2.19425553927155e-05,0.000475441256071599,"EFCC1",2,2,6
"ENSG00000115738",91.5627844271804,-1.29718980942926,0.16930789788513,-7.6617206027173,1.83458415332299e-14,2.77527138570117e-12,"ID2",1,1,5
"ENSG00000115896",29.3804459214594,1.34994522602091,0.243258248396908,5.54943248550526,2.86598400080371e-08,1.41913544111869e-06,"PLCL1",2,3,3
"ENSG00000116035",3.75685249871025,-4.07496753405013,0.958712663813297,-4.25045760618398,2.13334213054227e-05,0.000467641180837673,"VAX2",1,4,4
"ENSG00000116039",5.90492980081375,-2.54534504521643,0.595006861423314,-4.27784150106726,1.88714310172939e-05,0.000421640956699403,"ATP6V1B1",1,1,5
"ENSG00000116729",165.073346064218,1.12771556424183,0.223951801396067,5.03552798955801,4.76533488348635e-07,1.67896595926937e-05,"WLS",2,3,3
"ENSG00000118137",9.68954905188123,1.53590281966484,0.303118697411,5.06700125324935,4.04131623323382e-07,1.46134349495159e-05,"APOA1",2,5,7
"ENSG00000118257",36.0030800912502,-1.06514572340333,0.204773101014005,-5.2015900434622,1.97590699894296e-07,7.88879673258366e-06,"NRP2",1,4,4
"ENSG00000118271",12.2867396620575,3.01733892410385,0.768284806814018,3.92737028943261,8.58797095653536e-05,0.00151892435483436,"TTR",2,2,2
"ENSG00000118407",25.2512854703261,-1.60101263556324,0.230457521264622,-6.94710516184403,3.72857770705919e-12,3.84253236323119e-10,"FILIP1",1,1,5
"ENSG00000118495",107.046841125223,1.82026717707792,0.144930169801391,12.5596152931607,3.52040268532801e-36,1.16095839756747e-32,"PLAGL1",2,2,2
"ENSG00000119138",8.4535517806836,-1.92397455315513,0.429631511431855,-4.47819701758607,7.52761132267323e-06,0.000191252362248935,"KLF9",1,1,5
"ENSG00000120262",9.76760649501864,1.25255054294169,0.302054877368914,4.14676483244429,3.37206094236775e-05,0.000680561969139558,"CCDC170",2,2,2
"ENSG00000120675",41.6410091894144,-1.17810890227097,0.173630049685356,-6.78516710906828,1.15952217982955e-11,1.11159076879125e-09,"DNAJC15",1,1,5
"ENSG00000120875",300.680256356064,-1.09437612911941,0.10788623252922,-10.1437978087057,3.53099060496461e-24,2.64647745842097e-21,"DUSP4",1,1,5
"ENSG00000121281",3.48871791309086,1.32791387046949,0.46418452404024,2.86074567698077,0.00422645946011119,0.034740822551233,"ADCY7",2,5,7
"ENSG00000121440",50.9908510786985,1.14128942279612,0.149035170553564,7.65785296555843,1.89067164780055e-14,2.83411680005303e-12,"PDZRN3",2,2,2
"ENSG00000121966",50.6881227537926,1.07912695442383,0.132930527102145,8.11797694591715,4.74018811157075e-16,9.89379262932787e-14,"CXCR4",2,5,7
"ENSG00000122641",4.36089412974849,3.21500300217563,0.508501919019089,6.32249925108923,2.5736627181454e-10,1.92896020724998e-08,"INHBA",2,3,3
"ENSG00000122644",203.782962535341,1.03561126271006,0.157694101783972,6.5672162179456,5.12645835379748e-11,4.33488060491111e-09,"ARL4A",2,3,3
"ENSG00000122691",6.08543387401797,1.4292699332904,0.414583459797534,3.44748421461002,0.000565833471203964,0.00728908445834544,"TWIST1",2,3,3
"ENSG00000123095",7.53912276310576,-1.40515630905931,0.40493025320633,-3.47011935495796,0.000520227135812829,0.00682420464790592,"BHLHE41",1,1,1
"ENSG00000123243",4.7505100664585,1.40022618518979,0.478005395993141,2.92931041558761,0.00339714976034697,0.0292112996988533,"ITIH5",2,2,6
"ENSG00000123572",6.32316044980572,1.36508175093366,0.372048207936066,3.6690991162313,0.000243406702495033,0.00367539662769286,"NRK",2,3,3
"ENSG00000124762",181.005576230264,-1.30200842109108,0.182333154971435,-7.14082099492579,9.27751061168345e-13,1.05501291362792e-10,"CDKN1A",1,1,1
"ENSG00000124920",73.4345286705291,1.04255385814124,0.125350888438022,8.31708391645517,9.01539235557432e-17,2.00884871014953e-14,"MYRF",2,2,2
"ENSG00000125148",48.2506964439302,-1.0138116109502,0.164324374805717,-6.16957534236076,6.84736430174595e-10,4.64634526631642e-08,"MT2A",1,1,5
"ENSG00000125378",239.828686887905,1.19204076604403,0.29951998180366,3.97983720106338,6.89624781402415e-05,0.00126206692791836,"BMP4",2,3,3
"ENSG00000125430",27.5712328289067,-1.53289676410066,0.213444193876702,-7.18172153694726,6.88390233522231e-13,8.1077618289629e-11,"HS3ST3B1",1,1,5
"ENSG00000125618",11.6032798379737,-1.17040362665635,0.31716540150182,-3.69019956500405,0.000224078192397287,0.00342430520337245,"PAX8",1,1,1
"ENSG00000125740",18.7212506812345,-1.9187637227436,0.333269538603682,-5.75739304222868,8.54228589200026e-09,4.77470346010821e-07,"FOSB",1,4,4
"ENSG00000125798",542.868812470212,2.29824094915298,0.193088563714097,11.9025223708016,1.1482323376617e-32,2.10368922396708e-29,"FOXA2",2,2,2
"ENSG00000125820",87.1724254554172,2.90596692118599,0.213039305592847,13.6405200584899,2.29915096388819e-42,9.47767506088809e-39,"NKX2-2",2,2,2
"ENSG00000125869",34.9019814406398,-1.47502743878548,0.219946805740962,-6.70629170456178,1.99632464610466e-11,1.77931876160106e-09,"LAMP5",1,1,5
"ENSG00000125968",14.889440294333,-1.12036606022403,0.268744985872162,-4.16888172476258,3.06097770740304e-05,0.00063476414245376,"ID1",1,1,5
"ENSG00000127084",10.3183096222838,1.07361718359712,0.293479523974852,3.658235399377,0.0002539577445983,0.00379991765034607,"FGD3",2,2,6
"ENSG00000127920",78.3338516115117,-1.44491686530091,0.13350666554179,-10.8228069320526,2.68428187671349e-27,3.40470183577914e-24,"GNG11",1,1,5
"ENSG00000128422",56.8095783083816,-1.40637071312102,0.183439254756651,-7.66668352957878,1.76500547252269e-14,2.72394616329503e-12,"KRT17",1,1,5
"ENSG00000128564",103.974983328226,-1.39097077413681,0.235690237159625,-5.90169024775833,3.59796206950936e-09,2.18113222662279e-07,"VGF",1,1,5
"ENSG00000128610",58.7122183282875,-3.04162273045521,0.328711906464574,-9.2531565502724,2.17958863435761e-20,1.12310115599758e-17,"FEZF1",1,1,5
"ENSG00000129167",4.73878140649058,1.21692827738804,0.392768144976902,3.09833751273185,0.00194609654977079,0.0190101812850537,"TPH1",2,2,2
"ENSG00000129514",120.985347313462,1.20340189190797,0.305550064619788,3.93847696745024,8.20004639499001e-05,0.00146015728949234,"FOXA1",2,3,3
"ENSG00000130066",870.747323663888,-1.12967426229797,0.19073446937754,-5.9227588279384,3.16584967286789e-09,1.94058346676278e-07,"SAT1",1,1,5
"ENSG00000130222",24.8753561530786,1.36740147308609,0.384079737146531,3.56020206440729,0.000370569536800176,0.00518702978972674,"GADD45G",2,2,2
"ENSG00000130707",19.4085998868272,-1.40572949874693,0.271125882161929,-5.18478533859546,2.16263808618747e-07,8.45550301129242e-06,"ASS1",1,1,1
"ENSG00000131981",28.07565214418,-1.20952990393584,0.207520425287859,-5.82848605026741,5.59324714002533e-09,3.24743141168584e-07,"LGALS3",1,1,5
"ENSG00000132437",37.0511829418236,2.94022514944809,0.35322734699474,8.3238887771956,8.51234841784286e-17,1.92274127481933e-14,"DDC",2,2,2
"ENSG00000133124",42.6138540812398,-1.14661519955532,0.160337056792069,-7.15128007521236,8.59723743389913e-13,9.91327608724215e-11,"IRS4",1,1,5
"ENSG00000133980",29.7484875591295,-1.08422659685995,0.2133464268267,-5.08200026120266,3.734808990484e-07,1.36246162486926e-05,"VRTN",1,1,1
"ENSG00000134115",151.96076879053,1.30514683177744,0.252649379519989,5.16584222077687,2.3935864392975e-07,9.24305545610689e-06,"CNTN6",2,2,2
"ENSG00000134369",248.450484003551,-1.35853120641543,0.115153545421049,-11.7975629968498,4.01779078210665e-32,6.62493522061566e-29,"NAV1",1,1,5
"ENSG00000134533",4.26569699721557,2.23853370051755,0.45803945460181,4.88720715656162,1.02276461878439e-06,3.28740074057229e-05,"RERG",2,2,2
"ENSG00000135046",40.8375453524073,-1.02186147161369,0.216265363157766,-4.72503528393605,2.30075404815628e-06,6.75037962634322e-05,"ANXA1",1,4,4
"ENSG00000135363",15.9246329739326,-1.16341309888551,0.29279018730437,-3.97353855877717,7.08126883642473e-05,0.00128735437534517,"LMO2",1,1,1
"ENSG00000135842",31.7809518683406,1.39533184758699,0.404725404708055,3.44760133995912,0.000565588183198383,0.00728908445834544,"NIBAN1",2,3,3
"ENSG00000136327",4.67622933485131,5.42580465392082,0.732744893300207,7.40476624747743,1.3138168364946e-13,1.70578943440625e-11,"NKX2-8",2,2,2
"ENSG00000136352",304.499710109779,2.6687762984185,0.376201230617443,7.09401267518012,1.30278190893988e-12,1.47134047236368e-10,"NKX2-1",2,2,2
"ENSG00000136750",4.14959681231181,-2.19045679314718,0.641545870900733,-3.41434165895538,0.000639363447124988,0.00802929465319416,"GAD2",1,1,5
"ENSG00000137261",4.23182505823633,1.60376239965437,0.456345760111263,3.51435805881785,0.000440818185973384,0.00596279825144802,"KIAA0319",2,3,3
"ENSG00000137393",11.572337908775,1.15602291493196,0.311146763435824,3.71536217239294,0.000202912846948267,0.00314457700500937,"RNF144B",2,2,2
"ENSG00000138166",12.3009693855181,-1.05867879461858,0.300440018032759,-3.52376092090084,0.000425467960912667,0.00579796794007352,"DUSP5",1,1,1
"ENSG00000138316",5.77592737984002,1.87892771794667,0.408357639457009,4.60118174952003,4.20100654386443e-06,0.000115258563896473,"ADAMTS14",2,2,2
"ENSG00000138400",7.39066909690613,1.13631989081089,0.326271018626154,3.48274846964849,0.000496294427787857,0.00656246898139051,"MDH1B",2,2,2
"ENSG00000138449",7.15392292194422,1.13181129860772,0.360535367597954,3.13925179143547,0.00169379838941703,0.0170402938640008,"SLC40A1",2,3,3
"ENSG00000138650",10.7856701898125,-1.26365836828927,0.308983476349736,-4.08972797904229,4.31879390283303e-05,0.000841756414465884,"PCDH10",1,4,4
"ENSG00000138722",11.1422267070298,1.96682511552652,0.512742329541969,3.83589378564371,0.000125108471748824,0.00209059630576653,"MMRN1",2,3,3
"ENSG00000138772",23.0278284258048,-1.12645556429329,0.234484318678493,-4.80396970953864,1.55550371529659e-06,4.7585715698563e-05,"ANXA3",1,1,5
"ENSG00000138798",48.2398495774584,-1.34838136401315,0.215937133556648,-6.24432371498263,4.25637666404065e-10,3.02514632816234e-08,"EGF",1,1,1
"ENSG00000138823",5.97432507624161,2.18552068112052,0.44899155031927,4.86762095982973,1.1294969965363e-06,3.59138263494269e-05,"MTTP",2,2,2
"ENSG00000139174",45.634590235196,-1.27798588957065,0.189327728524108,-6.75012529613649,1.47717534327678e-11,1.36073431482071e-09,"PRICKLE1",1,1,5
"ENSG00000139209",90.3748391225007,1.02910128868978,0.147624533730496,6.97107223768449,3.14534402745746e-12,3.28250491574342e-10,"SLC38A4",2,2,2
"ENSG00000139292",5.86245001933114,-1.38007578790543,0.474197581384746,-2.91033915414614,0.00361036745083956,0.0305916489706544,"LGR5",1,4,4
"ENSG00000139352",17.4977168843578,1.72482823724664,0.431264279365851,3.99946928083843,6.34846870767348e-05,0.00117882770856788,"ASCL1",2,2,2
"ENSG00000139364",141.458000971814,-1.44457690353678,0.191332723657755,-7.55007756080843,4.34999110784733e-14,5.97725028144122e-12,"TMEM132B",1,1,5
"ENSG00000139679",4.94455803072139,-1.63422987464336,0.492534281866434,-3.31800228899912,0.000906637414696459,0.0105130410203445,"LPAR6",1,4,4
"ENSG00000139800",58.0538193328863,-2.00084133794613,0.24684813641404,-8.10555577616394,5.25049494549066e-16,1.08219263945244e-13,"ZIC5",1,1,5
"ENSG00000139865",27.5016318535858,1.59451727526194,0.406020323789512,3.9271858619781,8.59455651076753e-05,0.00151892435483436,"TTC6",2,3,3
"ENSG00000140092",7.69076328106777,1.154142124492,0.32478075768746,3.55360376861564,0.0003799912532601,0.00529195589105219,"FBLN5",2,2,2
"ENSG00000140937",162.245116201015,-1.01975152659549,0.1114198577385,-9.1523319746901,5.57175624722901e-20,2.70213790472233e-17,"CDH11",1,1,5
"ENSG00000141052",3.68863063293953,4.15134117462673,0.64179695421911,6.46830924848773,9.91055180998615e-11,8.01054356837557e-09,"MYOCD",2,2,2
"ENSG00000142303",5.64484154338323,1.01743706258619,0.371098013118529,2.74169364054562,0.00611233210706246,0.0459372124491125,"ADAMTS10",2,2,6
"ENSG00000142611",151.927784012079,-1.00638114071935,0.117931505115828,-8.53360719623578,1.41853894671366e-17,3.77262720844542e-15,"PRDM16",1,1,5
"ENSG00000142700",4.19532913370338,-2.3909293075323,0.818998200649539,-2.91933401762798,0.00350780142701279,0.0298761041993873,"DMRTA2",1,4,4
"ENSG00000143333",80.678863133632,-1.16158519868659,0.148308742419784,-7.83220988685042,4.79368394073537e-15,8.14876850502944e-13,"RGS16",1,1,1
"ENSG00000144331",35.3470269107698,-1.69973132620154,0.201680680224616,-8.42783415996273,3.52121610236921e-17,8.59208165350885e-15,"ZNF385B",1,1,5
"ENSG00000144476",38.287820666339,1.65984731817132,0.271460110811881,6.11451646876241,9.68501684543874e-10,6.33715249065236e-08,"ACKR3",2,2,2
"ENSG00000145147",392.394523547704,1.43692932877391,0.280330838854187,5.1258339419493,2.96223611065814e-07,1.11981904072093e-05,"SLIT2",2,3,3
"ENSG00000145244",7.48020089271848,1.90708380903325,0.530879094421926,3.59231288078856,0.000327755991194487,0.00467505928962448,"CORIN",2,3,3
"ENSG00000145358",6.86656974499924,-1.78048288120848,0.446815630899724,-3.98482675644815,6.75293749591602e-05,0.00123996866781914,"DDIT4L",1,4,4
"ENSG00000145536",6.35785466832018,1.04675491526455,0.349893080474282,2.99164222923662,0.0027748124664164,0.0251085846224896,"ADAMTS16",2,3,3
"ENSG00000145632",105.444824559812,-1.16583308379074,0.136566332082029,-8.53675328330912,1.38045878416456e-17,3.73153850689991e-15,"PLK2",1,1,5
"ENSG00000145824",15.4934382396007,-1.89935480448531,0.3057859312046,-6.21138715245359,5.25189005519274e-10,3.66942436949462e-08,"CXCL14",1,1,5
"ENSG00000146005",13.9716731770063,-1.28476104174923,0.291832686638275,-4.40238911051689,1.07065315163001e-05,0.000258099412532561,"PSD2",1,1,5
"ENSG00000146242",493.052918537364,-1.16887943031509,0.109210139249605,-10.7030303078687,9.8503176279406e-27,1.01513679604445e-23,"TPBG",1,1,5
"ENSG00000146592",345.543946675443,-1.32677946168821,0.156261895966056,-8.4907421190923,2.05321719384118e-17,5.28992161081989e-15,"CREB5",1,1,5
"ENSG00000146674",2850.36225791297,-1.02030538217484,0.240390422261748,-4.244367860313,2.19210494995271e-05,0.000475441256071599,"IGFBP3",1,1,5
"ENSG00000147145",44.5345407943994,-1.35360603902681,0.252401652338782,-5.36290482445002,8.18941618625448e-08,3.59136392274335e-06,"LPAR4",1,4,4
"ENSG00000148053",60.6648309161556,2.54233157091545,0.281761844686209,9.02298028942412,1.83040513153034e-19,7.71492997367881e-17,"NTRK2",2,2,2
"ENSG00000149090",82.3401132212488,-1.34690919116848,0.232643258572065,-5.78959046325106,7.05582476259344e-09,4.01184463828977e-07,"PAMR1",1,1,1
"ENSG00000149571",9.57579834331701,-1.55234666442268,0.385801686047089,-4.023690721334,5.7293146180254e-05,0.00107597572592962,"KIRREL3",1,1,5
"ENSG00000150873",6.84667778229244,1.04180667884003,0.372302464352473,2.79828037306169,0.00513754953961035,0.040211034109087,"C2orf50",2,2,2
"ENSG00000151789",45.2794686092881,1.051413473974,0.317985168673198,3.30648589165669,0.000944741078677908,0.0108632047742817,"ZNF385D",2,3,3
"ENSG00000152931",3.06965741455434,-1.66402120739237,0.60425179523919,-2.75385397362977,0.00588980406954367,0.0448058271013211,"PART1",1,4,4
"ENSG00000152977",8.98192147331358,-1.29721721547059,0.387395517518886,-3.34856020993416,0.000812326281027432,0.00966410393063588,"ZIC1",1,4,4
"ENSG00000154080",13.663961734029,1.05565584559155,0.290312830431518,3.63627003333762,0.000276614362272096,0.00406514636319482,"CHST9",2,2,6
"ENSG00000154645",6.69847247465316,-1.11964308235572,0.392862161241446,-2.8499641676298,0.00437241547001733,0.0355857644052891,"CHODL",1,1,1
"ENSG00000155511",30.9644129079072,-1.8850927419781,0.208456244715717,-9.04310995599537,1.52276572568067e-19,6.7861848785807e-17,"GRIA1",1,1,5
"ENSG00000155792",4.5376545237349,1.51213431578204,0.398964772071583,3.79014494921554,0.000150559400323488,0.00246043008120316,"DEPTOR",2,2,2
"ENSG00000156395",3.33494095020887,1.91196399320047,0.513769052115823,3.72144640734305,0.000198084908907063,0.00308425123981922,"SORCS3",2,2,2
"ENSG00000156687",13.0493079159733,-1.80093663807695,0.320113088388906,-5.62593878038809,1.84501776775096e-08,9.47741369858116e-07,"UNC5D",1,1,5
"ENSG00000156925",21.6986482383825,-1.45783194063909,0.277146198164498,-5.26015493012035,1.4393407503647e-07,5.99325495776855e-06,"ZIC3",1,1,5
"ENSG00000156966",4.74324154979896,1.15015438084555,0.400270411553644,2.87344342136417,0.00406023796209858,0.0336936405420451,"B3GNT7",2,5,7
"ENSG00000157111",5.02045809737434,1.32494866994627,0.432426244707963,3.06398764219565,0.00218407931839434,0.0209867621684175,"TMEM171",2,5,7
"ENSG00000157423",11.8855123590423,1.65572752422181,0.317149567447423,5.22065200198104,1.78294297869397e-07,7.22332844611422e-06,"HYDIN",2,2,2
"ENSG00000158270",35.017020591115,1.48055061329589,0.211346129555315,7.00533582711477,2.4639410295817e-12,2.62115636366275e-10,"COLEC12",2,2,2
"ENSG00000158747",35.8959189404214,-1.27380229668241,0.216094725794501,-5.89464778466527,3.75481418400179e-09,2.25960332408779e-07,"NBL1",1,1,5
"ENSG00000158887",15.9366447311345,1.34498505690867,0.278847488688746,4.82337159726034,1.41151647107066e-06,4.39204937587552e-05,"MPZ",2,2,2
"ENSG00000160180",10.4838135179319,1.60771066872647,0.325965084792426,4.93215606128569,8.13268974136391e-07,2.69818754819617e-05,"TFF3",2,3,3
"ENSG00000162374",39.8803866779979,1.33183884153783,0.352817804078215,3.77486290698238,0.000160095684012076,0.00257717155062627,"ELAVL4",2,2,2
"ENSG00000162496",13.131757787105,1.06781842542823,0.252751344065805,4.22477842551143,2.3917598442672e-05,0.00051552204946223,"DHRS3",2,2,2
"ENSG00000162543",8.0356925335915,1.25103495251985,0.308757821274446,4.05183242761594,5.08180577693862e-05,0.000962042427737553,"UBXN10",2,2,6
"ENSG00000162631",14.6388076870347,1.11956191408078,0.39459874938595,2.837216072841,0.00455088026484046,0.0367300365574912,"NTNG1",2,3,3
"ENSG00000162998",637.522669324359,1.06762178057948,0.12433960003332,8.58633758105531,8.97855946281122e-18,2.59732398214551e-15,"FRZB",2,2,2
"ENSG00000163618",12.8765618436782,1.4248035571991,0.309078334699078,4.60984610450392,4.02967155524851e-06,0.000111672696259652,"CADPS",2,2,2
"ENSG00000163638",70.8690207581852,-1.45873305985604,0.174348829842472,-8.36674992986211,5.92292130628161e-17,1.39518642027539e-14,"ADAMTS9",1,4,4
"ENSG00000163710",23.3243951768102,-1.53301321017383,0.260437031959282,-5.8863104015619,3.94912314976668e-09,2.35079753128169e-07,"PCOLCE2",1,1,5
"ENSG00000163873",28.4023836199951,2.75349593267701,0.315435694123354,8.72918310760428,2.56518629852027e-18,8.45947137526015e-16,"GRIK3",2,2,2
"ENSG00000164056",180.448890189175,-1.50740763928398,0.21628240101587,-6.96962689614937,3.17782625233455e-12,3.29554572797135e-10,"SPRY1",1,1,5
"ENSG00000164120",4.51323079453677,1.45456607880346,0.424909408802789,3.42323810362732,0.000618798484820598,0.00781268622986741,"HPGD",2,5,7
"ENSG00000164142",17.2496783188685,-1.15212463054969,0.273831048851603,-4.20742876084173,2.58292790217672e-05,0.00054742799715928,"FHIP1A",1,1,1
"ENSG00000164161",14.4081456209589,2.62691484037433,0.417335245635947,6.29449553528929,3.08401153365866e-10,2.26010071904434e-08,"HHIP",2,2,2
"ENSG00000164651",38.7906738714652,-2.06762208294112,0.218418126210775,-9.46634841535928,2.89797546389212e-21,1.54144249755217e-18,"SP8",1,1,5
"ENSG00000164690",292.385088583986,2.66409803529561,0.39023879767825,6.82684051700096,8.6805102446187e-12,8.41958431903046e-10,"SHH",2,2,2
"ENSG00000164946",17.8786872290818,1.26219493110754,0.218939690492683,5.76503478317342,8.16410017634326e-09,4.57883836080694e-07,"FREM1",2,2,2
"ENSG00000164951",87.1932089804139,-1.32952801925719,0.133440323322374,-9.96346521167539,2.20249275785341e-23,1.51320429517687e-20,"PDP1",1,1,5
"ENSG00000164976",5.4426396913244,1.61152924446998,0.395576261104575,4.07387753746919,4.62368008358107e-05,0.000895885556970249,"MYORG",2,2,6
"ENSG00000165105",8.41432456629601,1.15095693278158,0.343784398784857,3.3479033279281,0.000814254092194528,0.00968005459711289,"RASEF",2,3,3
"ENSG00000165309",11.6479311271829,1.21580689911765,0.313143118269244,3.88259178690393,0.0001033489855184,0.00178816518595268,"ARMC3",2,2,2
"ENSG00000165409",4.82572669599978,1.83216203596999,0.462370864494303,3.96253781685366,7.41572561190785e-05,0.00133637048759288,"TSHR",2,2,2
"ENSG00000165443",9.03834025407867,-1.25513931825203,0.372228322732698,-3.37196081436651,0.000746350665267219,0.00907564610589319,"PHYHIPL",1,1,5
"ENSG00000165588",538.279709834641,-1.16675872280062,0.0853117461891139,-13.6764135646012,1.40451094631161e-42,7.71966033124404e-39,"OTX2",1,1,5
"ENSG00000165966",3.17233830187698,2.70794529148551,0.65967833043017,4.10494807328245,4.04405709156338e-05,0.000794869036180925,"PDZRN4",2,2,6
"ENSG00000166145",16.5219299553824,-1.08058196758252,0.26863435429481,-4.02250103274819,5.75834016493747e-05,0.00107896898840516,"SPINT1",1,1,1
"ENSG00000166407",18.7536475933057,-1.50162818245465,0.25666200395429,-5.85060569667366,4.89786094565883e-09,2.8740508588245e-07,"LMO1",1,4,4
"ENSG00000166573",6.46858364278124,1.80094328712617,0.352967822770947,5.10228743512085,3.35572562454198e-07,1.24047480996203e-05,"GALR1",2,3,3
"ENSG00000167434",14.4966616307885,-1.48765250598546,0.310129754824166,-4.79687125419136,1.61163112549785e-06,4.90298627829041e-05,"CA4",1,1,1
"ENSG00000167646",4.99022386213475,1.03196263664124,0.362367594157677,2.84783367298623,0.00440179231924506,0.0356839496322674,"DNAAF3",2,2,2
"ENSG00000168811",3.91819810324459,-1.84102884252454,0.599561323210742,-3.07062642510954,0.00213610231507596,0.020621891729091,"IL12A",1,1,1
"ENSG00000168918",17.6639568411199,-1.02250720828527,0.303542782026539,-3.36857691511792,0.000755573121702485,0.0091473165960002,"INPP5D",1,1,1
"ENSG00000169129",9.50012060160522,-1.05701299012929,0.330178105695316,-3.20134185730865,0.00136789138253067,0.0144584365426591,"AFAP1L2",1,1,1
"ENSG00000169245",63.3158899463536,1.07683426780706,0.250421322577037,4.30009017093902,1.70728627793522e-05,0.000384057891362535,"CXCL10",2,3,3
"ENSG00000170006",5.98325875507712,1.23637525921092,0.356827805209125,3.46490727785724,0.00053041432079781,0.0069302707889343,"TMEM154",2,2,6
"ENSG00000170345",121.055860502805,-1.03691845174173,0.15384264738532,-6.74012355718647,1.58251999131097e-11,1.44166696887992e-09,"FOS",1,1,5
"ENSG00000170370",3.8708533534526,-2.89270178870972,0.69554353746769,-4.15890829672771,3.19772236238288e-05,0.00065525446040828,"EMX2",1,4,4
"ENSG00000170477",4.42836709320499,3.83183158618688,0.607956813812288,6.30280227004741,2.92311711500642e-10,2.16140260580004e-08,"KRT4",2,3,3
"ENSG00000170549",13.4166788084994,-1.38451338139505,0.431946163785756,-3.20529153277019,0.00134925744650817,0.0143073350710439,"IRX1",1,4,4
"ENSG00000170743",7.51169904300117,-1.22422611871968,0.369597809367019,-3.31231973700363,0.000925257326286386,0.0107033127726089,"SYT9",1,1,1
"ENSG00000170893",4.50991757265097,-2.33979019331744,0.589426117622224,-3.96960725587844,7.19911956882669e-05,0.00130459402003704,"TRH",1,1,5
"ENSG00000170959",16.048202058756,1.14717559462004,0.234819219464626,4.88535647650787,1.03241889204975e-06,3.31197570253082e-05,"DCDC1",2,2,2
"ENSG00000170962",17.0515532097951,1.10943425137476,0.255685711821724,4.33905455048778,1.43097002686043e-05,0.00033139416815873,"PDGFD",2,3,3
"ENSG00000171004",43.926664427837,-1.24797931802283,0.160510780739508,-7.77504982701543,7.54177141952346e-15,1.25612392865174e-12,"HS6ST2",1,1,5
"ENSG00000171476",12.1939348329619,1.39020657278537,0.266137933706762,5.22363179657484,1.75447484404211e-07,7.14309523540997e-06,"HOPX",2,2,2
"ENSG00000171724",57.6356866495046,-1.46079267483164,0.151746469816499,-9.62653481559157,6.17776670952076e-22,3.77278501012177e-19,"VAT1L",1,1,5
"ENSG00000171817",5.74791451512368,1.10324744668212,0.370119199300759,2.98078956391998,0.00287506283988963,0.0257506307262032,"ZNF540",2,5,7
"ENSG00000171956",19.5683256468482,1.21530926375847,0.251614345485622,4.83004759292594,1.365004198205e-06,4.26279436064438e-05,"FOXB1",2,5,7
"ENSG00000172159",16.7065584944806,1.17409596956775,0.238651070990639,4.91971799956349,8.66689904173671e-07,2.85816996598393e-05,"FRMD3",2,3,3
"ENSG00000172965",40.1494368594006,-1.31184954216422,0.213035221896234,-6.15789976177366,7.37159869748283e-10,4.96123636419569e-08,"MIR4435-2HG",1,1,5
"ENSG00000172987",14.127310107016,-1.82727460313919,0.338999928879275,-5.39019170057089,7.03825636893489e-08,3.16222913535061e-06,"HPSE2",1,1,5
"ENSG00000173890",5.35924528357444,-1.74630650153237,0.485860444687198,-3.59425534765782,0.000325320668713065,0.00464823295970411,"GPR160",1,1,5
"ENSG00000174469",3.65166634225499,-1.92336656999854,0.604608956937294,-3.18117445653061,0.00146679271643508,0.0152689047356679,"CNTNAP2",1,1,1
"ENSG00000174521",4.78272128248907,-1.66769681689641,0.5207296492811,-3.20261544392328,0.00136185703376974,0.0144038875111156,"TTC9B",1,1,1
"ENSG00000175868",8.82816478835301,-1.04173019443168,0.324209519315831,-3.213138826491,0.00131292811393531,0.0140394757916209,"CALCB",1,4,4
"ENSG00000176165",142.453217048543,-1.99309498472435,0.322988320880355,-6.17079583339689,6.79471146849082e-10,4.62966931421261e-08,"FOXG1",1,1,5
"ENSG00000177108",6.18217309558602,1.033812751606,0.361852514659633,2.8570003239536,0.00427665401644914,0.0350737634670727,"ZDHHC22",2,3,3
"ENSG00000177182",4.45487298556832,-1.89131418699878,0.576106650374464,-3.28292371867161,0.00102736461556911,0.0116108397163256,"CLVS1",1,1,1
"ENSG00000177519",8.66676492167373,-1.1441201676562,0.361287280606341,-3.16678784189701,0.00154132722694582,0.0158053138340234,"RPRM",1,1,1
"ENSG00000178568",6.77494757913718,1.7046754204264,0.419250875000741,4.06600325025771,4.7826268884683e-05,0.000914857711878815,"ERBB4",2,2,2
"ENSG00000178585",68.5255520930372,-1.07826381527321,0.155480774043947,-6.93502988973047,4.06135281603524e-12,4.15948115426119e-10,"CTNNBIP1",1,1,5
"ENSG00000179546",20.9195301185889,2.35953384256072,0.262074325042158,9.00330027438269,2.19032257047382e-19,8.80883630842508e-17,"HTR1D",2,2,2
"ENSG00000179796",9.67042562270342,-1.86220483628708,0.416709475749337,-4.46883247120411,7.86476960044593e-06,0.000198594465454446,"LRRC3B",1,1,5
"ENSG00000179921",3.82555460280652,1.29028292743973,0.441364345831113,2.9233963722422,0.00346235452909216,0.0296267586041519,"GPBAR1",2,2,2
"ENSG00000180209",6.10647469482042,-1.69679489830822,0.472113899405164,-3.59403716019816,0.000325593369425572,0.00464823295970411,"MYL11",1,1,5
"ENSG00000180440",3.62563391555072,3.40376850787672,0.670381545017163,5.07736009915006,3.8271511195978e-07,1.39306611061916e-05,"SERTM1",2,3,3
"ENSG00000181634",8.50556201010805,-2.06349837543278,0.469952381006561,-4.39086694488728,1.12899613649635e-05,0.000269797352096931,"TNFSF15",1,1,5
"ENSG00000182968",55.2390076146027,-1.20532082201497,0.193972887865575,-6.21386233549436,5.16978246858545e-10,3.62742736700023e-08,"SOX1",1,1,5
"ENSG00000183092",38.0525012392713,-1.6098684853959,0.191052883508064,-8.42629776549775,3.56773600150074e-17,8.59208165350885e-15,"BEGAIN",1,1,5
"ENSG00000183111",7.58395833711669,-1.18365334099245,0.386995005830264,-3.05857523523598,0.0022239222902286,0.021290093809016,"ARHGEF37",1,1,1
"ENSG00000183145",14.114799952345,-1.85371373119665,0.343040990704853,-5.4037674255423,6.52555454182863e-08,2.94794161206061e-06,"RIPPLY3",1,1,5
"ENSG00000183273",4.29021751881512,-1.41838850465106,0.505830192938051,-2.80408035038899,0.00504603280734113,0.0396587392565529,"CCDC60",1,1,1
"ENSG00000183715",25.1464827193571,1.12351227696134,0.183033624236108,6.13828350747204,8.34178940045663e-10,5.54628086387618e-08,"OPCML",2,2,2
"ENSG00000184163",26.3209127828695,-1.00581177845821,0.207129581713591,-4.85595427817259,1.19808346167335e-06,3.79178468321149e-05,"C1QTNF12",1,1,1
"ENSG00000184731",9.24371469915223,1.06139974002073,0.282937906868851,3.7513522022085,0.000175883422928524,0.00278057695174346,"FAM110C",2,3,3
"ENSG00000185052",3.80922842317313,1.3868905931758,0.464430677867855,2.98621658574073,0.00282452517792628,0.0253945450702434,"SLC24A3",2,2,2
"ENSG00000185149",3.16743458771709,-2.97086311180529,0.788466610368646,-3.76789970905207,0.000164626812382803,0.00264316602666021,"NPY2R",1,1,1
"ENSG00000185477",7.47529307588791,1.2433271685369,0.359007753344453,3.46323208051715,0.000533727826703029,0.00695728996607335,"GPRIN3",2,5,7
"ENSG00000185559",25948.8696561373,-1.0676110609366,0.132731352505627,-8.04339774124834,8.73811279900331e-16,1.71527073741388e-13,"DLK1",1,1,5
"ENSG00000185920",1035.46606769384,2.2593818847317,0.156184097969309,14.4661454918136,1.98276324677322e-47,3.26937831760435e-43,"PTCH1",2,2,2
"ENSG00000185950",659.367406860753,-1.30867001026133,0.182665795873883,-7.16428603395935,7.81929901188719e-13,9.14414336219914e-11,"IRS2",1,1,5
"ENSG00000186007",70.985093769288,-1.07047099616088,0.139209366088838,-7.68964780342259,1.47540603167741e-14,2.34192944326844e-12,"LEMD1",1,1,5
"ENSG00000186047",9.56807231895201,2.63666048083322,0.331994233751523,7.94188637266092,1.99129319782847e-15,3.64181616000658e-13,"DLEU7",2,3,3
"ENSG00000186105",4.83422916066349,-1.94452883926472,0.605568681408138,-3.2110789394575,0.00132237603740609,0.014122188135226,"LRRC70",1,1,1
"ENSG00000186297",14.1493968667744,-1.81521679004503,0.352976886971245,-5.14259391208497,2.70970913399257e-07,1.02950216383418e-05,"GABRA5",1,1,5
"ENSG00000186960",44.4453207586335,-1.8305251617406,0.319037549284606,-5.73764801618267,9.60003695068282e-09,5.29414746755214e-07,"LINC01551",1,1,5
"ENSG00000186976",6.3294996852465,1.06552893093577,0.331166258598877,3.21750451100872,0.00129310993544561,0.0138455128088069,"EFCAB6",2,2,6
"ENSG00000187122",86.4169635424357,1.70911785380185,0.225058392446852,7.59410851210742,3.09918613632136e-14,4.40538622429335e-12,"SLIT1",2,2,2
"ENSG00000187210",19.2211712772481,-1.32134426769405,0.275251508223429,-4.80049782913989,1.58271691249512e-06,4.82392221259373e-05,"GCNT1",1,1,1
"ENSG00000187323",17.5007806560639,1.29150380051843,0.357302684416184,3.61459305190692,0.000300819760325958,0.00435488764531583,"DCC",2,2,2
"ENSG00000188517",61.5035530783165,-1.1255422717676,0.152289746487854,-7.39079483501122,1.45953678263642e-13,1.86560480689085e-11,"COL25A1",1,1,5
"ENSG00000188582",18.3418827634655,-1.9448665730885,0.289065868274935,-6.7281086649729,1.71882545236064e-11,1.55723697164695e-09,"PAQR9",1,1,5
"ENSG00000188763",8.43335361303001,1.15976921760559,0.306701004750549,3.78143272973258,0.000155928359674584,0.00253560426299232,"FZD9",2,2,2
"ENSG00000188906",7.92930036524244,1.485707565527,0.38995150024738,3.80998038111018,0.000138977819833352,0.00230080850525315,"LRRK2",2,2,2
"ENSG00000196990",4.83770424565272,1.43575381397039,0.471660398480162,3.04404147262913,0.00233422959276525,0.0220567975673961,"FAM163B",2,5,7
"ENSG00000197406",34.2683919530149,-2.53444576030327,0.335807998470249,-7.54730611494892,4.44353331886403e-14,6.05532404088835e-12,"DIO3",1,1,5
"ENSG00000198121",127.73346338044,-1.95578051122762,0.219977355445651,-8.89082654560246,6.06560013902619e-19,2.17425392809571e-16,"LPAR1",1,1,5
"ENSG00000198336",10.327901439393,2.67111455361813,0.491977908903727,5.42933840173874,5.65633427002818e-08,2.6272477684083e-06,"MYL4",2,2,2
"ENSG00000198729",32.6972156923946,1.59259249094868,0.192623272204409,8.26791317955935,1.36324106772866e-16,2.99713092877039e-14,"PPP1R14C",2,2,2
"ENSG00000198732",437.490241334549,-1.17574113774436,0.1461364301404,-8.04550334652877,8.58916549209011e-16,1.70634638312137e-13,"SMOC1",1,1,5
"ENSG00000203688",14.9024375542726,1.03293187502535,0.251876745492249,4.10094180392344,4.11472040904764e-05,0.00080388181072022,"LINC02487",2,2,2
"ENSG00000204103",26.4738584987395,1.08189549107336,0.206602859631695,5.23659494840499,1.63566114291195e-07,6.70905885210824e-06,"MAFB",2,2,2
"ENSG00000204128",16.5692122129856,1.38646200306176,0.221824693892928,6.25025996308141,4.09770055835887e-10,2.92497768427616e-08,"C2orf72",2,2,2
"ENSG00000214491",10.2617764588378,-1.04276372165062,0.326693003046251,-3.19187650769181,0.00141351752843187,0.0148614588022356,"SEC14L6",1,1,1
"ENSG00000214548",49.300595115385,-1.60834431302915,0.211035906589716,-7.62118797231983,2.51351600853721e-14,3.63555837410263e-12,"MEG3",1,1,5
"ENSG00000220472",3.20969796726245,-1.71832743151923,0.615392292528023,-2.79224724193467,0.00523433439380947,0.0408466350305368,"RPS3P4",1,1,1
"ENSG00000220744",6.11109189576068,1.22224763939538,0.356365117185623,3.42976228719584,0.000604110247328757,0.0076624414370799,"RPL5P18",2,2,2
"ENSG00000222041",24.4099747245691,-1.30549341013949,0.270170842698545,-4.83210326140248,1.35098147170365e-06,4.22700825178776e-05,"CYTOR",1,1,5
"ENSG00000223561",9.3871258193159,3.55111523819732,0.398450320987087,8.91231616880139,4.99773767627182e-19,1.91645805916386e-16,"LINC03007",2,2,2
"ENSG00000224609",3.12777846247045,-2.03955849987021,0.679700574955157,-3.00067202386104,0.00269384544839392,0.0245569434862088,"HSD52",1,4,4
"ENSG00000225127",9.91985283592528,1.04646137503439,0.290366320860048,3.60393509803352,0.000313435355018374,0.00450587233556928,"LINC00237",2,2,2
"ENSG00000227199",8.70000320950914,1.04505454243699,0.318115619218473,3.28514061964144,0.00101931485339735,0.0115436006989485,"ST7-AS1",2,3,3
"ENSG00000228999",3.22218665440117,-2.67031929449576,0.766337662293684,-3.48452050040627,0.000493019692687711,0.0065348888365978,"LOC124908056",1,1,1
"ENSG00000230316",27.5861067643494,-2.2366387051645,0.291742059160197,-7.66649385968839,1.76761622580246e-14,2.72394616329503e-12,"FEZF1-AS1",1,1,5
"ENSG00000231605",4.23112391468616,-1.81910793290854,0.622817562616471,-2.92077173493058,0.0034916555160938,0.0298001593192912,"LINC01363",1,1,1
"ENSG00000233654",6.12412797872293,1.13031252770771,0.343492775276669,3.29064425531887,0.000999582356339083,0.0113826750508806,"NEMP2-DT",2,2,6
"ENSG00000235098",23.5171695067503,1.35834769782688,0.178177686807002,7.62355669875886,2.46779829941578e-14,3.60818384135363e-12,"ANKRD65",2,2,2
"ENSG00000236668",3.69154718341355,-1.62083821180001,0.594326668250386,-2.72718405278957,0.00638773979324987,0.0474352180846813,"LHX2-AS1",1,1,5
"ENSG00000237807",6.48726293362371,1.04173745608883,0.349057335728019,2.98443077815886,0.00284106476914253,0.0254876588565784,"LINC02984",2,2,2
"ENSG00000241158",6.03717777166151,-1.11420258528287,0.405985918006623,-2.74443653305406,0.00606148740345061,0.0457008988548226,"ADAMTS9-AS1",1,4,4
"ENSG00000242808",52.2581163638498,1.43927618137758,0.172868913824525,8.32582417240476,8.37440276693241e-17,1.91785454477706e-14,"SOX2-OT",2,2,2
"ENSG00000247877",4.53180135291602,1.08577045268374,0.397970510624731,2.72826861211226,0.00636677399364451,0.0473530610650448,"FAM174A-DT",2,5,7
"ENSG00000248746",29.7753899160377,-1.2140766130448,0.237966100126611,-5.10188893459549,3.36280089788968e-07,1.24047480996203e-05,"ACTN3",1,1,1
"ENSG00000248890",14.1419166938337,1.12570976210953,0.237569747216019,4.73843902812229,2.15370809506573e-06,6.37567195323856e-05,"HHIP-AS1",2,2,2
"ENSG00000250241",5.06193409902581,-1.52672427121881,0.457798121245661,-3.33492908853496,0.000853211536874914,0.00998727477618833,"PCDH10-DT",1,4,4
"ENSG00000253563",13.2378165904045,4.0856924405785,0.484751000888818,8.42843528551185,3.50317816152022e-17,8.59208165350885e-15,"NKX2-1-AS1",2,2,2
"ENSG00000254656",36.0684060032363,-3.02989810924157,0.279935602655684,-10.8235539906237,2.662484720309e-27,3.40470183577914e-24,"RTL1",1,1,5
"ENSG00000257711",12.6203630235762,1.28850957702589,0.313985891550313,4.10371807046441,4.06562866900998e-05,0.000798073227658399,"LOC100505978",2,2,2
"ENSG00000259974",116.486752737829,3.0927486974305,0.298942528987912,10.3456296696933,4.380272596485e-25,3.80138499176006e-22,"LINC00261",2,2,2
"ENSG00000260581",4.41063022064338,1.27761430342949,0.429862371421887,2.97214733916678,0.00295724729776274,0.0263294010220356,"LOC105378231",2,2,2
"ENSG00000262655",253.742458449149,1.99016893615177,0.191146179251724,10.4117641479555,2.19122832381664e-25,2.00728687952292e-22,"SPON1",2,2,2
"ENSG00000266524",6.4723302364971,-2.394109290994,0.539355259303518,-4.43883553501559,9.04468956485533e-06,0.000224304052919701,"GDF10",1,1,1
"ENSG00000266709",4.54403766537602,-1.95505322350985,0.564644224400008,-3.46245146771367,0.000535278441672666,0.00696622432891917,"MGC12916",1,1,1
"ENSG00000269113",14.2360806124071,1.8093512176454,0.400706232986695,4.51540572293887,6.3195656790181e-06,0.000164325388066954,"TRABD2B",2,2,2
"ENSG00000271824",34.2081559983972,1.48988655497236,0.205649321286288,7.24479198692937,4.33103398040125e-13,5.32943427633106e-11,"SMIM32",2,2,2
"ENSG00000272899",5.09858828851308,1.28542614318492,0.420403277435611,3.05760257395185,0.00223115266600183,0.0213396034279026,"ATP6V1FNB",2,2,6
"ENSG00000277586",16.2070944133089,-1.1258576986496,0.254484056360416,-4.42407950718569,9.68543489342466e-06,0.000237300350605764,"NEFL",1,1,5
"ENSG00000281406",153.063025755114,-1.12216237601452,0.169978544547076,-6.60178835513993,4.06227187425488e-11,3.52541057550467e-09,"BLACAT1",1,1,5
