genes,cluster,symbol,refseq
ENSG00000000003,1,TSPAN6,NM_001278740
ENSG00000001626,2,CFTR,NM_000492
ENSG00000003096,3,KLHL13,NM_001168299
ENSG00000003400,4,CASP10,NM_001206524
ENSG00000003402,5,CFLAR,NM_001127183
ENSG00000003436,6,TFPI,NM_001032281
ENSG00000003509,4,NDUFAF7,NM_001083946
ENSG00000004139,6,SARM1,NM_015077
ENSG00000004399,7,PLXND1,NM_015103
ENSG00000004478,4,FKBP4,NM_002014
ENSG00000004799,2,PDK4,NM_002612
ENSG00000004838,6,ZMYND10,NM_001308379
ENSG00000004848,8,ARX,NM_139058
ENSG00000005020,1,SKAP2,NM_001303468
ENSG00000005059,9,MCUB,NM_017918
ENSG00000005108,7,THSD7A,NM_015204
ENSG00000005379,5,TSPOAP1,NM_001261835
ENSG00000005513,10,SOX8,NM_014587
ENSG00000006042,9,TMEM98,NM_001033504
ENSG00000006047,4,YBX2,NM_015982
ENSG00000006210,8,CX3CL1,NM_001304392
ENSG00000006453,4,BAIAP2L1,NM_018842
ENSG00000007062,7,PROM1,NM_001145847
ENSG00000007944,11,MYLIP,NM_013262
ENSG00000007968,10,E2F2,NM_004091
ENSG00000008130,12,NADK,NM_001198993
ENSG00000008226,5,DLEC1,NM_001321153
ENSG00000008283,11,CYB561,NM_001017916
ENSG00000008323,4,PLEKHG6,NM_001144856
ENSG00000008513,6,ST3GAL1,NM_003033
ENSG00000008516,4,MMP25,NM_004142
ENSG00000008735,11,MAPK8IP2,NM_012324
ENSG00000009694,13,TENM1,NM_001163278
ENSG00000009950,14,MLXIPL,NM_032951
ENSG00000010278,12,CD9,NM_001330312
ENSG00000010310,5,GIPR,NM_000164
ENSG00000011028,6,MRC2,NM_006039
ENSG00000011347,15,SYT7,NM_001252065
ENSG00000013288,6,MAN2B2,NM_001292038
ENSG00000013364,2,MVP,NM_001293204
ENSG00000013588,11,GPRC5A,NM_003979
ENSG00000015153,8,YAF2,NM_001012424
ENSG00000015413,13,DPEP1,NM_001128141
ENSG00000016082,1,ISL1,NM_002202
ENSG00000018236,15,CNTN1,NM_001256063
ENSG00000018625,4,ATP1A2,NM_000702
ENSG00000019549,6,SNAI2,NM_003068
ENSG00000019582,17,CD74,NM_001025158
ENSG00000019991,11,HGF,NM_000601
ENSG00000020577,6,SAMD4A,NM_001161576
ENSG00000021300,17,PLEKHB1,NM_001130033
ENSG00000021645,4,NRXN3,NM_001105250
ENSG00000022267,6,FHL1,NM_001159699
ENSG00000023902,6,PLEKHO1,NM_001304722
ENSG00000024422,15,EHD2,NM_014601
ENSG00000026025,5,VIM,NM_003380
ENSG00000026508,18,CD44,NM_000610
ENSG00000029534,15,ANK1,NM_000037
ENSG00000033170,4,FUT8,NM_001371533
ENSG00000033327,8,GAB2,NM_012296
ENSG00000033800,6,PIAS1,NM_001320687
ENSG00000034239,6,CLXN,NM_001142857
ENSG00000036530,7,CYP46A1,NM_006668
ENSG00000036672,6,USP2,NM_001243759
ENSG00000037897,15,METTL1,NM_005371
ENSG00000039068,4,CDH1,NM_001317184
ENSG00000039139,8,DNAH5,NM_001369
ENSG00000039523,6,RIPOR1,NM_001193522
ENSG00000040731,2,CDH10,NM_001190450
ENSG00000041982,17,TNC,NM_001410991
ENSG00000042062,4,RIPOR3,NM_001290268
ENSG00000042493,4,CAPG,NM_001256139
ENSG00000043143,4,JADE2,NM_001289984
ENSG00000043355,4,ZIC2,NM_007129
ENSG00000044459,15,CNTLN,NM_001114395
ENSG00000044524,8,EPHA3,NM_001410778
ENSG00000046653,8,GPM6B,NM_001001994
ENSG00000047634,6,SCML1,NM_001037535
ENSG00000048052,6,HDAC9,NM_001204144
ENSG00000048540,8,LMO3,NM_001001395
ENSG00000048545,12,GUCA1A,NM_001384910
ENSG00000049089,17,COL9A2,NM_001852
ENSG00000049130,8,KITLG,NM_000899
ENSG00000050165,7,DKK3,NM_001018057
ENSG00000050344,7,NFE2L3,NM_004289
ENSG00000050767,8,COL23A1,NM_173465
ENSG00000051128,19,HOMER3,NM_001145721
ENSG00000051341,15,POLQ,NM_006596
ENSG00000052126,5,PLEKHA5,NM_001143821
ENSG00000052795,7,FNIP2,NM_001323916
ENSG00000053108,15,FSTL4,NM_015082
ENSG00000054179,4,ENTPD2,NM_001246
ENSG00000054392,20,HHAT,NM_001122834
ENSG00000054598,6,FOXC1,NM_001453
ENSG00000054793,1,ATP9A,NM_006045
ENSG00000055118,13,KCNH2,NM_000238
ENSG00000055732,15,MCOLN3,NM_001253693
ENSG00000057294,9,PKP2,NM_001005242
ENSG00000057704,19,TMCC3,NM_001301036
ENSG00000058085,4,LAMC2,NM_005562
ENSG00000058091,6,CDK14,NM_001287135
ENSG00000060718,6,COL11A1,NM_001190709
ENSG00000061337,14,LZTS1,NM_001362884
ENSG00000061492,4,WNT8A,NM_001300938
ENSG00000062038,4,CDH3,NM_001317195
ENSG00000063015,4,SEZ6,NM_001098635
ENSG00000063127,6,SLC6A16,NM_014037
ENSG00000063180,4,CA11,NM_001217
ENSG00000064300,17,NGFR,NM_002507
ENSG00000064655,6,EYA2,NM_005244
ENSG00000064763,4,FAR2,NM_001271783
ENSG00000065054,6,NHERF2,NM_001130012
ENSG00000065320,6,NTN1,NM_004822
ENSG00000065361,4,ERBB3,NM_001005915
ENSG00000065485,12,PDIA5,NM_006810
ENSG00000065618,4,COL17A1,NM_000494
ENSG00000065675,4,PRKCQ,NM_001242413
ENSG00000065717,3,TLE2,NM_001144761
ENSG00000065911,12,MTHFD2,NM_001410192
ENSG00000066032,17,CTNNA2,NM_001164883
ENSG00000066084,1,DIP2B,NM_020849
ENSG00000066322,6,ELOVL1,NM_001256399
ENSG00000066382,6,MPPED2,NM_001145399
ENSG00000066468,18,FGFR2,NM_000141
ENSG00000066735,4,KIF26A,NM_015656
ENSG00000066923,4,STAG3,NM_001282716
ENSG00000067057,12,PFKP,NM_001242339
ENSG00000067064,7,IDI1,NM_001317955
ENSG00000068323,11,TFE3,NM_001282142
ENSG00000068615,7,REEP1,NM_001164730
ENSG00000068831,4,RASGRP2,NM_001098670
ENSG00000068976,14,PYGM,NM_001164716
ENSG00000069020,2,MAST4,NM_001164664
ENSG00000069482,12,GAL,NM_015973
ENSG00000069667,8,RORA,NM_002943
ENSG00000069702,6,TGFBR3,NM_001195683
ENSG00000070019,21,GUCY2C,NM_004963
ENSG00000070193,1,FGF10,NM_004465
ENSG00000070886,4,EPHA8,NM_001006943
ENSG00000071073,8,MGAT4A,NM_001160154
ENSG00000071246,6,VASH1,NM_014909
ENSG00000071282,18,LMCD1,NM_001278233
ENSG00000072041,15,SLC6A15,NM_001146335
ENSG00000072071,4,ADGRL1,NM_001008701
ENSG00000072133,6,RPS6KA6,NM_001330512
ENSG00000072163,6,LIMS2,NM_001136037
ENSG00000072310,11,SREBF1,NM_001005291
ENSG00000072415,6,PALS1,NM_001256550
ENSG00000072818,13,ACAP1,NM_014716
ENSG00000073060,12,SCARB1,NM_001082959
ENSG00000073067,2,CYP2W1,NM_017781
ENSG00000073536,4,NLE1,NM_001014445
ENSG00000073849,4,ST6GAL1,NM_001353916
ENSG00000073910,1,FRY,NM_001411012
ENSG00000074047,4,GLI2,NM_001371271
ENSG00000074211,14,PPP2R2C,NM_001206994
ENSG00000074410,13,CA12,NM_001218
ENSG00000074416,7,MGLL,NM_001003794
ENSG00000074527,6,NTN4,NM_001329700
ENSG00000075035,4,WSCD2,NM_001304447
ENSG00000075043,4,KCNQ2,NM_001382235
ENSG00000075213,7,SEMA3A,NM_006080
ENSG00000075223,6,SEMA3C,NM_001350120
ENSG00000075239,15,ACAT1,NM_000019
ENSG00000075340,4,ADD2,NM_001185054
ENSG00000075643,4,MOCOS,NM_017947
ENSG00000075651,5,PLD1,NM_001130081
ENSG00000075702,13,WDR62,NM_001083961
ENSG00000076043,4,REXO2,NM_015523
ENSG00000076258,17,FMO4,NM_002022
ENSG00000076356,5,PLXNA2,NM_025179
ENSG00000076641,6,PAG1,NM_001007549
ENSG00000076716,4,GPC4,NM_001448
ENSG00000076770,15,MBNL3,NM_001170701
ENSG00000076864,13,RAP1GAP,NM_001145657
ENSG00000077009,4,NMRK2,NM_001289117
ENSG00000077092,1,RARB,NM_000965
ENSG00000077264,19,PAK3,NM_001128166
ENSG00000077274,1,CAPN6,NM_014289
ENSG00000077279,1,DCX,NM_000555
ENSG00000077327,6,SPAG6,NM_001253854
ENSG00000077616,5,NAALAD2,NM_001300930
ENSG00000077782,4,FGFR1,NM_001174063
ENSG00000078295,15,ADCY2,NM_020546
ENSG00000078328,13,RBFOX1,NM_001142333
ENSG00000078596,7,ITM2A,NM_001171581
ENSG00000078725,11,BRINP1,NM_014618
ENSG00000078814,12,MYH7B,NM_020884
ENSG00000079102,21,RUNX1T1,NM_001198625
ENSG00000079150,1,FKBP7,NM_001135212
ENSG00000079385,4,CEACAM1,NM_001024912
ENSG00000079691,12,CARMIL1,NM_001173977
ENSG00000079739,12,PGM1,NM_001172818
ENSG00000080298,6,RFX3,NM_001282116
ENSG00000080503,15,SMARCA2,NM_001289396
ENSG00000080709,4,KCNN2,NM_001278204
ENSG00000080823,6,MOK,NM_001272011
ENSG00000080854,4,IGSF9B,NM_001001873
ENSG00000081052,1,COL4A4,NM_000092
ENSG00000081189,6,MEF2C,NM_001131005
ENSG00000081479,8,LRP2,NM_004525
ENSG00000081803,4,CADPS2,NM_001009571
ENSG00000081923,15,ATP8B1,NM_001374385
ENSG00000082014,6,SMARCD3,NM_001003801
ENSG00000082556,17,OPRK1,NM_000912
ENSG00000083307,18,GRHL2,NM_001330593
ENSG00000084453,4,SLCO1A2,NM_001386878
ENSG00000084636,4,COL16A1,NM_001856
ENSG00000084710,5,EFR3B,NM_001319099
ENSG00000085185,3,BCORL1,NM_001184772
ENSG00000085788,6,DDHD2,NM_001164232
ENSG00000085831,7,TTC39A,NM_001080494
ENSG00000085871,15,MGST2,NM_001204366
ENSG00000086712,4,TXLNG,NM_001168683
ENSG00000086848,19,ALG9,NM_001077690
ENSG00000086991,8,NOX4,NM_001143836
ENSG00000087116,4,ADAMTS2,NM_014244
ENSG00000087245,1,MMP2,NM_001127891
ENSG00000087258,12,GNAO1,NM_020988
ENSG00000087510,12,TFAP2C,NM_003222
ENSG00000087903,6,RFX2,NM_000635
ENSG00000088280,7,ASAP3,NM_001143778
ENSG00000088305,4,DNMT3B,NM_001207055
ENSG00000088836,9,SLC4A11,NM_001174089
ENSG00000088881,7,EBF4,NM_001110514
ENSG00000088882,6,CPXM1,NM_001184699
ENSG00000088992,4,TESC,NM_001168325
ENSG00000089116,17,LHX5,NM_022363
ENSG00000089225,17,TBX5,NM_000192
ENSG00000089250,4,NOS1,NM_000620
ENSG00000089327,12,FXYD5,NM_001164605
ENSG00000090013,15,BLVRB,NM_000713
ENSG00000090530,11,P3H2,NM_001134418
ENSG00000090539,17,CHRD,NM_001304472
ENSG00000090776,17,EFNB1,NM_004429
ENSG00000090861,12,AARS1,NM_001605
ENSG00000091129,6,NRCAM,NM_001037132
ENSG00000091622,4,PITPNM3,NM_001165966
ENSG00000091656,6,ZFHX4,NM_001410934
ENSG00000091986,6,CCDC80,NM_178274
ENSG00000092068,4,SLC7A8,NM_001267036
ENSG00000092345,4,DAZL,NM_001190811
ENSG00000092621,15,PHGDH,NM_006623
ENSG00000092820,15,EZR,NM_001111077
ENSG00000093009,12,CDC45,NM_001178010
ENSG00000094804,15,CDC6,NM_001254
ENSG00000095066,13,HOOK2,NM_001100176
ENSG00000095203,15,EPB41L4B,NM_001385623
ENSG00000095596,4,CYP26A1,NM_000783
ENSG00000095637,4,SORBS1,NM_001034954
ENSG00000095777,15,MYO3A,NM_001368265
ENSG00000096060,4,FKBP5,NM_001145775
ENSG00000096433,4,ITPR3,NM_002224
ENSG00000096696,4,DSP,NM_001008844
ENSG00000099139,1,PCSK5,NM_001190482
ENSG00000099194,7,SCD,NM_005063
ENSG00000099250,6,NRP1,NM_001024628
ENSG00000099256,8,PRTFDC1,NM_001282786
ENSG00000099284,1,MACROH2A2,NM_018649
ENSG00000099337,4,KCNK6,NM_004823
ENSG00000099338,8,CATSPERG,NM_001330496
ENSG00000099617,8,EFNA2,NM_001405
ENSG00000099715,1,PCDH11Y,NM_001278619
ENSG00000099910,19,KLHL22,NM_032775
ENSG00000100146,4,SOX10,NM_006941
ENSG00000100154,1,TTC28,NM_001145418
ENSG00000100162,12,CENPM,NM_001002876
ENSG00000100167,8,SEPTIN3,NM_001363845
ENSG00000100228,6,RAB36,NM_001349877
ENSG00000100297,14,MCM5,NM_006739
ENSG00000100307,12,CBX7,NM_001346743
ENSG00000100311,3,PDGFB,NM_002608
ENSG00000100314,4,CABP7,NM_182527
ENSG00000100379,6,KCTD17,NM_001282684
ENSG00000100403,19,ZC3H7B,NM_017590
ENSG00000100433,1,KCNK10,NM_021161
ENSG00000100479,13,POLE2,NM_001197330
ENSG00000100505,6,TRIM9,NM_001387360
ENSG00000100522,12,GNPNAT1,NM_198066
ENSG00000100625,4,SIX4,NM_017420
ENSG00000100626,8,GALNT16,NM_001168368
ENSG00000100767,4,PAPLN,NM_001365906
ENSG00000100867,4,DHRS2,NM_001318835
ENSG00000100889,14,PCK2,NM_001018073
ENSG00000100918,19,REC8,NM_001048205
ENSG00000101000,4,PROCR,NM_006404
ENSG00000101017,4,CD40,NM_001250
ENSG00000101134,7,DOK5,NM_001294161
ENSG00000101144,6,BMP7,NM_001719
ENSG00000101180,4,HRH3,NM_007232
ENSG00000101187,15,SLCO4A1,NM_016354
ENSG00000101197,12,BIRC7,NM_022161
ENSG00000101198,12,NKAIN4,NM_001363718
ENSG00000101204,4,CHRNA4,NM_000744
ENSG00000101222,7,SPEF1,NM_015417
ENSG00000101265,19,RASSF2,NM_014737
ENSG00000101282,4,RSPO4,NM_001029871
ENSG00000101311,4,FERMT1,NM_017671
ENSG00000101331,12,CCM2L,NM_001365692
ENSG00000101336,14,HCK,NM_001172129
ENSG00000101347,4,SAMHD1,NM_001363729
ENSG00000101353,8,MROH8,NM_152503
ENSG00000101412,13,E2F1,NM_005225
ENSG00000101443,4,WFDC2,NM_006103
ENSG00000101445,17,PPP1R16B,NM_001172735
ENSG00000101463,6,SYNDIG1,NM_001323606
ENSG00000101489,8,CELF4,NM_001025087
ENSG00000101670,7,LIPG,NM_001308006
ENSG00000101695,6,RNF125,NM_017831
ENSG00000101871,8,MID1,NM_000381
ENSG00000101955,7,SRPX,NM_001170750
ENSG00000102096,4,PIM2,NM_006875
ENSG00000102109,7,PCSK1N,NM_013271
ENSG00000102181,6,CD99L2,NM_001184808
ENSG00000102230,17,PCYT1B,NM_001163264
ENSG00000102271,4,KLHL4,NM_019117
ENSG00000102290,18,PCDH11X,NM_001168360
ENSG00000102524,3,TNFSF13B,NM_001145645
ENSG00000102678,9,FGF9,NM_002010
ENSG00000102755,12,FLT1,NM_001159920
ENSG00000102886,10,GDPD3,NM_024307
ENSG00000102890,12,ELMO3,NM_024712
ENSG00000102996,4,MMP15,NM_002428
ENSG00000103044,4,HAS3,NM_001199280
ENSG00000103067,4,ESRP2,NM_001365264
ENSG00000103257,18,SLC7A5,NM_003486
ENSG00000103260,8,METRN,NM_024042
ENSG00000103316,4,CRYM,NM_001014444
ENSG00000103449,17,SALL1,NM_001127892
ENSG00000103490,14,PYCARD,NM_013258
ENSG00000103528,9,SYT17,NM_001308157
ENSG00000103642,11,LACTB,NM_001288585
ENSG00000104043,1,ATP8B4,NM_024837
ENSG00000104112,13,SCG3,NM_001165257
ENSG00000104154,6,SLC30A4,NM_001321036
ENSG00000104313,5,EYA1,NM_000503
ENSG00000104324,7,CPQ,NM_016134
ENSG00000104327,4,CALB1,NM_001366795
ENSG00000104332,4,SFRP1,NM_003012
ENSG00000104368,12,PLAT,NM_000930
ENSG00000104369,6,JPH1,NM_001317830
ENSG00000104413,4,ESRP1,NM_001034915
ENSG00000104419,7,NDRG1,NM_001135242
ENSG00000104447,7,TRPS1,NM_001282902
ENSG00000104450,7,SPAG1,NM_001374321
ENSG00000104490,8,NCALD,NM_001040624
ENSG00000104689,15,TNFRSF10A,NM_003844
ENSG00000104722,4,NEFM,NM_001105541
ENSG00000104738,14,MCM4,NM_005914
ENSG00000104814,14,MAP4K1,NM_001042600
ENSG00000104866,7,PPP1R37,NM_019121
ENSG00000104881,13,PPP1R13L,NM_001142502
ENSG00000104953,6,TLE6,NM_001143986
ENSG00000104967,3,NOVA2,NM_002516
ENSG00000105048,4,TNNT1,NM_001126132
ENSG00000105204,6,DYRK1B,NM_004714
ENSG00000105227,7,PRX,NM_001411127
ENSG00000105281,14,SLC1A5,NM_001145144
ENSG00000105289,4,TJP3,NM_001267560
ENSG00000105290,6,APLP1,NM_001024807
ENSG00000105327,13,BBC3,NM_001127240
ENSG00000105370,5,LIM2,NM_001161748
ENSG00000105642,15,KCNN1,NM_001386974
ENSG00000105655,7,ISYNA1,NM_001170938
ENSG00000105707,15,HPN,NM_001375441
ENSG00000105767,6,CADM4,NM_145296
ENSG00000105825,7,TFPI2,NM_001271003
ENSG00000105854,5,PON2,NM_000305
ENSG00000105855,6,ITGB8,NM_002214
ENSG00000105877,13,DNAH11,NM_001277115
ENSG00000105894,1,PTN,NM_001321386
ENSG00000105928,1,GSDME,NM_001127453
ENSG00000105976,7,MET,NM_000245
ENSG00000105982,1,RNF32,NM_001184996
ENSG00000106003,17,LFNG,NM_001040167
ENSG00000106012,6,IQCE,NM_001100390
ENSG00000106077,14,ABHD11,NM_001145363
ENSG00000106078,12,COBL,NM_001287436
ENSG00000106278,4,PTPRZ1,NM_001206838
ENSG00000106333,6,PCOLCE,NM_002593
ENSG00000106341,4,PPP1R17,NM_001145123
ENSG00000106367,10,AP1S1,NM_001283
ENSG00000106392,15,C1GALT1,NM_020156
ENSG00000106484,8,MEST,NM_001253900
ENSG00000106524,8,ANKMY2,NM_020319
ENSG00000106537,19,TSPAN13,NM_014399
ENSG00000106538,4,RARRES2,NM_002889
ENSG00000106624,6,AEBP1,NM_001129
ENSG00000106714,4,CNTNAP3,NM_001393379
ENSG00000106772,4,PRUNE2,NM_001308047
ENSG00000106780,6,MEGF9,NM_001080497
ENSG00000106829,9,TLE4,NM_001282748
ENSG00000106868,6,SUSD1,NM_001282640
ENSG00000107099,6,DOCK8,NM_001190458
ENSG00000107130,6,NCS1,NM_001128826
ENSG00000107249,9,GLIS3,NM_001042413
ENSG00000107295,4,SH3GL2,NM_003026
ENSG00000107317,4,PTGDS,NM_000954
ENSG00000107438,4,PDLIM1,NM_020992
ENSG00000107485,6,GATA3,NM_001002295
ENSG00000107521,15,HPS1,NM_000195
ENSG00000107562,11,CXCL12,NM_000609
ENSG00000107611,20,CUBN,NM_001081
ENSG00000107731,4,UNC5B,NM_001244889
ENSG00000107736,15,CDH23,NM_001171930
ENSG00000107864,1,CPEB3,NM_001178137
ENSG00000107984,9,DKK1,NM_012242
ENSG00000108001,21,EBF3,NM_001005463
ENSG00000108018,17,SORCS1,NM_001013031
ENSG00000108091,4,CCDC6,NM_005436
ENSG00000108176,5,DNAJC12,NM_021800
ENSG00000108370,6,RGS9,NM_001081955
ENSG00000108515,6,ENO3,NM_001193503
ENSG00000108557,6,RAI1,NM_017574
ENSG00000108771,14,DHX58,NM_024119
ENSG00000108774,7,RAB5C,NM_001252039
ENSG00000108821,11,COL1A1,NM_000088
ENSG00000108984,1,MAP2K6,NM_001330450
ENSG00000109072,8,VTN,NM_000638
ENSG00000109099,6,PMP22,NM_000304
ENSG00000109255,4,NMU,NM_001292045
ENSG00000109339,1,MAPK10,NM_001318067
ENSG00000109436,6,TBC1D9,NM_015130
ENSG00000109472,1,CPE,NM_001873
ENSG00000109586,4,GALNT7,NM_001375599
ENSG00000109738,1,GLRB,NM_000824
ENSG00000109762,3,SNX25,NM_001317781
ENSG00000109771,3,LRP2BP,NM_001377440
ENSG00000109787,6,KLF3,NM_016531
ENSG00000109790,6,KLHL5,NM_001007075
ENSG00000109814,9,UGDH,NM_001184700
ENSG00000109861,4,CTSC,NM_001114173
ENSG00000109906,8,ZBTB16,NM_001018011
ENSG00000109929,11,SC5D,NM_001024956
ENSG00000109991,1,P2RX3,NM_002559
ENSG00000110057,13,UNC93B1,NM_030930
ENSG00000110148,17,CCKBR,NM_001318029
ENSG00000110237,6,ARHGEF17,NM_014786
ENSG00000110619,13,CARS1,NM_001014437
ENSG00000110693,6,SOX6,NM_001145811
ENSG00000110697,5,PITPNM1,NM_001130848
ENSG00000110723,15,EXPH5,NM_001144763
ENSG00000110786,1,PTPN5,NM_001039970
ENSG00000110799,17,VWF,NM_000552
ENSG00000110881,8,ASIC1,NM_001095
ENSG00000111110,15,PPM1H,NM_020700
ENSG00000111145,4,ELK3,NM_001303511
ENSG00000111186,6,WNT5B,NM_030775
ENSG00000111218,17,PRMT8,NM_001256536
ENSG00000111319,4,SCNN1A,NM_001038
ENSG00000111335,17,OAS2,NM_001032731
ENSG00000111452,15,ADGRD1,NM_001330497
ENSG00000111640,4,GAPDH,NM_001256799
ENSG00000111666,13,CHPT1,NM_020244
ENSG00000111696,15,NT5DC3,NM_001031701
ENSG00000111727,6,HCFC2,NM_013320
ENSG00000111728,8,ST8SIA1,NM_001304450
ENSG00000111752,4,PHC1,NM_001413738
ENSG00000111783,8,RFX4,NM_001206691
ENSG00000111799,6,COL12A1,NM_004370
ENSG00000111834,6,RSPH4A,NM_001010892
ENSG00000111846,4,GCNT2,NM_001374747
ENSG00000111859,6,NEDD9,NM_001142393
ENSG00000111912,4,NCOA7,NM_001122842
ENSG00000111913,4,RIPOR2,NM_001286445
ENSG00000111961,11,SASH1,NM_001346505
ENSG00000112139,2,MDGA1,NM_153487
ENSG00000112149,1,CD83,NM_001040280
ENSG00000112186,8,CAP2,NM_001363533
ENSG00000112246,6,SIM1,NM_001374769
ENSG00000112297,4,CRYBG1,NM_001371242
ENSG00000112319,6,EYA4,NM_001301012
ENSG00000112320,1,SOBP,NM_018013
ENSG00000112343,4,TRIM38,NM_006355
ENSG00000112379,4,ARFGEF3,NM_020340
ENSG00000112394,13,SLC16A10,NM_018593
ENSG00000112539,6,C6orf118,NM_144980
ENSG00000112541,8,PDE10A,NM_001130690
ENSG00000112562,12,SMOC2,NM_001166412
ENSG00000112659,5,CUL9,NM_015089
ENSG00000112773,12,TENT5A,NM_017633
ENSG00000112782,6,CLIC5,NM_001114086
ENSG00000112902,5,SEMA5A,NM_003966
ENSG00000112972,7,HMGCS1,NM_001098272
ENSG00000112981,6,NME5,NM_003551
ENSG00000113083,7,LOX,NM_001178102
ENSG00000113140,6,SPARC,NM_001309443
ENSG00000113296,17,THBS4,NM_001306212
ENSG00000113319,6,RASGRF2,NM_006909
ENSG00000113356,12,POLR3G,NM_001370351
ENSG00000113361,6,CDH6,NM_001362435
ENSG00000113369,17,ARRDC3,NM_001329670
ENSG00000113407,15,TARS1,NM_001258437
ENSG00000113580,7,NR3C1,NM_000176
ENSG00000113645,14,WWC1,NM_001161661
ENSG00000113648,8,MACROH2A1,NM_001040158
ENSG00000113657,4,DPYSL3,NM_001197294
ENSG00000113721,6,PDGFRB,NM_001355016
ENSG00000113739,13,STC2,NM_003714
ENSG00000113763,4,UNC5A,NM_133369
ENSG00000113805,8,CNTN3,NM_001393376
ENSG00000114019,6,AMOTL2,NM_001278683
ENSG00000114023,12,FAM162A,NM_014367
ENSG00000114115,6,RBP1,NM_001130992
ENSG00000114166,19,KAT2B,NM_003884
ENSG00000114200,5,BCHE,NM_000055
ENSG00000114315,1,HES1,NM_005524
ENSG00000114423,8,CBLB,NM_001321786
ENSG00000114529,15,C3orf52,NM_001171747
ENSG00000114541,1,FRMD4B,NM_015123
ENSG00000114654,8,EFCC1,NM_001377500
ENSG00000114656,3,CFAP92,NM_001348520
ENSG00000114670,6,NEK11,NM_001146003
ENSG00000114841,3,DNAH1,NM_015512
ENSG00000114854,1,TNNC1,NM_003280
ENSG00000114861,6,FOXP1,NM_001012505
ENSG00000115107,12,STEAP3,NM_001008410
ENSG00000115112,4,TFCP2L1,NM_014553
ENSG00000115129,19,TP53I3,NM_001206802
ENSG00000115194,4,SLC30A3,NM_001318949
ENSG00000115226,6,FNDC4,NM_022823
ENSG00000115257,2,PCSK4,NM_001395257
ENSG00000115290,14,GRB14,NM_001303422
ENSG00000115295,5,CLIP4,NM_001287527
ENSG00000115339,11,GALNT3,NM_004482
ENSG00000115380,6,EFEMP1,NM_001039348
ENSG00000115414,6,FN1,NM_001306129
ENSG00000115423,5,DNAH6,NM_001370
ENSG00000115457,7,IGFBP2,NM_000597
ENSG00000115468,6,EFHD1,NM_001243252
ENSG00000115525,5,ST3GAL5,NM_001042437
ENSG00000115641,4,FHL2,NM_001039492
ENSG00000115648,15,MLPH,NM_001042467
ENSG00000115738,15,ID2,NM_002166
ENSG00000115758,1,ODC1,NM_001287188
ENSG00000115816,14,CEBPZ,NM_005760
ENSG00000115828,9,QPCT,NM_012413
ENSG00000115840,21,SLC25A12,NM_003705
ENSG00000115896,6,PLCL1,NM_006226
ENSG00000115963,8,RND3,NM_001254738
ENSG00000116039,4,ATP6V1B1,NM_001692
ENSG00000116106,3,EPHA4,NM_001304536
ENSG00000116132,1,PRRX1,NM_006902
ENSG00000116133,7,DHCR24,NM_014762
ENSG00000116183,4,PAPPA2,NM_020318
ENSG00000116329,1,OPRD1,NM_000911
ENSG00000116396,4,KCNC4,NM_001039574
ENSG00000116661,4,FBXO2,NM_012168
ENSG00000116667,4,C1orf21,NM_030806
ENSG00000116729,6,WLS,NM_001002292
ENSG00000116741,6,RGS2,NM_002923
ENSG00000116774,15,OLFML3,NM_001286352
ENSG00000116830,15,TTF2,NM_003594
ENSG00000116885,8,OSCP1,NM_001330493
ENSG00000116962,6,NID1,NM_002508
ENSG00000116977,5,LGALS8,NM_006499
ENSG00000116990,1,MYCL,NM_001033081
ENSG00000117069,3,ST6GALNAC5,NM_001320273
ENSG00000117152,1,RGS4,NM_001102445
ENSG00000117298,6,ECE1,NM_001113347
ENSG00000117318,9,ID3,NM_002167
ENSG00000117407,4,ARTN,NM_001136215
ENSG00000117461,1,PIK3R3,NM_001114172
ENSG00000117480,21,FAAH,NM_001441
ENSG00000117595,12,IRF6,NM_001206696
ENSG00000117598,13,PLPPR5,NM_001010861
ENSG00000117643,15,MAN1C1,NM_001289010
ENSG00000117707,6,PROX1,NM_001270616
ENSG00000117791,11,MTARC2,NM_001317338
ENSG00000118137,2,APOA1,NM_000039
ENSG00000118160,4,SLC8A2,NM_015063
ENSG00000118242,4,MREG,NM_001372188
ENSG00000118257,14,NRP2,NM_003872
ENSG00000118271,6,TTR,NM_000371
ENSG00000118369,6,USP35,NM_020798
ENSG00000118402,6,ELOVL4,NM_022726
ENSG00000118407,4,FILIP1,NM_001289987
ENSG00000118495,9,PLAGL1,NM_001080951
ENSG00000118508,7,RAB32,NM_006834
ENSG00000118513,4,MYB,NM_001130172
ENSG00000118523,8,CCN2,NM_001901
ENSG00000118640,4,VAMP8,NM_003761
ENSG00000118785,12,SPP1,NM_000582
ENSG00000118946,6,PCDH17,NM_001040429
ENSG00000118971,19,CCND2,NM_001759
ENSG00000118985,7,ELL2,NM_012081
ENSG00000118997,6,DNAH7,NM_018897
ENSG00000119280,8,C1orf198,NM_001136494
ENSG00000119408,6,NEK6,NM_001145001
ENSG00000119411,4,BSPRY,NM_001317943
ENSG00000119508,1,NR4A3,NM_006981
ENSG00000119522,6,DENND1A,NM_001352964
ENSG00000119523,17,ALG2,NM_033087
ENSG00000119547,4,ONECUT2,NM_004852
ENSG00000119630,6,PGF,NM_001207012
ENSG00000119632,3,IFI27L2,NM_032036
ENSG00000119771,13,KLHL29,NM_025067
ENSG00000119865,6,CNRIP1,NM_001111101
ENSG00000119866,4,BCL11A,NM_001363864
ENSG00000119888,4,EPCAM,NM_002354
ENSG00000120162,17,MOB3B,NM_024761
ENSG00000120278,7,PLEKHG1,NM_001029884
ENSG00000120327,9,PCDHB14,NM_018934
ENSG00000120539,15,MASTL,NM_001172303
ENSG00000120658,6,ENOX1,NM_001127615
ENSG00000120675,6,DNAJC15,NM_013238
ENSG00000120708,7,TGFBI,NM_000358
ENSG00000120738,17,EGR1,NM_001964
ENSG00000120756,4,PLS1,NM_001145319
ENSG00000120784,6,ZFP30,NM_001320666
ENSG00000120820,15,GLT8D2,NM_001316967
ENSG00000120885,4,CLU,NM_001831
ENSG00000120937,3,NPPB,NM_002521
ENSG00000120949,13,TNFRSF8,NM_001243
ENSG00000121005,1,CRISPLD1,NM_001286777
ENSG00000121039,11,RDH10,NM_172037
ENSG00000121057,4,AKAP1,NM_001242902
ENSG00000121207,4,LRAT,NM_001301645
ENSG00000121316,12,PLBD1,NM_024829
ENSG00000121440,6,PDZRN3,NM_001303139
ENSG00000121454,13,LHX4,NM_033343
ENSG00000121570,4,DPPA4,NM_001348928
ENSG00000121690,15,DEPDC7,NM_001077242
ENSG00000121871,6,SLITRK3,NM_001318810
ENSG00000121898,11,CPXM2,NM_198148
ENSG00000121904,4,CSMD2,NM_001281956
ENSG00000121966,1,CXCR4,NM_001008540
ENSG00000122042,9,UBL3,NM_007106
ENSG00000122068,5,FYTTD1,NM_001011537
ENSG00000122378,1,PRXL2A,NM_001243778
ENSG00000122432,20,SPATA1,NM_001081472
ENSG00000122585,1,NPY,NM_000905
ENSG00000122641,7,INHBA,NM_002192
ENSG00000122642,6,FKBP9,NM_001284341
ENSG00000122644,1,ARL4A,NM_001037164
ENSG00000122691,6,TWIST1,NM_000474
ENSG00000122694,13,GLIPR2,NM_001287010
ENSG00000122779,15,TRIM24,NM_003852
ENSG00000122861,13,PLAU,NM_001145031
ENSG00000122863,1,CHST3,NM_004273
ENSG00000122870,6,BICC1,NM_001080512
ENSG00000123096,6,SSPN,NM_001135823
ENSG00000123104,15,ITPR2,NM_001414174
ENSG00000123119,15,NECAB1,NM_022351
ENSG00000123405,15,NFE2,NM_001136023
ENSG00000123560,17,PLP1,NM_000533
ENSG00000123570,8,RAB9B,NM_016370
ENSG00000123572,7,NRK,NM_198465
ENSG00000123600,4,METTL8,NM_001321154
ENSG00000123684,21,LPGAT1,NM_001320808
ENSG00000123810,6,B9D2,NM_030578
ENSG00000123933,1,MXD4,NM_006454
ENSG00000123977,7,DAW1,NM_001330004
ENSG00000124092,15,CTCFL,NM_001269040
ENSG00000124107,12,SLPI,NM_003064
ENSG00000124194,4,GDAP1L1,NM_001256737
ENSG00000124205,6,EDN3,NM_000114
ENSG00000124216,4,SNAI1,NM_005985
ENSG00000124302,2,CHST8,NM_001127895
ENSG00000124406,4,ATP8A1,NM_001105529
ENSG00000124493,4,GRM4,NM_000841
ENSG00000124507,13,PACSIN1,NM_001199583
ENSG00000124570,1,SERPINB6,NM_001195291
ENSG00000124588,15,NQO2,NM_000904
ENSG00000124749,1,COL21A1,NM_001318751
ENSG00000124762,13,CDKN1A,NM_000389
ENSG00000124766,1,SOX4,NM_003107
ENSG00000124788,7,ATXN1,NM_000332
ENSG00000124813,6,RUNX2,NM_001015051
ENSG00000124839,4,RAB17,NM_022449
ENSG00000124920,6,MYRF,NM_001127392
ENSG00000124942,7,AHNAK,NM_001346445
ENSG00000125144,4,MT1G,NM_001301267
ENSG00000125266,1,EFNB2,NM_001372056
ENSG00000125337,17,KIF25,NM_005355
ENSG00000125355,6,TMEM255A,NM_001104544
ENSG00000125378,6,BMP4,NM_001202
ENSG00000125675,6,GRIA3,NM_000828
ENSG00000125730,4,C3,NM_000064
ENSG00000125731,14,SH2D3A,NM_001386583
ENSG00000125733,4,TRIP10,NM_001288962
ENSG00000125740,8,FOSB,NM_001114171
ENSG00000125798,9,FOXA2,NM_021784
ENSG00000125820,9,NKX2-2,NM_002509
ENSG00000125845,1,BMP2,NM_001200
ENSG00000125850,14,OVOL2,NM_001303461
ENSG00000125851,6,PCSK2,NM_001201528
ENSG00000125895,12,TMEM74B,NM_001304748
ENSG00000125945,1,ZNF436,NM_001077195
ENSG00000125968,15,ID1,NM_002165
ENSG00000126016,9,AMOT,NM_001113490
ENSG00000126500,6,FLRT1,NM_001384466
ENSG00000126746,6,ZNF384,NM_001039916
ENSG00000126778,3,SIX1,NM_005982
ENSG00000126803,4,HSPA2,NM_001387931
ENSG00000126882,13,FAM78A,NM_001399459
ENSG00000126953,4,TIMM8A,NM_001145951
ENSG00000127124,10,HIVEP3,NM_001127714
ENSG00000127220,7,ABHD8,NM_024527
ENSG00000127249,1,ATP13A4,NM_032279
ENSG00000127415,3,IDUA,NM_000203
ENSG00000127418,1,FGFRL1,NM_001004356
ENSG00000127561,14,SYNGR3,NM_004209
ENSG00000127578,6,WFIKKN1,NM_053284
ENSG00000127585,4,FBXL16,NM_153350
ENSG00000127824,4,TUBA4A,NM_001278552
ENSG00000127831,4,VIL1,NM_007127
ENSG00000127863,6,TNFRSF19,NM_001204458
ENSG00000127920,6,GNG11,NM_004126
ENSG00000128040,14,SPINK2,NM_001271718
ENSG00000128052,4,KDR,NM_002253
ENSG00000128268,6,MGAT3,NM_001098270
ENSG00000128422,4,KRT17,NM_000422
ENSG00000128564,13,VGF,NM_003378
ENSG00000128567,13,PODXL,NM_001018111
ENSG00000128573,6,FOXP2,NM_001172766
ENSG00000128594,19,LRRC4,NM_022143
ENSG00000128596,20,CCDC136,NM_001201372
ENSG00000128610,17,FEZF1,NM_001024613
ENSG00000128655,6,PDE11A,NM_001077196
ENSG00000128805,15,ARHGAP22,NM_001256024
ENSG00000128849,15,CGNL1,NM_001252335
ENSG00000128872,6,TMOD2,NM_001142885
ENSG00000129116,8,PALLD,NM_001166108
ENSG00000129173,7,E2F8,NM_001256371
ENSG00000129354,15,AP1M2,NM_001300887
ENSG00000129355,7,CDKN2D,NM_001800
ENSG00000129422,15,MTUS1,NM_001001924
ENSG00000129474,1,AJUBA,NM_001289097
ENSG00000129514,6,FOXA1,NM_004496
ENSG00000129596,8,CDO1,NM_001323565
ENSG00000129654,8,FOXJ1,NM_001454
ENSG00000129657,5,SEC14L1,NM_001039573
ENSG00000129667,4,RHBDF2,NM_001005498
ENSG00000129675,12,ARHGEF6,NM_001306177
ENSG00000129757,3,CDKN1C,NM_000076
ENSG00000129946,6,SHC2,NM_001387056
ENSG00000130055,11,GDPD2,NM_001171191
ENSG00000130182,4,ZSCAN10,NM_001282415
ENSG00000130203,4,APOE,NM_000041
ENSG00000130222,7,GADD45G,NM_006705
ENSG00000130224,19,LRCH2,NM_001243963
ENSG00000130270,12,ATP8B3,NM_001178002
ENSG00000130294,15,KIF1A,NM_001244008
ENSG00000130303,4,BST2,NM_004335
ENSG00000130347,14,RTN4IP1,NM_001318746
ENSG00000130449,1,ZSWIM6,NM_020928
ENSG00000130477,4,UNC13A,NM_001080421
ENSG00000130558,4,OLFM1,NM_001282611
ENSG00000130707,4,ASS1,NM_000050
ENSG00000130720,4,FIBCD1,NM_001145106
ENSG00000130762,4,ARHGEF16,NM_014448
ENSG00000130768,4,SMPDL3B,NM_001009568
ENSG00000130775,4,THEMIS2,NM_001039477
ENSG00000130813,4,SHFL,NM_001308277
ENSG00000130821,4,SLC6A8,NM_001142805
ENSG00000130822,17,PNCK,NM_001039582
ENSG00000130844,15,ZNF331,NM_001079906
ENSG00000130940,20,CASZ1,NM_001039183
ENSG00000130956,6,HABP4,NM_014282
ENSG00000130962,7,PRRG1,NM_000950
ENSG00000130997,7,POLN,NM_181808
ENSG00000131018,7,SYNE1,NM_001099267
ENSG00000131094,7,C1QL1,NM_006688
ENSG00000131116,6,ZNF428,NM_182498
ENSG00000131378,1,RFTN1,NM_015150
ENSG00000131409,10,LRRC4B,NM_001080457
ENSG00000131459,14,GFPT2,NM_005110
ENSG00000131477,6,RAMP2,NM_005854
ENSG00000131584,7,ACAP3,NM_030649
ENSG00000131620,14,ANO1,NM_001378092
ENSG00000131653,15,TRAF7,NM_032271
ENSG00000131771,4,PPP1R1B,NM_001242464
ENSG00000131914,4,LIN28A,NM_024674
ENSG00000131981,15,LGALS3,NM_001177388
ENSG00000132274,4,TRIM22,NM_001199573
ENSG00000132326,3,PER2,NM_003894
ENSG00000132329,7,RAMP1,NM_001308353
ENSG00000132359,4,RAP1GAP2,NM_001100398
ENSG00000132386,6,SERPINF1,NM_001329903
ENSG00000132437,8,DDC,NM_000790
ENSG00000132554,6,RGS22,NM_001286692
ENSG00000132561,7,MATN2,NM_001317748
ENSG00000132570,15,PCBD2,NM_032151
ENSG00000132613,6,MTSS2,NM_138383
ENSG00000132622,15,HSPA12B,NM_001197327
ENSG00000132639,7,SNAP25,NM_001322902
ENSG00000132669,5,RIN2,NM_001242581
ENSG00000132698,4,RAB25,NM_020387
ENSG00000132718,3,SYT11,NM_152280
ENSG00000132749,12,TESMIN,NM_001039656
ENSG00000132854,6,KANK4,NM_001320269
ENSG00000132970,1,WASF3,NM_001291965
ENSG00000133019,15,CHRM3,NM_000740
ENSG00000133067,17,LGR6,NM_001017403
ENSG00000133115,17,STOML3,NM_001144033
ENSG00000133124,17,IRS4,NM_001379150
ENSG00000133131,6,MORC4,NM_001085354
ENSG00000133136,10,GNG5B,NM_001396022
ENSG00000133216,8,EPHB2,NM_001309192
ENSG00000133401,15,PDZD2,NM_015022
ENSG00000133424,4,LARGE1,NM_001362949
ENSG00000133466,20,C1QTNF6,NM_001365878
ENSG00000133477,15,FAM83F,NM_138435
ENSG00000133639,9,BTG1,NM_001731
ENSG00000133687,12,TMTC1,NM_001193451
ENSG00000133710,15,SPINK5,NM_001127698
ENSG00000133816,14,MICAL2,NM_001282663
ENSG00000133878,11,DUSP26,NM_001305115
ENSG00000133937,9,GSC,NM_173849
ENSG00000133980,4,VRTN,NM_018228
ENSG00000134202,7,GSTM3,NM_000849
ENSG00000134207,4,SYT6,NM_001253772
ENSG00000134240,5,HMGCS2,NM_001166107
ENSG00000134250,1,NOTCH2,NM_001200001
ENSG00000134259,7,NGF,NM_002506
ENSG00000134291,6,TMEM106C,NM_001143841
ENSG00000134317,5,GRHL1,NM_198182
ENSG00000134323,4,MYCN,NM_001293228
ENSG00000134330,8,IAH1,NM_001039613
ENSG00000134352,6,IL6ST,NM_001190981
ENSG00000134363,4,FST,NM_006350
ENSG00000134438,17,RAX,NM_013435
ENSG00000134508,4,CABLES1,NM_001100619
ENSG00000134531,6,EMP1,NM_001423
ENSG00000134532,19,SOX5,NM_001261414
ENSG00000134533,6,RERG,NM_001190726
ENSG00000134594,6,RAB33A,NM_004794
ENSG00000134595,9,SOX3,NM_005634
ENSG00000134684,13,YARS1,NM_003680
ENSG00000134769,6,DTNA,NM_001128175
ENSG00000134775,17,FHOD3,NM_001281739
ENSG00000134817,17,APLNR,NM_005161
ENSG00000134873,13,CLDN10,NM_001160100
ENSG00000134986,8,NREP,NM_001142474
ENSG00000134996,15,OSTF1,NM_012383
ENSG00000135046,6,ANXA1,NM_000700
ENSG00000135063,7,ENTREP1,NM_001127608
ENSG00000135116,15,HRK,NM_003806
ENSG00000135127,4,BICDL1,NM_001367886
ENSG00000135144,1,DTX1,NM_004416
ENSG00000135205,6,CCDC146,NM_020879
ENSG00000135248,4,GARIN1B,NM_001282788
ENSG00000135298,6,ADGRB3,NM_001704
ENSG00000135299,1,ANKRD6,NM_001242809
ENSG00000135333,1,EPHA7,NM_001288629
ENSG00000135362,4,PRR5L,NM_001160167
ENSG00000135480,15,KRT7,NM_005556
ENSG00000135525,4,MAP7,NM_001198608
ENSG00000135540,7,NHSL1,NM_001144060
ENSG00000135547,13,HEY2,NM_012259
ENSG00000135596,6,MICAL1,NM_001159291
ENSG00000135749,4,PCNX2,NM_001328607
ENSG00000135750,4,KCNK1,NM_002245
ENSG00000135828,1,RNASEL,NM_021133
ENSG00000135838,1,NPL,NM_001200050
ENSG00000135842,6,NIBAN1,NM_052966
ENSG00000135905,8,DOCK10,NM_001290263
ENSG00000135919,4,SERPINE2,NM_001136528
ENSG00000135926,6,TMBIM1,NM_001321427
ENSG00000135929,7,CYP27A1,NM_000784
ENSG00000136010,13,ALDH1L2,NM_001034173
ENSG00000136014,4,USP44,NM_001042403
ENSG00000136040,1,PLXNC1,NM_005761
ENSG00000136099,13,PCDH8,NM_002590
ENSG00000136110,13,CNMD,NM_001011705
ENSG00000136160,15,EDNRB,NM_000115
ENSG00000136327,9,NKX2-8,NM_014360
ENSG00000136352,1,NKX2-1,NM_001079668
ENSG00000136378,8,ADAMTS7,NM_014272
ENSG00000136383,1,ALPK3,NM_020778
ENSG00000136451,3,VEZF1,NM_001330393
ENSG00000136541,1,ERMN,NM_001009959
ENSG00000136546,6,SCN7A,NM_002976
ENSG00000136811,5,ODF2,NM_001242352
ENSG00000136840,6,ST6GALNAC4,NM_014403
ENSG00000136943,4,CTSV,NM_001201575
ENSG00000136960,6,ENPP2,NM_001040092
ENSG00000136982,15,DSCC1,NM_024094
ENSG00000137166,6,FOXP4,NM_001012426
ENSG00000137393,11,RNF144B,NM_182757
ENSG00000137460,4,FHDC1,NM_001371116
ENSG00000137502,7,RAB30,NM_001286059
ENSG00000137558,6,PI15,NM_001324403
ENSG00000137573,6,SULF1,NM_001128204
ENSG00000137642,4,SORL1,NM_003105
ENSG00000137801,8,THBS1,NM_003246
ENSG00000137834,1,SMAD6,NM_001142861
ENSG00000137841,14,PLCB2,NM_001284297
ENSG00000137868,4,STRA6,NM_001142617
ENSG00000137936,1,BCAR3,NM_001261408
ENSG00000137955,4,RABGGTB,NM_004582
ENSG00000137962,6,ARHGAP29,NM_001328664
ENSG00000138036,6,DYNC2LI1,NM_001012665
ENSG00000138061,14,CYP1B1,NM_000104
ENSG00000138083,1,SIX3,NM_005413
ENSG00000138119,6,MYOF,NM_013451
ENSG00000138135,4,CH25H,NM_003956
ENSG00000138166,4,DUSP5,NM_004419
ENSG00000138172,7,CALHM2,NM_015916
ENSG00000138182,15,KIF20B,NM_001284259
ENSG00000138193,6,PLCE1,NM_001165979
ENSG00000138316,7,ADAMTS14,NM_080722
ENSG00000138380,17,CARF,NM_001104586
ENSG00000138395,13,CDK15,NM_001261435
ENSG00000138411,8,HECW2,NM_001304840
ENSG00000138434,6,ITPRID2,NM_001130445
ENSG00000138435,6,CHRNA1,NM_000079
ENSG00000138449,6,SLC40A1,NM_014585
ENSG00000138587,11,MNS1,NM_018365
ENSG00000138606,10,SHF,NM_001301168
ENSG00000138622,4,HCN4,NM_005477
ENSG00000138642,11,HERC6,NM_001013000
ENSG00000138646,4,HERC5,NM_016323
ENSG00000138650,10,PCDH10,NM_020815
ENSG00000138670,1,RASGEF1B,NM_001300735
ENSG00000138675,9,FGF5,NM_001291812
ENSG00000138685,4,FGF2,NM_001361665
ENSG00000138696,6,BMPR1B,NM_001203
ENSG00000138722,6,MMRN1,NM_001371403
ENSG00000138758,6,SEPTIN11,NM_001306147
ENSG00000138759,4,FRAS1,NM_001166133
ENSG00000138764,1,CCNG2,NM_004354
ENSG00000138768,4,USO1,NM_001290049
ENSG00000138792,6,ENPEP,NM_001379611
ENSG00000138795,1,LEF1,NM_001130713
ENSG00000138829,1,FBN2,NM_001999
ENSG00000138944,6,SHISAL1,NM_001099294
ENSG00000139117,6,CPNE8,NM_153634
ENSG00000139174,6,PRICKLE1,NM_001144881
ENSG00000139209,6,SLC38A4,NM_001143824
ENSG00000139211,19,AMIGO2,NM_001143668
ENSG00000139219,6,COL2A1,NM_001844
ENSG00000139263,1,LRIG3,NM_001136051
ENSG00000139289,13,PHLDA1,NM_007350
ENSG00000139318,20,DUSP6,NM_001946
ENSG00000139329,6,LUM,NM_002345
ENSG00000139364,4,TMEM132B,NM_001286219
ENSG00000139438,3,FAM222A,NM_032829
ENSG00000139597,15,N4BP2L1,NM_001079691
ENSG00000139625,12,MAP3K12,NM_001193511
ENSG00000139629,12,GALNT6,NM_007210
ENSG00000139631,5,CSAD,NM_001244705
ENSG00000139714,6,MORN3,NM_001363685
ENSG00000139793,6,MBNL2,NM_001306070
ENSG00000139800,4,ZIC5,NM_033132
ENSG00000139835,14,GRTP1,NM_001286732
ENSG00000139865,6,TTC6,NM_001007795
ENSG00000139910,6,NOVA1,NM_001366390
ENSG00000139971,5,ARMH4,NM_001001872
ENSG00000140015,17,KCNH5,NM_139318
ENSG00000140092,7,FBLN5,NM_001384158
ENSG00000140105,4,WARS1,NM_004184
ENSG00000140285,6,FGF7,NM_002009
ENSG00000140416,1,TPM1,NM_000366
ENSG00000140451,15,PIF1,NM_001286496
ENSG00000140455,6,USP3,NM_001256702
ENSG00000140527,8,WDR93,NM_001284395
ENSG00000140534,13,TICRR,NM_001308025
ENSG00000140545,15,MFGE8,NM_001114614
ENSG00000140557,8,ST8SIA2,NM_001330416
ENSG00000140577,6,CRTC3,NM_001042574
ENSG00000140600,4,SH3GL3,NM_001301108
ENSG00000140650,15,PMM2,NM_000303
ENSG00000140743,12,CDR2,NM_001802
ENSG00000140807,8,NKD1,NM_033119
ENSG00000140832,14,MARVELD3,NM_001017967
ENSG00000140931,8,CMTM3,NM_001048251
ENSG00000140937,6,CDH11,NM_001308392
ENSG00000140968,7,IRF8,NM_001363907
ENSG00000141052,6,MYOCD,NM_001146312
ENSG00000141232,12,TOB1,NM_001243877
ENSG00000141314,4,RHBDL3,NM_001330181
ENSG00000141337,4,ARSG,NM_001267727
ENSG00000141384,4,TAF4B,NM_001293725
ENSG00000141385,15,AFG3L2,NM_006796
ENSG00000141431,6,ASXL3,NM_030632
ENSG00000141449,9,GREB1L,NM_001142966
ENSG00000141519,6,CCDC40,NM_001243342
ENSG00000141526,3,SLC16A3,NM_001042422
ENSG00000141542,19,RAB40B,NM_006822
ENSG00000141570,8,CBX8,NM_020649
ENSG00000141576,6,RNF157,NM_001330501
ENSG00000141622,3,ARK2C,NM_001256758
ENSG00000141642,1,ELAC1,NM_018696
ENSG00000141655,4,TNFRSF11A,NM_001270949
ENSG00000141682,12,PMAIP1,NM_001382615
ENSG00000141738,4,GRB7,NM_001030002
ENSG00000141837,1,CACNA1A,NM_000068
ENSG00000141934,4,PLPP2,NM_003712
ENSG00000142156,11,COL6A1,NM_001848
ENSG00000142173,13,COL6A2,NM_001849
ENSG00000142197,3,DOP1B,NM_001320714
ENSG00000142233,21,NTN5,NM_145807
ENSG00000142273,13,CBLC,NM_001130852
ENSG00000142327,6,RNPEPL1,NM_018226
ENSG00000142408,4,CACNG8,NM_031895
ENSG00000142530,17,GARIN5A,NM_001308429
ENSG00000142621,6,FHAD1,NM_001387888
ENSG00000142627,17,EPHA2,NM_001329090
ENSG00000142675,14,CNKSR1,NM_001297647
ENSG00000142686,11,C1orf216,NM_001348691
ENSG00000142698,14,C1orf94,NM_001134734
ENSG00000142765,4,SYTL1,NM_001193308
ENSG00000142784,8,WDTC1,NM_001276252
ENSG00000142871,8,CCN1,NM_001554
ENSG00000143036,15,SLC44A3,NM_001114106
ENSG00000143147,8,GPR161,NM_001267609
ENSG00000143195,1,ILDR2,NM_001410891
ENSG00000143248,8,RGS5,NM_001195303
ENSG00000143320,4,CRABP2,NM_001199723
ENSG00000143344,1,RGL1,NM_001297669
ENSG00000143469,4,SYT14,NM_001146261
ENSG00000143479,6,DYRK3,NM_001004023
ENSG00000143494,15,VASH2,NM_001136474
ENSG00000143499,5,SMYD2,NM_020197
ENSG00000143507,1,DUSP10,NM_007207
ENSG00000143537,7,ADAM15,NM_001261464
ENSG00000143590,2,EFNA3,NM_004952
ENSG00000143603,17,KCNN3,NM_001204087
ENSG00000143632,4,ACTA1,NM_001100
ENSG00000143669,6,LYST,NM_000081
ENSG00000143674,15,MAP3K21,NM_032435
ENSG00000143768,1,LEFTY2,NM_001172425
ENSG00000143819,11,EPHX1,NM_000120
ENSG00000143842,4,SOX13,NM_005686
ENSG00000143847,12,PPFIA4,NM_001304331
ENSG00000143850,20,PLEKHA6,NM_014935
ENSG00000143869,6,GDF7,NM_182828
ENSG00000143995,8,MEIS1,NM_002398
ENSG00000144057,6,ST6GAL2,NM_001142351
ENSG00000144061,6,NPHP1,NM_000272
ENSG00000144134,8,RABL2A,NM_001306158
ENSG00000144152,8,FBLN7,NM_001128165
ENSG00000144218,1,AFF3,NM_001025108
ENSG00000144227,8,NXPH2,NM_007226
ENSG00000144339,7,TMEFF2,NM_001305134
ENSG00000144354,14,CDCA7,NM_031942
ENSG00000144485,7,HES6,NM_001142853
ENSG00000144583,12,MARCHF4,NM_020814
ENSG00000144642,8,RBMS3,NM_001003792
ENSG00000144644,6,GADL1,NM_207359
ENSG00000144645,6,OSBPL10,NM_001174060
ENSG00000144668,6,ITGA9,NM_002207
ENSG00000144681,6,STAC,NM_001292049
ENSG00000144749,15,LRIG1,NM_001377344
ENSG00000144771,8,LRTM1,NM_001304389
ENSG00000144802,4,NFKBIZ,NM_001005474
ENSG00000144824,6,PHLDB2,NM_001134437
ENSG00000144834,3,TAGLN3,NM_001008272
ENSG00000144847,8,IGSF11,NM_001015887
ENSG00000144857,4,BOC,NM_001301861
ENSG00000145147,6,SLIT2,NM_001289135
ENSG00000145244,6,CORIN,NM_001278585
ENSG00000145284,19,SCD5,NM_001037582
ENSG00000145349,6,CAMK2D,NM_001221
ENSG00000145365,1,TIFA,NM_052864
ENSG00000145423,4,SFRP2,NM_003013
ENSG00000145431,6,PDGFC,NM_016205
ENSG00000145451,6,GLRA3,NM_001042543
ENSG00000145536,2,ADAMTS16,NM_139056
ENSG00000145555,1,MYO10,NM_012334
ENSG00000145626,14,UGT3A1,NM_001171873
ENSG00000145632,6,PLK2,NM_001252226
ENSG00000145675,6,PIK3R1,NM_001242466
ENSG00000145681,6,HAPLN1,NM_001884
ENSG00000145685,15,LHFPL2,NM_005779
ENSG00000145721,9,LIX1,NM_153234
ENSG00000145730,1,PAM,NM_000919
ENSG00000145794,13,MEGF10,NM_001256545
ENSG00000145808,4,ADAMTS19,NM_133638
ENSG00000145920,4,CPLX2,NM_001008220
ENSG00000145990,15,GFOD1,NM_001242628
ENSG00000146070,15,PLA2G7,NM_001168357
ENSG00000146151,6,HMGCLL1,NM_001042406
ENSG00000146242,8,TPBG,NM_001166392
ENSG00000146409,13,SLC18B1,NM_052831
ENSG00000146530,4,VWDE,NM_001135924
ENSG00000146555,18,SDK1,NM_001079653
ENSG00000146648,6,EGFR,NM_001346897
ENSG00000146670,15,CDCA5,NM_080668
ENSG00000146904,4,EPHA1,NM_005232
ENSG00000146966,6,DENND2A,NM_001318052
ENSG00000147027,8,TMEM47,NM_031442
ENSG00000147041,6,SYTL5,NM_001163334
ENSG00000147119,12,CHST7,NM_019886
ENSG00000147251,15,DOCK11,NM_144658
ENSG00000147257,1,GPC3,NM_001164617
ENSG00000147324,4,MFHAS1,NM_004225
ENSG00000147459,12,DOCK5,NM_001322810
ENSG00000147536,14,GINS4,NM_032336
ENSG00000147601,4,TERF1,NM_001410928
ENSG00000147655,1,RSPO2,NM_001282863
ENSG00000147676,15,MAL2,NM_052886
ENSG00000147684,15,NDUFB9,NM_001278645
ENSG00000147852,4,VLDLR,NM_001018056
ENSG00000147862,15,NFIB,NM_001190737
ENSG00000147889,1,CDKN2A,NM_000077
ENSG00000148053,6,NTRK2,NM_001007097
ENSG00000148082,9,SHC3,NM_016848
ENSG00000148175,9,STOM,NM_001270526
ENSG00000148180,1,GSN,NM_000177
ENSG00000148204,6,CRB2,NM_173689
ENSG00000148357,4,HMCN2,NM_001291815
ENSG00000148408,4,CACNA1B,NM_000718
ENSG00000148488,17,ST8SIA6,NM_001004470
ENSG00000148516,8,ZEB1,NM_001128128
ENSG00000148541,1,FAM13C,NM_001001971
ENSG00000148677,8,ANKRD1,NM_014391
ENSG00000148737,19,TCF7L2,NM_001146274
ENSG00000148814,5,LRRC27,NM_001143757
ENSG00000148824,19,MTG1,NM_138384
ENSG00000148908,12,RGS10,NM_001005339
ENSG00000148926,4,ADM,NM_001124
ENSG00000149090,4,PAMR1,NM_001001991
ENSG00000149150,14,SLC43A1,NM_001198810
ENSG00000149256,1,TENM4,NM_001098816
ENSG00000149289,1,ZC3H12C,NM_001411037
ENSG00000149328,7,GLB1L2,NM_001370460
ENSG00000149418,4,ST14,NM_021978
ENSG00000149782,4,PLCB3,NM_000932
ENSG00000149970,17,CNKSR2,NM_001168647
ENSG00000150281,3,CTF1,NM_001142544
ENSG00000150347,6,ARID5B,NM_001244638
ENSG00000150471,6,ADGRL3,NM_001322246
ENSG00000150594,4,ADRA2A,NM_000681
ENSG00000150625,6,GPM6A,NM_001261447
ENSG00000150687,1,PRSS23,NM_001293178
ENSG00000150764,6,DIXDC1,NM_001037954
ENSG00000150893,6,FREM2,NM_207361
ENSG00000150907,21,FOXO1,NM_002015
ENSG00000150938,6,CRIM1,NM_016441
ENSG00000151062,20,CACNA2D4,NM_001005737
ENSG00000151090,21,THRB,NM_000461
ENSG00000151224,12,MAT1A,NM_000429
ENSG00000151322,6,NPAS3,NM_001164749
ENSG00000151332,1,MBIP,NM_001144891
ENSG00000151376,1,ME3,NM_001014811
ENSG00000151388,6,ADAMTS12,NM_001324511
ENSG00000151458,6,ANKRD50,NM_001167882
ENSG00000151490,8,PTPRO,NM_002848
ENSG00000151491,6,EPS8,NM_001413831
ENSG00000151617,8,EDNRA,NM_001166055
ENSG00000151690,19,MFSD6,NM_001375986
ENSG00000151778,1,SERP2,NM_001010897
ENSG00000151789,6,ZNF385D,NM_024697
ENSG00000151812,6,SLC35F4,NM_001080455
ENSG00000151876,19,FBXO4,NM_001297437
ENSG00000151892,8,GFRA1,NM_001145453
ENSG00000151917,18,BEND6,NM_001318539
ENSG00000151948,1,GLT1D1,NM_001366886
ENSG00000152056,15,AP1S3,NM_001039569
ENSG00000152061,15,RABGAP1L,NM_001035230
ENSG00000152078,6,TLCD4,NM_001199679
ENSG00000152092,1,ASTN1,NM_001286164
ENSG00000152137,18,HSPB8,NM_014365
ENSG00000152154,6,TMEM178A,NM_001167959
ENSG00000152208,4,GRID2,NM_001286838
ENSG00000152229,19,PSTPIP2,NM_024430
ENSG00000152315,6,KCNK13,NM_022054
ENSG00000152377,8,SPOCK1,NM_004598
ENSG00000152402,6,GUCY1A2,NM_000855
ENSG00000152467,6,ZSCAN1,NM_182572
ENSG00000152518,8,ZFP36L2,NM_006887
ENSG00000152582,6,SPEF2,NM_024867
ENSG00000152642,7,GPD1L,NM_015141
ENSG00000152760,2,DYNLT5,NM_152665
ENSG00000152763,6,DNAI4,NM_024763
ENSG00000152785,5,BMP3,NM_001201
ENSG00000152804,4,HHEX,NM_002729
ENSG00000153071,8,DAB2,NM_001244871
ENSG00000153093,4,ACOXL,NM_001105516
ENSG00000153132,19,CLGN,NM_001130675
ENSG00000153179,4,RASSF3,NM_178169
ENSG00000153266,1,FEZF2,NM_018008
ENSG00000153551,6,CMTM7,NM_138410
ENSG00000153896,6,ZNF599,NM_001007247
ENSG00000153902,21,LGI4,NM_139284
ENSG00000153904,6,DDAH1,NM_001134445
ENSG00000153956,15,CACNA2D1,NM_000722
ENSG00000154027,7,AK5,NM_012093
ENSG00000154065,7,ANKRD29,NM_001308238
ENSG00000154080,7,CHST9,NM_001243848
ENSG00000154099,5,DNAAF1,NM_001318756
ENSG00000154102,12,C16orf74,NM_206967
ENSG00000154134,4,ROBO3,NM_001370356
ENSG00000154146,7,NRGN,NM_001126181
ENSG00000154153,9,RETREG1,NM_001034850
ENSG00000154265,1,ABCA5,NM_018672
ENSG00000154310,7,TNIK,NM_001161560
ENSG00000154319,8,FAM167A,NM_053279
ENSG00000154447,1,SH3RF1,NM_020870
ENSG00000154479,6,CFAP210,NM_001085447
ENSG00000154553,13,PDLIM3,NM_001114107
ENSG00000154556,6,SORBS2,NM_001145670
ENSG00000154645,4,CHODL,NM_001204174
ENSG00000154721,8,JAM2,NM_001270407
ENSG00000154734,7,ADAMTS1,NM_006988
ENSG00000154760,15,SLFN13,NM_144682
ENSG00000154783,12,FGD5,NM_001320276
ENSG00000154822,11,PLCL2,NM_001144382
ENSG00000154856,3,APCDD1,NM_153000
ENSG00000154914,11,USP43,NM_001267576
ENSG00000154928,3,EPHB1,NM_004441
ENSG00000154930,4,ACSS1,NM_001252675
ENSG00000155313,11,USP25,NM_001283041
ENSG00000155367,15,PPM1J,NM_005167
ENSG00000155380,4,SLC16A1,NM_001166496
ENSG00000155760,4,FZD7,NM_003507
ENSG00000155761,6,SPAG17,NM_206996
ENSG00000155846,4,PPARGC1B,NM_001172698
ENSG00000155966,17,AFF2,NM_001169122
ENSG00000155980,4,KIF5A,NM_001354705
ENSG00000156076,4,WIF1,NM_007191
ENSG00000156218,2,ADAMTSL3,NM_001301110
ENSG00000156298,1,TSPAN7,NM_004615
ENSG00000156345,6,CDK20,NM_001039803
ENSG00000156453,4,PCDH1,NM_001278613
ENSG00000156535,13,CD109,NM_001159587
ENSG00000156860,6,FBRS,NM_001105079
ENSG00000156925,4,ZIC3,NM_001330661
ENSG00000156959,4,LHFPL4,NM_198560
ENSG00000156966,12,B3GNT7,NM_145236
ENSG00000157014,15,TATDN2,NM_014760
ENSG00000157064,4,NMNAT2,NM_015039
ENSG00000157110,4,RBPMS,NM_001008710
ENSG00000157111,7,TMEM171,NM_001161342
ENSG00000157168,1,NRG1,NM_001159995
ENSG00000157214,4,STEAP2,NM_001040665
ENSG00000157227,7,MMP14,NM_004995
ENSG00000157423,6,HYDIN,NM_001198542
ENSG00000157445,13,CACNA2D3,NM_018398
ENSG00000157502,6,PWWP3B,NM_001171020
ENSG00000157551,15,KCNJ15,NM_001276435
ENSG00000157570,1,TSPAN18,NM_001031730
ENSG00000157601,18,MX1,NM_001144925
ENSG00000157680,9,DGKI,NM_001321708
ENSG00000157851,6,DPYSL5,NM_001253723
ENSG00000157856,6,DRC1,NM_145038
ENSG00000157992,4,KRTCAP3,NM_001168364
ENSG00000158050,4,DUSP2,NM_004418
ENSG00000158106,5,RHPN1,NM_052924
ENSG00000158125,20,XDH,NM_000379
ENSG00000158164,8,TMSB15A,NM_021992
ENSG00000158201,13,ABHD3,NM_001308256
ENSG00000158246,13,TENT5B,NM_052943
ENSG00000158258,6,CLSTN2,NM_022131
ENSG00000158270,6,COLEC12,NM_030781
ENSG00000158296,4,SLC13A3,NM_001011554
ENSG00000158352,7,SHROOM4,NM_020717
ENSG00000158710,7,TAGLN2,NM_001277223
ENSG00000158715,12,SLC45A3,NM_033102
ENSG00000158747,6,NBL1,NM_001204084
ENSG00000158769,4,F11R,NM_001348091
ENSG00000158966,4,CACHD1,NM_001293274
ENSG00000159079,4,CFAP298,NM_001350334
ENSG00000159166,14,LAD1,NM_005558
ENSG00000159167,4,STC1,NM_003155
ENSG00000159173,7,TNNI1,NM_003281
ENSG00000159176,5,CSRP1,NM_001144773
ENSG00000159251,17,ACTC1,NM_001406482
ENSG00000159307,6,SCUBE1,NM_152514
ENSG00000159388,17,BTG2,NM_006763
ENSG00000159399,4,HK2,NM_000189
ENSG00000159713,7,TPPP3,NM_015964
ENSG00000159720,19,ATP6V0D1,NM_004691
ENSG00000159788,8,RGS12,NM_001394154
ENSG00000159921,5,GNE,NM_001128227
ENSG00000160094,10,ZNF362,NM_001370212
ENSG00000160097,9,FNDC5,NM_001171940
ENSG00000160111,5,CPAMD8,NM_015692
ENSG00000160179,12,ABCG1,NM_004915
ENSG00000160188,6,RSPH1,NM_001286506
ENSG00000160216,6,AGPAT3,NM_001037553
ENSG00000160360,8,GPSM1,NM_001145638
ENSG00000160606,4,TLCD1,NM_001160407
ENSG00000160685,14,ZBTB7B,NM_001252406
ENSG00000160752,7,FDPS,NM_001135821
ENSG00000160867,12,FGFR4,NM_001291980
ENSG00000160957,15,RECQL4,NM_001413017
ENSG00000160991,6,ORAI2,NM_001126340
ENSG00000161249,4,DMKN,NM_001035516
ENSG00000161682,6,FAM171A2,NM_198475
ENSG00000161714,7,PLCD3,NM_133373
ENSG00000162004,15,CCDC78,NM_001031737
ENSG00000162105,4,SHANK2,NM_001379226
ENSG00000162344,4,FGF19,NM_005117
ENSG00000162373,1,BEND5,NM_001302082
ENSG00000162374,8,ELAVL4,NM_001144774
ENSG00000162407,18,PLPP3,NM_003713
ENSG00000162433,12,AK4,NM_001005353
ENSG00000162490,4,DRAXIN,NM_198545
ENSG00000162493,15,PDPN,NM_001006624
ENSG00000162496,4,DHRS3,NM_001319225
ENSG00000162510,14,MATN1,NM_002379
ENSG00000162551,4,ALPL,NM_000478
ENSG00000162552,4,WNT4,NM_030761
ENSG00000162599,5,NFIA,NM_001134673
ENSG00000162614,6,NEXN,NM_001172309
ENSG00000162631,6,NTNG1,NM_001113226
ENSG00000162669,5,HFM1,NM_001017975
ENSG00000162692,6,VCAM1,NM_001078
ENSG00000162729,12,IGSF8,NM_001206665
ENSG00000162733,6,DDR2,NM_001014796
ENSG00000162734,6,PEA15,NM_001297576
ENSG00000162745,11,OLFML2B,NM_001297713
ENSG00000162761,8,LMX1A,NM_001033507
ENSG00000162769,4,FLVCR1,NM_014053
ENSG00000162814,6,SPATA17,NM_001375655
ENSG00000162817,4,C1orf115,NM_024709
ENSG00000162836,20,ACP6,NM_001323625
ENSG00000162873,3,KLHDC8A,NM_001271863
ENSG00000162929,6,SANBR,NM_001129993
ENSG00000162975,7,KCNF1,NM_002236
ENSG00000162981,6,LRATD1,NM_001291410
ENSG00000162994,5,CLHC1,NM_001135598
ENSG00000162998,9,FRZB,NM_001463
ENSG00000162999,20,DUSP19,NM_001142314
ENSG00000163032,4,VSNL1,NM_001366803
ENSG00000163053,6,SLC16A14,NM_152527
ENSG00000163075,6,CFAP221,NM_001029996
ENSG00000163093,6,BBS5,NM_152384
ENSG00000163141,13,BNIPL,NM_001159642
ENSG00000163171,6,CDC42EP3,NM_001270436
ENSG00000163251,9,FZD5,NM_003468
ENSG00000163297,1,ANTXR2,NM_001145794
ENSG00000163347,7,CLDN1,NM_021101
ENSG00000163359,11,COL6A3,NM_004369
ENSG00000163376,19,KBTBD8,NM_032505
ENSG00000163431,6,LMOD1,NM_012134
ENSG00000163435,12,ELF3,NM_001114309
ENSG00000163449,19,TMEM169,NM_001142310
ENSG00000163513,5,TGFBR2,NM_001024847
ENSG00000163531,4,NFASC,NM_001005387
ENSG00000163536,5,SERPINI1,NM_001122752
ENSG00000163590,6,PPM1L,NM_001317911
ENSG00000163617,6,CCDC191,NM_001353766
ENSG00000163624,14,CDS1,NM_001263
ENSG00000163629,1,PTPN13,NM_006264
ENSG00000163638,8,ADAMTS9,NM_001318781
ENSG00000163644,11,PPM1K,NM_152542
ENSG00000163661,1,PTX3,NM_002852
ENSG00000163666,17,HESX1,NM_001376058
ENSG00000163686,8,ABHD6,NM_001320126
ENSG00000163694,4,RBM47,NM_001098634
ENSG00000163710,4,PCOLCE2,NM_013363
ENSG00000163735,4,CXCL5,NM_002994
ENSG00000163814,4,CDCP1,NM_022842
ENSG00000163827,12,LRRC2,NM_024512
ENSG00000163879,6,DNALI1,NM_003462
ENSG00000163885,6,CFAP100,NM_182628
ENSG00000163888,4,CAMK2N2,NM_033259
ENSG00000163931,15,TKT,NM_001064
ENSG00000163995,8,ABLIM2,NM_001130083
ENSG00000164023,7,SGMS2,NM_001136257
ENSG00000164048,4,ZNF589,NM_016089
ENSG00000164076,4,CAMKV,NM_001320147
ENSG00000164093,6,PITX2,NM_000325
ENSG00000164100,6,NDST3,NM_004784
ENSG00000164142,4,FHIP1A,NM_001109977
ENSG00000164176,7,EDIL3,NM_001278642
ENSG00000164181,4,ELOVL7,NM_001104558
ENSG00000164251,4,F2RL1,NM_005242
ENSG00000164265,4,SCGB3A2,NM_054023
ENSG00000164292,6,RHOBTB3,NM_014899
ENSG00000164300,1,SERINC5,NM_001174071
ENSG00000164308,4,ERAP2,NM_001130140
ENSG00000164344,15,KLKB1,NM_000892
ENSG00000164362,4,TERT,NM_001193376
ENSG00000164434,8,FABP7,NM_001319039
ENSG00000164440,6,TXLNB,NM_153235
ENSG00000164488,4,DACT2,NM_001286350
ENSG00000164542,6,MATCAP2,NM_001100425
ENSG00000164591,12,MYOZ3,NM_001122853
ENSG00000164626,4,KCNK5,NM_003740
ENSG00000164638,6,SLC29A4,NM_001040661
ENSG00000164649,15,CDCA7L,NM_001127370
ENSG00000164651,14,SP8,NM_182700
ENSG00000164683,10,HEY1,NM_001040708
ENSG00000164690,1,SHH,NM_000193
ENSG00000164741,6,DLC1,NM_001164271
ENSG00000164742,4,ADCY1,NM_001281768
ENSG00000164794,12,KCNV1,NM_014379
ENSG00000164841,17,TMEM74,NM_153015
ENSG00000164850,6,GPER1,NM_001031682
ENSG00000164916,3,FOXK1,NM_001037165
ENSG00000164929,7,BAALC,NM_001024372
ENSG00000164932,7,CTHRC1,NM_001256099
ENSG00000164946,1,FREM1,NM_001177704
ENSG00000164949,6,GEM,NM_005261
ENSG00000165029,4,ABCA1,NM_005502
ENSG00000165072,6,MAMDC2,NM_001347990
ENSG00000165115,6,KIF27,NM_001271927
ENSG00000165156,6,ZHX1,NM_001017926
ENSG00000165171,12,METTL27,NM_152559
ENSG00000165175,13,MID1IP1,NM_001098790
ENSG00000165181,20,SHOC1,NM_001080551
ENSG00000165186,12,PTCHD1,NM_173495
ENSG00000165194,1,PCDH19,NM_001105243
ENSG00000165215,4,CLDN3,NM_001306
ENSG00000165240,1,ATP7A,NM_000052
ENSG00000165309,6,ARMC3,NM_001282745
ENSG00000165323,6,FAT3,NM_001008781
ENSG00000165349,14,SLC7A3,NM_001048164
ENSG00000165376,19,CLDN2,NM_001171092
ENSG00000165443,1,PHYHIPL,NM_001143774
ENSG00000165462,17,PHOX2A,NM_005169
ENSG00000165475,8,CRYL1,NM_001363647
ENSG00000165495,6,PKNOX2,NM_001382323
ENSG00000165507,4,DEPP1,NM_007021
ENSG00000165511,6,ZNF22-AS1,NM_001039380
ENSG00000165626,8,BEND7,NM_001100912
ENSG00000165644,15,COMTD1,NM_144589
ENSG00000165655,1,ZNF503,NM_032772
ENSG00000165698,6,SPACA9,NM_001316897
ENSG00000165730,1,STOX1,NM_001130159
ENSG00000165731,4,RET,NM_001355216
ENSG00000165795,11,NDRG2,NM_001282211
ENSG00000165802,6,NSMF,NM_001130969
ENSG00000165804,3,ZNF219,NM_001101672
ENSG00000165821,17,SALL2,NM_001291446
ENSG00000165895,11,ARHGAP42,NM_001367945
ENSG00000165905,4,LARGE2,NM_001300721
ENSG00000165912,15,PACSIN3,NM_001184974
ENSG00000165949,6,IFI27,NM_001130080
ENSG00000166016,4,ABTB2,NM_145804
ENSG00000166073,4,GPR176,NM_001271854
ENSG00000166105,4,GLB1L3,NM_001080407
ENSG00000166106,6,ADAMTS15,NM_139055
ENSG00000166145,4,SPINT1,NM_001032367
ENSG00000166147,6,FBN1,NM_000138
ENSG00000166206,15,GABRB3,NM_000814
ENSG00000166257,1,SCN3B,NM_001040151
ENSG00000166347,4,CYB5A,NM_001190807
ENSG00000166387,7,PPFIBP2,NM_001256568
ENSG00000166394,7,CYB5R2,NM_001001336
ENSG00000166407,20,LMO1,NM_001270428
ENSG00000166415,4,WDR72,NM_001277176
ENSG00000166448,6,TMEM130,NM_001134450
ENSG00000166450,8,PRTG,NM_173814
ENSG00000166455,8,C16orf46,NM_001100873
ENSG00000166473,11,PKD1L2,NM_001076780
ENSG00000166596,7,CFAP52,NM_001080556
ENSG00000166736,12,HTR3A,NM_000869
ENSG00000166741,5,NNMT,NM_001372045
ENSG00000166831,4,RBPMS2,NM_194272
ENSG00000166840,4,GLYATL1,NM_001220494
ENSG00000166897,13,ELFN2,NM_052906
ENSG00000166922,9,SCG5,NM_001144757
ENSG00000166949,6,SMAD3,NM_001145102
ENSG00000166963,6,MAP1A,NM_001411089
ENSG00000167103,12,PIP5KL1,NM_001135219
ENSG00000167105,4,TMEM92,NM_001168215
ENSG00000167123,3,CERCAM,NM_001286760
ENSG00000167191,4,GPRC5B,NM_001304771
ENSG00000167281,4,RBFOX3,NM_001025448
ENSG00000167306,4,MYO5B,NM_001080467
ENSG00000167508,7,MVD,NM_002461
ENSG00000167549,15,CORO6,NM_001351301
ENSG00000167550,4,RHEBL1,NM_001303126
ENSG00000167552,6,TUBA1A,NM_001270399
ENSG00000167600,4,CYP2S1,NM_030622
ENSG00000167601,8,AXL,NM_001278599
ENSG00000167700,15,MFSD3,NM_138431
ENSG00000167772,10,ANGPTL4,NM_001039667
ENSG00000167778,2,SPRYD3,NM_032840
ENSG00000167779,17,IGFBP6,NM_002178
ENSG00000167861,8,HID1,NM_030630
ENSG00000167900,15,TK1,NM_001346663
ENSG00000168003,12,SLC3A2,NM_001012661
ENSG00000168060,4,NAALADL1,NM_005468
ENSG00000168077,17,SCARA3,NM_016240
ENSG00000168078,7,PBK,NM_001278945
ENSG00000168079,10,SCARA5,NM_001413201
ENSG00000168209,12,DDIT4,NM_019058
ENSG00000168297,3,PXK,NM_001289095
ENSG00000168309,17,FAM107A,NM_001076778
ENSG00000168386,6,FILIP1L,NM_001042459
ENSG00000168404,13,MLKL,NM_001142497
ENSG00000168421,17,RHOH,NM_001278359
ENSG00000168461,13,RAB31,NM_006868
ENSG00000168481,10,LGI3,NM_139278
ENSG00000168487,6,BMP1,NM_001199
ENSG00000168502,4,MTCL1,NM_001378205
ENSG00000168542,7,COL3A1,NM_000090
ENSG00000168575,8,SLC20A2,NM_001257180
ENSG00000168671,4,UGT3A2,NM_001168316
ENSG00000168672,8,LRATD2,NM_174911
ENSG00000168843,6,FSTL5,NM_001128427
ENSG00000168874,1,ATOH8,NM_032827
ENSG00000168899,8,VAMP5,NM_006634
ENSG00000168913,14,ENHO,NM_198573
ENSG00000168918,4,INPP5D,NM_001017915
ENSG00000168938,11,PPIC,NM_000943
ENSG00000168994,7,PXDC1,NM_183373
ENSG00000169031,1,COL4A3,NM_000091
ENSG00000169047,1,IRS1,NM_005544
ENSG00000169071,4,ROR2,NM_001318204
ENSG00000169105,3,CHST14,NM_130468
ENSG00000169122,6,FAM110B,NM_001377989
ENSG00000169129,17,AFAP1L2,NM_001001936
ENSG00000169193,19,CCDC126,NM_138771
ENSG00000169231,6,THBS3,NM_001252607
ENSG00000169242,7,EFNA1,NM_004428
ENSG00000169245,1,CXCL10,NM_001565
ENSG00000169251,6,NMD3,NM_001320227
ENSG00000169255,6,B3GALNT1,NM_001038628
ENSG00000169282,5,KCNAB1,NM_001308217
ENSG00000169330,17,MINAR1,NM_015206
ENSG00000169403,14,PTAFR,NM_000952
ENSG00000169499,7,PLEKHA2,NM_001410925
ENSG00000169554,1,ZEB2,NM_001171653
ENSG00000169679,14,BUB1,NM_001278616
ENSG00000169692,13,AGPAT2,NM_001012727
ENSG00000169744,6,LDB2,NM_001130834
ENSG00000169750,6,RAC3,NM_001316307
ENSG00000169760,5,NLGN1,NM_001365923
ENSG00000169764,4,UGP2,NM_001001521
ENSG00000169851,6,PCDH7,NM_001173523
ENSG00000169972,13,PUSL1,NM_001346116
ENSG00000170017,7,ALCAM,NM_001243280
ENSG00000170049,10,KCNAB3,NM_004732
ENSG00000170153,5,RNF150,NM_020724
ENSG00000170293,6,CMTM8,NM_001320308
ENSG00000170345,9,FOS,NM_005252
ENSG00000170381,1,SEMA3E,NM_001178129
ENSG00000170382,6,LRRN2,NM_006338
ENSG00000170390,1,DCLK2,NM_001040260
ENSG00000170426,5,SDR9C7,NM_148897
ENSG00000170477,6,KRT4,NM_002272
ENSG00000170537,1,TMC7,NM_001160364
ENSG00000170542,13,SERPINB9,NM_004155
ENSG00000170545,9,SMAGP,NM_001031628
ENSG00000170549,12,IRX1,NM_024337
ENSG00000170558,8,CDH2,NM_001308176
ENSG00000170561,4,IRX2,NM_001134222
ENSG00000170571,4,EMB,NM_198449
ENSG00000170579,4,DLGAP1,NM_001003809
ENSG00000170608,4,FOXA3,NM_004497
ENSG00000170684,4,ZNF296,NM_145288
ENSG00000170703,17,TTLL6,NM_001130918
ENSG00000170891,1,CYTL1,NM_018659
ENSG00000170955,15,CAVIN3,NM_145040
ENSG00000170959,6,DCDC1,NM_001350255
ENSG00000170962,6,PDGFD,NM_025208
ENSG00000170989,6,S1PR1,NM_001320730
ENSG00000171016,6,PYGO1,NM_001330326
ENSG00000171130,6,ATP6V0E2,NM_001100592
ENSG00000171219,15,CDC42BPG,NM_017525
ENSG00000171224,1,FAM241B,NM_145306
ENSG00000171246,18,NPTX1,NM_002522
ENSG00000171385,6,KCND3,NM_001378969
ENSG00000171388,6,APLN,NM_017413
ENSG00000171456,6,ASXL1,NM_001164603
ENSG00000171476,17,HOPX,NM_001145459
ENSG00000171533,8,MAP6,NM_033063
ENSG00000171552,4,BCL2L1,NM_001191
ENSG00000171608,4,PIK3CD,NM_001350234
ENSG00000171617,17,ENC1,NM_001256574
ENSG00000171724,4,VAT1L,NM_020927
ENSG00000171729,15,TMEM51,NM_001136216
ENSG00000171791,6,BCL2,NM_000633
ENSG00000171813,11,PWWP2B,NM_001098637
ENSG00000171843,6,MLLT3,NM_001286691
ENSG00000171956,17,FOXB1,NM_012182
ENSG00000171962,6,DRC3,NM_001130090
ENSG00000172020,4,GAP43,NM_001130064
ENSG00000172037,7,LAMB2,NM_002292
ENSG00000172115,15,CYCS,NM_018947
ENSG00000172159,6,FRMD3,NM_001244959
ENSG00000172183,17,ISG20,NM_001303233
ENSG00000172197,4,MBOAT1,NM_001080480
ENSG00000172216,14,CEBPB,NM_001285878
ENSG00000172260,6,NEGR1,NM_173808
ENSG00000172318,15,B3GALT1,NM_020981
ENSG00000172366,13,MCRIP2,NM_001331229
ENSG00000172379,8,ARNT2,NM_014862
ENSG00000172380,6,GNG12,NM_018841
ENSG00000172458,6,IL17D,NM_001385221
ENSG00000172554,4,SNTG2,NM_018968
ENSG00000172572,7,PDE3A,NM_000921
ENSG00000172594,6,SMPDL3A,NM_001286138
ENSG00000172638,6,EFEMP2,NM_016938
ENSG00000172733,6,PURG,NM_001015508
ENSG00000172794,1,RAB37,NM_001006637
ENSG00000172819,4,RARG,NM_000966
ENSG00000172828,1,CES3,NM_001185176
ENSG00000172987,4,HPSE2,NM_001166244
ENSG00000173013,6,CCDC96,NM_153376
ENSG00000173068,11,BNC2,NM_001317939
ENSG00000173114,1,LRRN3,NM_001099658
ENSG00000173175,12,ADCY5,NM_001199642
ENSG00000173218,6,VANGL1,NM_001172411
ENSG00000173267,12,SNCG,NM_001330120
ENSG00000173320,3,STOX2,NM_020225
ENSG00000173482,6,PTPRM,NM_001105244
ENSG00000173511,6,VEGFB,NM_001243733
ENSG00000173546,13,CSPG4,NM_001897
ENSG00000173698,4,ADGRG2,NM_001079858
ENSG00000173714,4,WFIKKN2,NM_001330341
ENSG00000173890,15,GPR160,NM_014373
ENSG00000173930,15,SLCO4C1,NM_180991
ENSG00000173947,6,PIFO,NM_001300831
ENSG00000174007,6,CEP19,NM_001379468
ENSG00000174099,6,MSRB3,NM_001031679
ENSG00000174106,18,LEMD3,NM_001167614
ENSG00000174450,6,GOLGA6L2,NM_001304388
ENSG00000174564,15,IL20RB,NM_144717
ENSG00000174607,4,UGT8,NM_001128174
ENSG00000174669,11,SLC29A2,NM_001300868
ENSG00000174720,4,LARP7,NM_001267039
ENSG00000174871,6,CNIH2,NM_182553
ENSG00000174938,4,SEZ6L2,NM_001114099
ENSG00000174939,15,ASPHD1,NM_181718
ENSG00000174951,4,FUT1,NM_000148
ENSG00000175093,6,SPSB4,NM_080862
ENSG00000175155,1,YPEL2,NM_001005404
ENSG00000175161,6,CADM2,NM_001167674
ENSG00000175267,6,VWA3A,NM_173615
ENSG00000175274,4,TP53I11,NM_001076787
ENSG00000175352,12,NRIP3,NM_020645
ENSG00000175414,6,ARL10,NM_001317948
ENSG00000175426,15,PCSK1,NM_000439
ENSG00000175505,1,CLCF1,NM_001166212
ENSG00000175611,20,ERCC6L2-AS1,NR_023389
ENSG00000175707,4,KDF1,NM_152365
ENSG00000175745,6,NR2F1,NM_001410754
ENSG00000175874,6,CREG2,NM_153836
ENSG00000175894,11,TSPEAR,NM_001272037
ENSG00000175928,4,LRRN1,NM_001324188
ENSG00000175984,15,DENND2C,NM_001256404
ENSG00000176049,11,JAKMIP2,NM_001270934
ENSG00000176058,15,TPRN,NM_001128228
ENSG00000176204,4,LRRTM4,NM_001134745
ENSG00000176387,12,HSD11B2,NM_000196
ENSG00000176399,6,DMRTA1,NM_022160
ENSG00000176402,4,GJC3,NM_181538
ENSG00000176406,15,RIMS2,NM_001100117
ENSG00000176428,1,VPS37D,NM_001077621
ENSG00000176485,15,PLAAT3,NM_001128203
ENSG00000176532,13,PRR15,NM_001329996
ENSG00000176658,15,MYO1D,NM_001303279
ENSG00000176887,3,SOX11,NM_003108
ENSG00000176907,6,TCIM,NM_020130
ENSG00000176920,15,FUT2,NM_000511
ENSG00000177098,14,SCN4B,NM_001142348
ENSG00000177106,15,EPS8L2,NM_022772
ENSG00000177156,4,TALDO1,NM_006755
ENSG00000177359,3,OVOS2,NM_001080502
ENSG00000177469,7,CAVIN1,NM_012232
ENSG00000177511,17,ST8SIA3,NM_015879
ENSG00000177570,4,SAMD12,NM_001101676
ENSG00000177606,7,JUN,NM_002228
ENSG00000177694,19,NAALADL2,NM_207015
ENSG00000177875,8,CCDC184,NM_001013635
ENSG00000177943,21,MAMDC4,NM_206920
ENSG00000178038,15,ALS2CL,NM_001190707
ENSG00000178104,7,PDE4DIP,NM_001002810
ENSG00000178125,6,PPP1R42,NM_001013626
ENSG00000178343,14,SHISA3,NM_001080505
ENSG00000178381,7,ZFAND2A,NM_001365381
ENSG00000178401,1,DNAJC22,NM_001304944
ENSG00000178403,17,NEUROG2,NM_024019
ENSG00000178409,15,BEND3,NM_001080450
ENSG00000178531,8,CTXN1,NM_206833
ENSG00000178568,7,ERBB4,NM_001042599
ENSG00000178573,19,MAF,NM_001031804
ENSG00000178695,19,KCTD12,NM_138444
ENSG00000178718,4,RPP25,NM_017793
ENSG00000178773,12,CPNE7,NM_014427
ENSG00000178821,15,TMEM52,NM_178545
ENSG00000178878,6,APOLD1,NM_001130415
ENSG00000178919,6,FOXE1,NM_004473
ENSG00000178947,13,SMIM10L2A,NM_203306
ENSG00000179008,1,C14orf39,NM_174978
ENSG00000179046,12,TRIML2,NM_001303419
ENSG00000179059,4,ZFP42,NM_001304358
ENSG00000179178,4,TMEM125,NM_001320244
ENSG00000179195,3,ZNF664,NM_001204298
ENSG00000179241,1,LDLRAD3,NM_001304263
ENSG00000179388,17,EGR3,NM_001199880
ENSG00000179397,8,CATSPERE,NM_001130957
ENSG00000179546,4,HTR1D,NM_000864
ENSG00000179627,7,ZBTB42,NM_001137601
ENSG00000179761,4,PIPOX,NM_016518
ENSG00000179833,6,SERTAD2,NM_014755
ENSG00000179859,20,RNF227,NM_001358699
ENSG00000179902,6,CFAP276,NM_001122961
ENSG00000179915,4,NRXN1,NM_001135659
ENSG00000179954,4,SSC5D,NM_001144950
ENSG00000180190,11,TDRP,NM_001256113
ENSG00000180340,9,FZD2,NM_001466
ENSG00000180440,6,SERTM1,NM_203451
ENSG00000180448,4,ARHGAP45,NM_001258328
ENSG00000180530,6,NRIP1,NM_003489
ENSG00000180537,1,RNF182,NM_001165032
ENSG00000180573,4,H2AC6,NM_003512
ENSG00000180694,15,TMEM64,NM_001008495
ENSG00000180730,9,SHISA2,NM_001007538
ENSG00000180801,8,ARSJ,NM_001354210
ENSG00000180881,6,CAPS2,NM_001286547
ENSG00000180891,8,CUEDC1,NM_001271875
ENSG00000181026,14,AEN,NM_022767
ENSG00000181031,5,RPH3AL,NM_001190411
ENSG00000181274,4,FRAT2,NM_012083
ENSG00000181392,4,SYNE4,NM_001039876
ENSG00000181722,6,ZBTB20,NM_001164342
ENSG00000181744,6,DIPK2A,NM_001134470
ENSG00000181754,1,AMIGO1,NM_020703
ENSG00000181790,4,ADGRB1,NM_001391985
ENSG00000181826,6,RELL1,NM_001085399
ENSG00000181856,11,SLC2A4,NM_001042
ENSG00000181885,4,CLDN7,NM_001185022
ENSG00000182054,8,IDH2,NM_001289910
ENSG00000182095,8,TNRC18,NM_001013722
ENSG00000182107,4,TMEM30B,NM_001017970
ENSG00000182132,2,KCNIP1,NM_001034837
ENSG00000182168,5,UNC5C,NM_003728
ENSG00000182175,1,RGMA,NM_001166283
ENSG00000182199,14,SHMT2,NM_001166356
ENSG00000182240,15,BACE2,NM_012105
ENSG00000182255,6,KCNA4,NM_002233
ENSG00000182256,1,GABRG3,NM_001270873
ENSG00000182326,21,C1S,NM_001346850
ENSG00000182463,6,TSHZ2,NM_001193421
ENSG00000182580,10,EPHB3,NM_004443
ENSG00000182667,12,NTM,NM_001048209
ENSG00000182718,6,ANXA2,NM_001002857
ENSG00000182809,7,CRIP2,NM_001270837
ENSG00000182836,8,PLCXD3,NM_001005473
ENSG00000182866,12,LCK,NM_001042771
ENSG00000182870,4,GALNT9,NM_001122636
ENSG00000182890,3,GLUD2,NM_012084
ENSG00000182957,6,SPATA13,NM_001166271
ENSG00000182968,4,SOX1,NM_005986
ENSG00000182985,8,CADM1,NM_001098517
ENSG00000183023,7,SLC8A1,NM_001112800
ENSG00000183087,14,GAS6,NM_000820
ENSG00000183230,6,CTNNA3,NM_001127384
ENSG00000183337,14,BCOR,NM_001123383
ENSG00000183496,1,MEX3B,NM_032246
ENSG00000183691,8,NOG,NM_005450
ENSG00000183722,8,LHFPL6,NM_005780
ENSG00000183742,4,MACC1,NM_182762
ENSG00000183762,7,KREMEN1,NM_001039570
ENSG00000183765,12,CHEK2,NM_001005735
ENSG00000183775,8,KCTD16,NM_001370486
ENSG00000183778,4,B3GALT5,NM_001278650
ENSG00000183779,6,ZNF703,NM_025069
ENSG00000183783,15,KCTD8,NM_198353
ENSG00000183826,6,BTBD9,NM_001099272
ENSG00000183833,6,CFAP91,NM_001320316
ENSG00000183844,12,FAM3B,NM_058186
ENSG00000183943,4,PRKX,NM_005044
ENSG00000184012,4,TMPRSS2,NM_001135099
ENSG00000184058,1,TBX1,NM_001379200
ENSG00000184162,4,NR2C2AP,NM_001300945
ENSG00000184226,9,PCDH9,NM_001318372
ENSG00000184304,5,PRKD1,NM_001330069
ENSG00000184307,12,ZDHHC23,NM_001320466
ENSG00000184347,7,SLIT3,NM_001271946
ENSG00000184349,17,EFNA5,NM_001410773
ENSG00000184371,1,CSF1,NM_000757
ENSG00000184381,4,PLA2G6,NM_001004426
ENSG00000184384,6,MAML2,NM_032427
ENSG00000184481,4,FOXO4,NM_001170931
ENSG00000184486,10,POU3F2,NM_005604
ENSG00000184497,13,TMEM255B,NM_001348663
ENSG00000184500,6,PROS1,NM_000313
ENSG00000184557,19,SOCS3,NM_001378932
ENSG00000184564,5,SLITRK6,NM_032229
ENSG00000184613,1,NELL2,NM_001145107
ENSG00000184697,4,CLDN6,NM_021195
ENSG00000184731,7,FAM110C,NM_001077710
ENSG00000184949,6,FAM227A,NM_001013647
ENSG00000184985,9,SORCS2,NM_020777
ENSG00000185022,3,MAFF,NM_001161572
ENSG00000185046,8,ANKS1B,NM_001204065
ENSG00000185052,7,SLC24A3,NM_020689
ENSG00000185070,8,FLRT2,NM_001346143
ENSG00000185112,7,FAM43A,NM_153690
ENSG00000185189,6,NRBP2,NM_178564
ENSG00000185201,1,IFITM2,NM_006435
ENSG00000185250,6,PPIL6,NM_001111298
ENSG00000185338,4,SOCS1,NM_003745
ENSG00000185339,4,TCN2,NM_000355
ENSG00000185340,6,GAS2L1,NM_001278730
ENSG00000185352,15,HS6ST3,NM_153456
ENSG00000185477,7,GPRIN3,NM_198281
ENSG00000185483,4,ROR1,NM_001083592
ENSG00000185551,6,NR2F2,NM_001145155
ENSG00000185559,17,DLK1,NM_001032997
ENSG00000185565,9,LSAMP,NM_001318915
ENSG00000185585,10,OLFML2A,NM_001282715
ENSG00000185640,8,KRT79,NM_175834
ENSG00000185652,17,NTF3,NM_001102654
ENSG00000185664,6,PMEL,NM_001200053
ENSG00000185666,15,SYN3,NM_001135774
ENSG00000185737,1,NRG3,NM_001010848
ENSG00000185742,18,C11orf87,NM_207645
ENSG00000185813,21,PCYT2,NM_001184917
ENSG00000185847,4,LINC01405,NR_036513
ENSG00000185885,12,IFITM1,NM_003641
ENSG00000185905,4,C16orf54,NM_175900
ENSG00000185909,6,KLHDC8B,NM_173546
ENSG00000185920,9,PTCH1,NM_000264
ENSG00000185924,8,RTN4RL1,NM_178568
ENSG00000185947,14,ZNF267,NM_001265588
ENSG00000186047,6,DLEU7,NM_001306135
ENSG00000186193,13,SAPCD2,NM_178448
ENSG00000186297,13,GABRA5,NM_000810
ENSG00000186350,19,RXRA,NM_001291920
ENSG00000186376,18,ZNF75D,NM_001185063
ENSG00000186409,6,CCDC30,NM_001080850
ENSG00000186469,6,GNG2,NM_001243773
ENSG00000186564,6,FOXD2,NM_004474
ENSG00000186638,2,KIF24,NM_194313
ENSG00000186732,20,MPPED1,NM_001044370
ENSG00000186838,4,SELENOV,NM_001350809
ENSG00000186951,6,PPARA,NM_001001928
ENSG00000186998,5,EMID1,NM_001267895
ENSG00000187017,4,ESPN,NM_001367473
ENSG00000187079,1,TEAD1,NM_021961
ENSG00000187091,1,PLCD1,NM_001130964
ENSG00000187098,1,MITF,NM_000248
ENSG00000187122,6,SLIT1,NM_003061
ENSG00000187189,19,TSPYL4,NM_021648
ENSG00000187210,12,GCNT1,NM_001097633
ENSG00000187231,1,SESTD1,NM_178123
ENSG00000187260,5,WDR86,NM_001284260
ENSG00000187323,8,DCC,NM_005215
ENSG00000187479,13,C11orf96,NM_001145033
ENSG00000187720,15,THSD4,NM_001286429
ENSG00000187741,11,FANCA,NM_000135
ENSG00000187840,15,EIF4EBP1,NM_004095
ENSG00000187889,4,FYB2,NM_001004303
ENSG00000187961,11,KLHL17,NM_198317
ENSG00000188042,1,ARL4C,NM_001282431
ENSG00000188112,4,C6orf132,NM_001164446
ENSG00000188282,4,RUFY4,NM_198483
ENSG00000188385,12,JAKMIP3,NM_001104947
ENSG00000188483,6,IER5L,NM_203434
ENSG00000188517,6,COL25A1,NM_001256074
ENSG00000188596,6,CFAP54,NM_001306084
ENSG00000188738,3,FSIP2,NM_173651
ENSG00000188848,4,BEND4,NM_001159547
ENSG00000188897,12,LOC400499,NM_001013671
ENSG00000188906,8,LRRK2,NM_198578
ENSG00000188997,5,KCTD21,NM_001029859
ENSG00000189050,6,RNFT1,NM_016125
ENSG00000189057,21,FAM111B,NM_001142703
ENSG00000189143,4,CLDN4,NM_001305
ENSG00000189227,19,C15orf61,NM_001143936
ENSG00000189319,8,FAM53B,NM_014661
ENSG00000189398,4,OR7E12P,NR_044999
ENSG00000189410,12,SH2D5,NM_001103160
ENSG00000196139,4,AKR1C3,NM_001253908
ENSG00000196141,6,SPATS2L,NM_001100422
ENSG00000196169,4,KIF19,NM_153209
ENSG00000196177,12,ACADSB,NM_001330174
ENSG00000196218,13,RYR1,NM_000540
ENSG00000196275,19,GTF2IRD2,NM_001281447
ENSG00000196284,1,SUPT3H,NM_001261823
ENSG00000196338,9,NLGN3,NM_001166660
ENSG00000196352,12,CD55,NM_000574
ENSG00000196358,14,NTNG2,NM_032536
ENSG00000196371,4,FUT4,NM_002033
ENSG00000196542,6,SPTSSB,NM_001040100
ENSG00000196547,8,MAN2A2,NM_001320977
ENSG00000196549,15,MME,NM_000902
ENSG00000196562,6,SULF2,NM_001161841
ENSG00000196584,13,XRCC2,NM_005431
ENSG00000196659,6,IFT70B,NM_152517
ENSG00000196660,3,SLC30A10,NM_001004433
ENSG00000196814,1,MVB12B,NM_001011703
ENSG00000196839,4,ADA,NM_000022
ENSG00000196935,6,SRGAP1,NM_001346201
ENSG00000197054,1,ZNF763,NM_001012753
ENSG00000197261,4,C6orf141,NM_001145652
ENSG00000197279,12,ZNF165,NM_001376491
ENSG00000197324,7,LRP10,NM_001329226
ENSG00000197355,11,UAP1L1,NM_207309
ENSG00000197380,6,DACT3,NM_001301046
ENSG00000197415,15,VEPH1,NM_001167911
ENSG00000197444,15,OGDHL,NM_001143996
ENSG00000197457,15,STMN3,NM_001276310
ENSG00000197467,12,COL13A1,NM_001130103
ENSG00000197487,17,GALP,NM_001145546
ENSG00000197557,1,IFT70A,NM_152275
ENSG00000197566,6,ZNF624,NM_020787
ENSG00000197580,6,BCO2,NM_001037290
ENSG00000197594,15,ENPP1,NM_006208
ENSG00000197635,12,DPP4,NM_001379604
ENSG00000197696,10,NMB,NM_021077
ENSG00000197702,6,PARVA,NM_018222
ENSG00000197705,4,KLHL14,NM_020805
ENSG00000197712,7,FAM114A1,NM_001330764
ENSG00000197748,6,CFAP43,NM_025145
ENSG00000197769,12,MAP1LC3C,NM_001004343
ENSG00000197774,15,EME2,NM_001010865
ENSG00000197776,5,KLHDC1,NM_172193
ENSG00000197847,15,SLC22A20P,NM_001004326
ENSG00000197852,13,INKA2,NM_019099
ENSG00000197859,15,ADAMTSL2,NM_001145320
ENSG00000197860,14,SGTB,NM_019072
ENSG00000197956,10,S100A6,NM_014624
ENSG00000197971,15,MBP,NM_001025081
ENSG00000197977,6,ELOVL2,NM_017770
ENSG00000198142,7,SOWAHC,NM_023016
ENSG00000198168,6,SVIP,NM_001320340
ENSG00000198203,15,SULT1C2,NM_001056
ENSG00000198216,4,CACNA1E,NM_000721
ENSG00000198286,14,CARD11,NM_001324281
ENSG00000198336,6,MYL4,NM_001002841
ENSG00000198520,5,ARMH1,NM_001004307
ENSG00000198535,12,C2CD4A,NM_207322
ENSG00000198554,4,WDHD1,NM_001008396
ENSG00000198598,12,MMP17,NM_001411000
ENSG00000198604,6,BAZ1A,NM_013448
ENSG00000198624,15,CCDC69,NM_015621
ENSG00000198626,4,RYR2,NM_001035
ENSG00000198648,9,STK39,NM_001410961
ENSG00000198682,7,PAPSS2,NM_001015880
ENSG00000198720,7,ANKRD13B,NM_152345
ENSG00000198721,15,ECI2,NM_001166010
ENSG00000198729,8,PPP1R14C,NM_030949
ENSG00000198732,10,SMOC1,NM_001034852
ENSG00000198744,15,MTCO3P12,NA
ENSG00000198756,8,COLGALT2,NM_001303420
ENSG00000198759,7,EGFL6,NM_001167890
ENSG00000198795,1,ZNF521,NM_001308225
ENSG00000198797,17,BRINP2,NM_021165
ENSG00000198805,4,PNP,NM_000270
ENSG00000198822,6,GRM3,NM_000840
ENSG00000198837,11,DENND4B,NM_001367466
ENSG00000198846,21,TOX,NM_014729
ENSG00000198853,5,RUSC2,NM_001135999
ENSG00000198873,5,GRK5,NM_005308
ENSG00000198901,7,PRC1,NM_001267580
ENSG00000198910,7,L1CAM,NM_000425
ENSG00000198915,15,RASGEF1A,NM_001282862
ENSG00000198929,13,NOS1AP,NM_001126060
ENSG00000198930,4,CSAG1,NM_001102576
ENSG00000198932,1,GPRASP1,NM_001099410
ENSG00000198939,3,ZFP2,NM_030613
ENSG00000198963,17,RORB,NM_001365023
ENSG00000199753,4,SNORD104,NR_004380
ENSG00000201608,4,RNU4-42P,NA
ENSG00000201839,4,SNORD114-3,NR_003195
ENSG00000202337,13,RNU6-8,NR_104088
ENSG00000203326,15,ZNF525,NM_001348156
ENSG00000203618,6,GP1BB,NM_000407
ENSG00000203688,6,LINC02487,NM_001025489
ENSG00000203727,6,SAMD5,NM_001030060
ENSG00000203780,5,FANK1,NM_001350939
ENSG00000203867,6,RBM20,NM_001134363
ENSG00000203930,7,LINC00632,NR_028344
ENSG00000203952,1,CCDC160,NM_001101357
ENSG00000204065,1,TCEAL5,NM_001012979
ENSG00000204091,12,TDRG1,NM_001359094
ENSG00000204103,6,MAFB,NM_005461
ENSG00000204128,8,C2orf72,NM_001144994
ENSG00000204131,8,NHSL2,NM_001013627
ENSG00000204262,6,COL5A2,NM_000393
ENSG00000204442,4,NALF1,NM_001080396
ENSG00000204581,4,ACOXL-AS1,NR_122074
ENSG00000204634,14,TBC1D8,NM_001102426
ENSG00000204711,7,CFAP95,NM_001010940
ENSG00000204815,6,ODAD4,NM_001350319
ENSG00000204852,6,TCTN1,NM_001082537
ENSG00000204936,4,CD177,NM_020406
ENSG00000204950,7,LRRC10B,NM_001145077
ENSG00000205116,4,TMEM88B,NM_001146685
ENSG00000205213,4,LGR4,NM_001346432
ENSG00000205269,6,TMEM170B,NM_001100829
ENSG00000205358,4,MT1H,NM_005951
ENSG00000205517,14,RGL3,NM_001035223
ENSG00000205562,8,FLRT2-AS1,NR_184170
ENSG00000205593,6,DENND6B,NM_001001794
ENSG00000205730,17,ITPRIPL2,NM_001034841
ENSG00000206077,7,ZDHHC11B,NM_001351303
ENSG00000206530,6,CFAP44,NM_001164496
ENSG00000206538,17,VGLL3,NM_001320493
ENSG00000206579,13,XKR4,NM_052898
ENSG00000206811,18,SNORA10,NR_002327
ENSG00000206989,4,SNORD63,NR_002913
ENSG00000207112,11,SNORA25,NR_003028
ENSG00000211649,1,IGLV7-46,NA
ENSG00000211772,13,TRBC2,NA
ENSG00000212747,8,RTL8B,NM_001078173
ENSG00000212864,2,RNF208,NM_001388297
ENSG00000213047,19,DENND1B,NM_001142795
ENSG00000213085,7,CFAP45,NM_012337
ENSG00000213190,6,MLLT11,NM_006818
ENSG00000213468,4,FIRRE,NR_026975
ENSG00000213557,12,RPL31P43,NA
ENSG00000213694,20,S1PR3,NM_001001938
ENSG00000213722,1,DDAH2,NM_001303007
ENSG00000213889,4,PPM1N,NM_001080401
ENSG00000213949,6,ITGA1,NM_181501
ENSG00000213988,15,ZNF90,NM_007138
ENSG00000214026,21,MRPL23,NM_001400172
ENSG00000214226,7,C17orf67,NM_001085430
ENSG00000214336,14,FOXI3,NM_001135649
ENSG00000214548,4,MEG3,NM_018514
ENSG00000214756,15,CSKMT,NM_001043229
ENSG00000214870,1,LINC02981,NR_015364
ENSG00000215386,6,MIR99AHG,NR_027790
ENSG00000215417,4,MIR17HG,NM_213723
ENSG00000215866,12,LINC01356,NR_103746
ENSG00000216471,15,RPSAP43,NA
ENSG00000216901,6,ZNF603P,NA
ENSG00000218739,15,CEBPZOS,NM_001322373
ENSG00000219626,19,FAM228B,NM_001145710
ENSG00000222041,13,CYTOR,NR_024204
ENSG00000223561,6,LINC03007,NR_157808
ENSG00000223573,9,TINCR,NM_001396408
ENSG00000223949,15,ROR1-AS1,NR_110665
ENSG00000224019,5,RPL21P32,NA
ENSG00000224020,2,MIR181A2HG,NR_038975
ENSG00000224717,17,LEMD1-DT,NR_148934
ENSG00000225383,12,SFTA1P,NR_027082
ENSG00000225542,6,ZNF385D-AS1,NR_046731
ENSG00000225614,9,ZNF469,NM_001127464
ENSG00000225783,17,MIAT,NR_003491
ENSG00000225792,6,SNX10-AS1,NR_136270
ENSG00000225968,7,ELFN1,NM_001128636
ENSG00000226137,6,BAIAP2-DT,NM_001004336
ENSG00000226419,15,SLC16A1-AS1,NR_103743
ENSG00000226508,3,LINC01918,NR_136172
ENSG00000226746,1,SMCR5,NM_144774
ENSG00000226792,4,C13orf42,NM_001351589
ENSG00000226887,12,ERVMER34-1,NM_001242690
ENSG00000227028,7,SLC8A1-AS1,NR_038441
ENSG00000227051,2,C14orf132,NM_001252507
ENSG00000227115,17,LINC01630,NR_040074
ENSG00000227560,2,RPS15AP30,NA
ENSG00000227733,4,LOC101927468,NR_120331
ENSG00000228253,15,ATP8,YP_003024030
ENSG00000228526,12,MIR34AHG,NR_132742
ENSG00000228594,15,FNDC10,NM_001242659
ENSG00000228624,15,HDAC2-AS2,NR_125845
ENSG00000228649,4,SNHG26,NR_146320
ENSG00000228784,20,LINC00954,NR_033875
ENSG00000229544,15,NKX1-2,NM_001146340
ENSG00000229739,6,PDC-AS1,NR_126002
ENSG00000229891,4,LINC01315,NR_120595
ENSG00000230316,17,FEZF1-AS1,NR_036484
ENSG00000230798,4,FOXD3-AS1,NR_121634
ENSG00000230937,4,MIR205HG,NR_145433
ENSG00000231607,2,DLEU2,NM_006021
ENSG00000231616,5,LOC124900638,XR_007061620
ENSG00000231721,12,LINC-PINT,NM_001085379
ENSG00000231738,3,TSPAN19,NM_001100917
ENSG00000231789,14,PIK3CD-AS2,NR_126366
ENSG00000232160,19,RAP2C-AS1,NR_110410
ENSG00000232284,6,GNG12-AS1,NR_040077
ENSG00000232977,7,LINC00327,NR_038995
ENSG00000233237,6,LINC00472,NR_026807
ENSG00000233834,4,GIRGL,NR_134567
ENSG00000234031,1,RPS3AP44,NA
ENSG00000234456,6,MAGI2-AS3,NR_038343
ENSG00000234719,5,NPIPB2,NM_001355514
ENSG00000234779,15,BNC2-AS1,NR_151723
ENSG00000234840,6,LINC01239,NR_038977
ENSG00000234841,12,LOC100422627,NA
ENSG00000235098,3,ANKRD65,NM_001145210
ENSG00000235750,4,KIAA0040,NM_001162893
ENSG00000235865,1,GSN-AS1,NM_020250
ENSG00000236144,14,TMEM147-AS1,NR_038396
ENSG00000236154,9,LOC101929021,XR_007081486
ENSG00000236330,4,RPL5P9,NA
ENSG00000236404,4,VLDLR-AS1,NR_015375
ENSG00000236502,6,SIX3-AS1,NR_103785
ENSG00000237149,1,ZNF503-AS2,NR_024421
ENSG00000237187,6,NR2F1-AS1,NR_015369
ENSG00000237289,4,CKMT1B,NM_001375484
ENSG00000237505,17,PKN2-AS1,NR_110682
ENSG00000237750,7,KCNH7-AS1,NR_110258
ENSG00000237807,8,LINC02984,NR_149032
ENSG00000237986,7,CELF2-AS2,NR_046108
ENSG00000238113,6,LINC01410,NR_121647
ENSG00000238297,4,LOC124901861,NA
ENSG00000239317,12,RPL35AP17,NA
ENSG00000239697,9,TNFSF12,NM_003809
ENSG00000240204,8,SMKR1,NM_001195243
ENSG00000240342,14,RPS2P5,NA
ENSG00000240563,4,L1TD1,NM_001164835
ENSG00000240694,5,PNMA2,NM_007257
ENSG00000240775,12,RPS26P23,NA
ENSG00000241002,4,RPL32P13,NA
ENSG00000241163,1,LINC00877,NR_104116
ENSG00000241186,4,TDGF1,NM_001174136
ENSG00000242125,12,SNHG3,NR_002909
ENSG00000242268,6,LINC02082,NR_109989
ENSG00000242607,4,RPS3AP34,NA
ENSG00000242808,10,SOX2-OT,NR_004053
ENSG00000243422,5,RPL23AP49,NA
ENSG00000243701,19,DUBR,NR_028301
ENSG00000243789,6,JMJD7,NM_001114632
ENSG00000243836,5,WDR86-AS1,NR_034012
ENSG00000244342,12,LINC00698,NR_027104
ENSG00000244486,6,SCARF2,NM_153334
ENSG00000244621,4,RPS17P11,NA
ENSG00000244694,10,PTCHD4,NM_001013732
ENSG00000245105,1,A2M-AS1,NR_026971
ENSG00000245532,7,NEAT1,NR_002802
ENSG00000245534,3,RORA-AS1,NR_120339
ENSG00000245571,4,FAM111A-DT,NR_110184
ENSG00000245694,8,CRNDE,NM_001308963
ENSG00000245857,19,GS1-24F4.2,NR_045217
ENSG00000246859,1,STARD4-AS1,NR_040093
ENSG00000247157,7,LINC01252,NR_033890
ENSG00000247809,6,NR2F2-AS1,NR_102743
ENSG00000248152,4,ANK2-AS1,XR_001741419
ENSG00000248309,6,MEF2C-AS1,NR_104031
ENSG00000248367,12,LOC124901151,XR_007059085
ENSG00000248445,3,SEMA6A-AS1,NR_109879
ENSG00000248487,3,ABHD14A,NM_015407
ENSG00000248746,15,ACTN3,NM_001104
ENSG00000248890,7,HHIP-AS1,NR_037595
ENSG00000249087,17,ZNF436-AS1,NM_001008896
ENSG00000249532,4,MIR302CHG,NR_146092
ENSG00000249550,17,LINC01234,NR_110025
ENSG00000249853,15,HS3ST5,NM_001387039
ENSG00000249859,4,PVT1,NR_003367
ENSG00000249992,4,TMEM158,NM_015444
ENSG00000250305,5,TRMT9B,NM_001099677
ENSG00000250722,4,SELENOP,NM_001085486
ENSG00000250742,6,LINC02381,NR_026656
ENSG00000251595,19,ABCA11P,NM_024903
ENSG00000253230,4,MIR124-1HG,NR_024281
ENSG00000253368,13,TRNP1,NM_001013642
ENSG00000253661,6,ZFHX4-AS1,NR_024360
ENSG00000253731,4,PCDHGA6,NM_018919
ENSG00000254166,6,PCAT2,NR_119373
ENSG00000254252,4,RPL7P20,NA
ENSG00000254338,1,MAFA-AS1,NR_126358
ENSG00000254389,9,RHPN1-AS1,NM_024035
ENSG00000254427,17,LINC02696,NR_120557
ENSG00000254934,4,LINC00678,NR_102708
ENSG00000255717,4,SNHG1,NR_003098
ENSG00000256087,5,ZNF432,NM_001322284
ENSG00000256576,12,LINC02361,NR_146452
ENSG00000256713,2,PGA5,NM_014224
ENSG00000257354,9,MIRLET7IHG,XR_007063342
ENSG00000257596,13,SCAT2,NR_157844
ENSG00000257698,6,GIHCG,NR_038269
ENSG00000257711,8,LOC100505978,NR_038912
ENSG00000258476,6,LINC02207,NR_120321
ENSG00000258545,12,RHOXF1-AS1,NR_131238
ENSG00000259030,3,FPGT-TNNI3K,NM_001112808
ENSG00000259291,3,ZNF710-AS1,NR_146321
ENSG00000259439,9,LINC01833,NR_147194
ENSG00000259673,6,IQCH-AS1,NR_040051
ENSG00000259803,15,SLC22A31,NM_001242757
ENSG00000259905,5,PWRN1,NR_026646
ENSG00000259974,9,LINC00261,NR_001558
ENSG00000260230,3,FRRS1L,NM_014334
ENSG00000260260,4,SNHG19,NR_132114
ENSG00000260804,6,LINC01963,NM_001199924
ENSG00000260807,6,CEROX1,NR_036442
ENSG00000261115,1,TMEM178B,NM_001195278
ENSG00000261150,13,EPPK1,NM_031308
ENSG00000261183,15,SPINT1-AS1,NR_146466
ENSG00000261472,5,LOC124903729,XR_007065128
ENSG00000262152,12,GREP1,NM_001396456
ENSG00000262454,15,MIR193BHG,NR_132983
ENSG00000262655,1,SPON1,NM_006108
ENSG00000262966,7,LOC101928266,NR_110828
ENSG00000263874,9,LASP1NB,NM_001414697
ENSG00000265763,12,ZNF488,NM_001346932
ENSG00000265972,17,TXNIP,NM_001313972
ENSG00000265992,4,ESRG,NR_027122
ENSG00000266074,6,BAHCC1,NM_001080519
ENSG00000266402,15,SNHG25,NR_132278
ENSG00000266970,1,SOCS3-DT,NR_110845
ENSG00000267040,4,ATP8B1-AS1,NR_164148
ENSG00000267121,4,FMNL1-DT,NR_147507
ENSG00000267221,1,C17orf113,NM_001358661
ENSG00000267909,17,CCDC177,NM_001271507
ENSG00000268089,4,GABRQ,NM_018558
ENSG00000268916,4,CSAG3,NM_001129826
ENSG00000269113,6,TRABD2B,NM_001194986
ENSG00000269404,4,SPIB,NM_001243998
ENSG00000269609,4,C10orf95-AS1,NR_038937
ENSG00000269821,5,KCNQ1OT1,NR_002728
ENSG00000269893,14,SNHG8,NR_003584
ENSG00000270629,1,NBPF14,NM_001395631
ENSG00000271086,19,NAMA,NR_102270
ENSG00000271601,6,LIX1L,NM_153713
ENSG00000271824,6,SMIM32,NM_001350994
ENSG00000272398,4,CD24,NM_001291737
ENSG00000272695,14,GAS6-DT,NR_044993
ENSG00000272870,3,SAP30-DT,NR_183968
ENSG00000272970,9,LOC107986163,NR_160768
ENSG00000273033,19,LINC02035,NR_024618
ENSG00000273045,4,C2orf15,NM_001317992
ENSG00000273749,8,CYFIP1,NM_001033028
ENSG00000274253,6,LOC283683,NR_040057
ENSG00000274286,14,ADRA2B,NM_000682
ENSG00000274588,5,DGKK,NM_001013742
ENSG00000274659,5,LOC124906976,XR_007082715
ENSG00000275342,4,PRAG1,NM_001080826
ENSG00000276644,6,DACH1,NM_001366712
ENSG00000277200,4,CCDC92B,NM_001355573
ENSG00000277586,4,NEFL,NM_006158
ENSG00000278274,11,SNORA61,NR_002987
ENSG00000278570,11,NR2E3,NM_001281446
ENSG00000280707,4,HPAT5,NR_157263
ENSG00000280780,4,JAKMIP2-AS1,NR_038902
ENSG00000281406,17,BLACAT1,NM_001397426
ENSG00000283638,17,LOC124905221,XR_007068340
ENSG00000286096,9,GPC3-AS1,NR_148713
ENSG00000286190,6,LOC728392,NM_001162371
ENSG00000286790,17,LOC124903658,XR_007065012
ENSG00000288018,3,LOC101929174,XR_001748319
