"","genes","cluster","subcluster","cluster_LON","subclusterLON","cluster_WTC","subcluster_WTC"
"ENSG00000088305","DNMT3B",1,1,1,1,1,1
"ENSG00000110237","ARHGEF17",2,1,2,1,2,1
"ENSG00000165905","LARGE2",1,1,1,1,1,1
"ENSG00000119522","DENND1A",2,2,2,2,2,2
"ENSG00000205269","TMEM170B",2,3,2,1,2,3
"ENSG00000173482","PTPRM",2,3,2,1,2,1
"ENSG00000072415","PALS1",2,3,2,3,2,1
"ENSG00000139793","MBNL2",2,4,2,1,2,3
"ENSG00000039523","RIPOR1",2,1,2,1,2,1
"ENSG00000171533","MAP6",2,3,2,4,2,1
"ENSG00000280780","JAKMIP2-AS1",1,1,1,2,1,1
"ENSG00000203875","SNHG5",1,2,1,1,1,2
"ENSG00000197702","PARVA",2,4,2,2,2,4
"ENSG00000139219","COL2A1",2,5,2,3,2,1
"ENSG00000171456","ASXL1",2,1,2,2,2,3
"ENSG00000179059","ZFP42",1,3,1,3,1,1
"ENSG00000133980","VRTN",1,2,1,2,1,2
"ENSG00000062725","APPBP2",2,4,2,2,2,4
"ENSG00000179833","SERTAD2",2,2,2,3,2,2
"ENSG00000183742","MACC1",1,2,1,2,1,3
"ENSG00000153093","ACOXL",1,1,1,3,1,3
"ENSG00000147601","TERF1",1,1,1,3,1,4
"ENSG00000188848","BEND4",1,2,1,2,1,4
"ENSG00000236330","RPL5P9",1,1,1,3,1,3
"ENSG00000157992","KRTCAP3",1,1,1,2,1,3
"ENSG00000063180","CA11",1,2,1,1,1,2
"ENSG00000180891","CUEDC1",2,2,2,3,2,1
"ENSG00000138750","NUP54",1,1,1,2,1,3
"ENSG00000160991","ORAI2",2,3,2,1,2,1
"ENSG00000146966","DENND2A",2,5,2,2,2,1
"ENSG00000167658","EEF2",1,4,1,1,1,5
"ENSG00000134352","IL6ST",2,4,2,1,2,1
"ENSG00000155380","SLC16A1",1,1,1,3,1,4
"ENSG00000130182","ZSCAN10",1,1,1,3,1,4
"ENSG00000185905","C16orf54",1,1,1,2,1,1
"ENSG00000180530","NRIP1",2,5,2,3,2,1
"ENSG00000265992","ESRG",1,1,1,3,1,4
"ENSG00000149782","PLCB3",1,2,1,3,1,4
"ENSG00000184697","CLDN6",1,1,1,3,1,1
"ENSG00000148204","CRB2",2,2,2,2,2,1
"ENSG00000075035","WSCD2",1,3,1,3,1,1
"ENSG00000129474","AJUBA",2,4,2,1,2,3
"ENSG00000150471","ADGRL3",2,2,2,2,2,2
"ENSG00000173660","UQCRH",1,4,1,1,1,5
"ENSG00000156453","PCDH1",1,2,1,2,1,1
"ENSG00000122642","FKBP9",2,5,2,2,2,1
"ENSG00000080298","RFX3",2,4,2,5,2,1
"ENSG00000187260","WDR86",2,1,2,1,2,3
"ENSG00000226792","C13orf42",1,3,1,3,1,5
"ENSG00000174720","LARP7",1,1,1,3,1,4
"ENSG00000182463","TSHZ2",2,2,2,5,2,3
"ENSG00000113657","DPYSL3",1,3,1,1,1,5
"ENSG00000071246","VASH1",2,3,2,1,2,3
"ENSG00000165156","ZHX1",2,4,2,1,2,1
"ENSG00000112539","C6orf118",2,2,2,1,2,2
"ENSG00000161249","DMKN",1,1,1,2,1,2
"ENSG00000132698","RAB25",1,1,1,2,1,3
"ENSG00000174099","MSRB3",2,4,2,1,2,4
"ENSG00000281398",NA,1,2,1,3,1,1
"ENSG00000148516","ZEB1",2,1,2,1,2,3
"ENSG00000057935","MTA3",1,1,1,2,1,3
"ENSG00000177189","RPS6KA3",2,1,2,3,2,1
"ENSG00000160216","AGPAT3",2,5,2,3,2,1
"ENSG00000156959","LHFPL4",1,3,1,1,1,2
"ENSG00000114019","AMOTL2",2,4,2,2,2,3
"ENSG00000197183","NOL4L",2,2,2,1,2,3
"ENSG00000105443","CYTH2",2,3,2,1,2,1
"ENSG00000142871","CCN1",2,3,2,1,2,3
"ENSG00000150593","PDCD4",2,3,2,3,2,1
"ENSG00000138760","SCARB2",2,3,2,4,2,1
"ENSG00000022267","FHL1",2,4,2,5,2,3
"ENSG00000240563","L1TD1",1,1,1,2,1,1
"ENSG00000158769","F11R",1,1,1,2,1,1
"ENSG00000039068","CDH1",1,1,1,2,1,3
"ENSG00000156860","FBRS",2,1,2,1,2,3
"ENSG00000167552","TUBA1A",2,5,2,2,2,1
"ENSG00000101347","SAMHD1",1,1,1,2,1,3
"ENSG00000185483","ROR1",1,3,1,3,1,1
"ENSG00000181896","ZNF101",1,2,1,3,1,3
"ENSG00000134207","SYT6",1,1,1,3,1,3
"ENSG00000113356","POLR3G",1,2,1,2,1,4
"ENSG00000171016","PYGO1",2,1,2,4,2,4
"ENSG00000188282","RUFY4",1,1,1,2,1,3
"ENSG00000142541","RPL13A",1,4,1,1,1,5
"ENSG00000143479","DYRK3",2,1,2,4,2,1
"ENSG00000134323","MYCN",1,1,3,1,1,4
"ENSG00000115295","CLIP4",2,3,2,1,2,3
"ENSG00000141384","TAF4B",1,1,1,2,1,2
"ENSG00000011028","MRC2",2,3,2,3,2,1
"ENSG00000110693","SOX6",2,2,2,3,2,2
"ENSG00000164265","SCGB3A2",1,1,1,2,1,4
"ENSG00000286190","LOC728392",2,4,2,2,2,3
"ENSG00000135924","DNAJB2",2,4,2,4,2,3
"ENSG00000170561","IRX2",1,3,1,3,1,1
"ENSG00000142864","SERBP1",1,4,1,1,1,2
"ENSG00000269404","SPIB",1,1,1,3,1,3
"ENSG00000257698","GIHCG",2,5,2,2,2,1
"ENSG00000280142",NA,1,1,1,2,1,3
"ENSG00000118523","CCN2",2,3,2,1,2,3
"ENSG00000086712","TXLNG",1,1,1,2,1,1
"ENSG00000244486","SCARF2",2,3,2,1,2,1
"ENSG00000197694","SPTAN1",2,2,2,1,2,3
"ENSG00000184428","TOP1MT",1,2,1,2,1,2
"ENSG00000162909","CAPN2",2,3,2,4,2,3
"ENSG00000116039","ATP6V1B1",1,2,1,3,1,4
"ENSG00000142408","CACNG8",1,1,1,3,1,4
"ENSG00000163110","PDLIM5",2,2,2,1,2,3
"ENSG00000179761","PIPOX",1,5,1,3,1,5
"ENSG00000075618","FSCN1",2,4,2,2,2,3
"ENSG00000089006","SNX5",1,2,1,1,1,2
"ENSG00000141431","ASXL3",2,3,2,2,2,1
"ENSG00000008516","MMP25",1,3,1,2,1,2
"ENSG00000204581","ACOXL-AS1",1,1,1,3,1,3
"ENSG00000174607","UGT8",1,2,1,3,1,4
"ENSG00000197724","PHF2",2,3,2,1,2,3
"ENSG00000172733","PURG",2,1,2,1,2,4
"ENSG00000054179","ENTPD2",1,1,1,3,1,1
"ENSG00000130741","EIF2S3",1,3,1,1,1,1
"ENSG00000188026","RILPL1",2,4,2,4,2,3
"ENSG00000274652",NA,1,1,1,3,1,4
"ENSG00000241852","C8orf58",2,4,2,1,2,4
"ENSG00000164985","PSIP1",1,5,1,1,1,2
"ENSG00000137154","RPS6",1,4,1,2,1,2
"ENSG00000121904","CSMD2",1,1,1,2,1,1
"ENSG00000167600","CYP2S1",1,1,1,3,1,4
"ENSG00000170608","FOXA3",1,1,1,3,1,2
"ENSG00000235609",NA,2,3,2,4,2,1
"ENSG00000076043","REXO2",1,2,1,3,1,4
"ENSG00000136943","CTSV",1,3,1,3,1,1
"ENSG00000271601","LIX1L",2,4,2,2,2,3
"ENSG00000104413","ESRP1",1,1,1,2,1,3
"ENSG00000168671","UGT3A2",1,3,1,1,1,5
"ENSG00000198604","BAZ1A",2,2,2,3,2,2
"ENSG00000226137","BAIAP2-DT",2,2,2,2,2,1
"ENSG00000146904","EPHA1",1,1,1,3,1,4
"ENSG00000033800","PIAS1",2,2,2,1,2,2
"ENSG00000265574",NA,1,1,1,2,1,1
"ENSG00000178718","RPP25",1,3,1,3,1,2
"ENSG00000203618","GP1BB",2,2,2,1,2,3
"ENSG00000130956","HABP4",2,4,2,4,2,3
"ENSG00000089048","ESF1",1,5,1,2,1,3
"ENSG00000163029","SMC6",1,4,1,1,1,2
"ENSG00000017260","ATP2C1",1,3,1,1,1,1
"ENSG00000160310","PRMT2",2,4,2,5,2,3
"ENSG00000215417","MIR17HG",1,2,1,3,1,3
"ENSG00000168672","LRATD2",2,4,2,5,2,3
"ENSG00000113361","CDH6",2,4,2,1,2,3
"ENSG00000185340","GAS2L1",2,2,2,1,2,1
"ENSG00000158825","CDA",1,1,1,3,1,3
"ENSG00000255717","SNHG1",1,1,1,2,1,1
"ENSG00000125378","BMP4",2,3,2,3,2,3
"ENSG00000175707","KDF1",1,1,1,2,1,3
"ENSG00000165410","CFL2",2,3,2,4,2,1
"ENSG00000163093","BBS5",2,5,2,2,2,1
"ENSG00000112306","RPS12",1,4,1,1,1,5
"ENSG00000254252","RPL7P20",1,1,1,3,1,4
"ENSG00000119408","NEK6",2,1,2,1,2,3
"ENSG00000105290","APLP1",2,4,2,5,2,3
"ENSG00000088992","TESC",1,1,1,2,1,1
"ENSG00000137962","ARHGAP29",2,1,2,3,2,3
"ENSG00000242247","ARFGAP3",2,4,2,2,2,3
"ENSG00000148985","PGAP2",1,4,1,2,1,2
"ENSG00000060749","QSER1",1,1,1,2,1,3
"ENSG00000153904","DDAH1",2,3,2,4,2,3
"ENSG00000137575","SDCBP",2,3,2,3,2,1
"ENSG00000213988","ZNF90",1,3,1,3,1,1
"ENSG00000213741","RPS29",1,4,1,1,1,5
"ENSG00000172638","EFEMP2",2,3,2,3,2,2
"ENSG00000264164",NA,1,2,1,2,1,4
"ENSG00000107521","HPS1",1,1,1,3,1,4
"ENSG00000213889","PPM1N",1,5,1,3,1,1
"ENSG00000176907","TCIM",2,2,2,1,2,3
"ENSG00000137103","TMEM8B",2,2,2,1,2,3
"ENSG00000237289","CKMT1B",1,2,1,3,1,4
"ENSG00000198873","GRK5",2,3,2,3,2,1
"ENSG00000065054","NHERF2",2,5,2,2,2,5
"ENSG00000134291","TMEM106C",2,5,2,2,2,1
"ENSG00000197958","RPL12",1,4,1,1,1,5
"ENSG00000231698",NA,1,1,1,3,1,4
"ENSG00000181192","DHTKD1",1,1,1,3,1,1
"ENSG00000005486","RHBDD2",2,3,2,1,2,3
"ENSG00000130707","ASS1",1,3,1,3,1,1
"ENSG00000112186","CAP2",2,4,2,5,2,3
"ENSG00000160360","GPSM1",2,2,2,3,2,2
"ENSG00000109906","ZBTB16",2,5,2,2,2,1
"ENSG00000188112","C6orf132",1,1,1,3,1,3
"ENSG00000119866","BCL11A",1,1,1,2,1,4
"ENSG00000061492","WNT8A",1,3,1,1,1,1
"ENSG00000178982","EIF3K",1,4,1,1,1,5
"ENSG00000110881","ASIC1",2,1,2,3,2,3
"ENSG00000130202","NECTIN2",2,3,2,2,2,1
"ENSG00000108557","RAI1",2,2,2,3,2,5
"ENSG00000121570","DPPA4",1,1,1,2,1,1
"ENSG00000141424","SLC39A6",2,2,2,1,2,2
"ENSG00000198168","SVIP",2,5,2,3,2,1
"ENSG00000084774","CAD",1,3,1,3,1,5
"ENSG00000135525","MAP7",1,1,1,3,1,3
"ENSG00000165323","FAT3",2,3,2,4,2,2
"ENSG00000229271",NA,1,2,1,3,1,4
"ENSG00000181163","NPM1",1,4,1,2,1,5
"ENSG00000170456","DENND5B",2,2,2,5,2,3
"ENSG00000198042","MAK16",1,2,1,2,1,2
"ENSG00000107581","EIF3A",1,4,1,1,1,2
"ENSG00000145284","SCD5",2,4,2,2,2,4
"ENSG00000119335","SET",1,5,1,1,1,2
"ENSG00000187079","TEAD1",2,1,2,3,2,3
"ENSG00000215021","PHB2",1,5,1,2,1,2
"ENSG00000224039",NA,1,2,1,3,1,4
"ENSG00000147676","MAL2",1,1,1,3,1,3
"ENSG00000168283","BMI1",2,5,2,2,2,1
"ENSG00000111846","GCNT2",1,3,1,4,1,5
"ENSG00000153130","SCOC",2,4,2,5,2,3
"ENSG00000089157","RPLP0",1,4,1,1,1,5
"ENSG00000182866","LCK",1,1,1,3,1,4
"ENSG00000092345","DAZL",1,2,1,3,1,4
"ENSG00000175274","TP53I11",1,5,1,2,1,5
"ENSG00000181904","C5orf24",2,5,2,3,2,5
"ENSG00000159692","CTBP1",2,4,2,2,2,3
"ENSG00000175220","ARHGAP1",1,2,1,3,1,3
"ENSG00000105202","FBL",1,5,1,1,1,2
"ENSG00000152213","ARL11",1,1,1,2,1,2
"ENSG00000262943",NA,1,2,1,1,1,3
"ENSG00000136026","CKAP4",2,3,2,2,2,1
"ENSG00000128268","MGAT3",2,2,2,1,2,2
"ENSG00000143970","ASXL2",1,2,1,2,1,3
"ENSG00000070756","PABPC1",1,3,1,1,1,5
"ENSG00000105767","CADM4",2,2,2,1,2,1
"ENSG00000122068","FYTTD1",2,1,2,3,2,4
"ENSG00000204370","SDHD",1,4,1,3,1,2
"ENSG00000171791","BCL2",2,4,2,4,2,3
"ENSG00000112379","ARFGEF3",1,1,1,2,1,1
"ENSG00000151224","MAT1A",1,1,1,3,1,4
"ENSG00000248152","ANK2-AS1",1,5,1,2,1,3
"ENSG00000163710","PCOLCE2",1,3,1,3,1,1
"ENSG00000171130","ATP6V0E2",2,5,2,2,2,1
"ENSG00000015153","YAF2",2,4,2,2,2,3
"ENSG00000166145","SPINT1",1,1,1,2,1,3
"ENSG00000244342","LINC00698",1,1,1,3,1,4
"ENSG00000085760","MTIF2",1,2,1,1,1,3
"ENSG00000112541","PDE10A",2,1,2,1,2,4
"ENSG00000197594","ENPP1",1,1,1,3,1,4
"ENSG00000183283","DAZAP2",2,4,2,4,2,3
"ENSG00000168028","RPSA",1,4,1,2,1,5
"ENSG00000198931","APRT",1,2,1,3,1,2
"ENSG00000091127","PUS7",1,4,1,2,1,2
"ENSG00000174444","RPL4",1,4,1,1,1,5
"ENSG00000164048","ZNF589",1,1,1,3,1,1
"ENSG00000111783","RFX4",2,3,2,4,2,1
"ENSG00000120800","UTP20",1,5,1,2,1,1
"ENSG00000273108",NA,2,2,2,5,2,3
"ENSG00000249532","MIR302CHG",1,1,1,3,1,3
"ENSG00000258476","LINC02207",2,3,2,3,2,3
"ENSG00000183778","B3GALT5",1,1,1,2,1,4
"ENSG00000178409","BEND3",1,1,1,3,1,4
"ENSG00000152208","GRID2",1,1,1,3,1,4
"ENSG00000181885","CLDN7",1,1,1,3,1,4
"ENSG00000157851","DPYSL5",2,4,2,2,2,1
"ENSG00000139116","KIF21A",2,3,2,4,2,1
"ENSG00000196876","SCN8A",1,1,1,2,1,1
"ENSG00000146648","EGFR",2,3,2,4,2,1
"ENSG00000154473","BUB3",1,5,1,3,1,5
"ENSG00000159461","AMFR",2,2,2,5,2,2
"ENSG00000133131","MORC4",2,2,2,1,2,3
"ENSG00000198586","TLK1",1,3,1,2,1,1
"ENSG00000138119","MYOF",2,1,2,4,2,3
"ENSG00000130768","SMPDL3B",1,1,1,3,1,3
"ENSG00000111319","SCNN1A",1,1,1,3,1,3
"ENSG00000103855","CD276",2,4,2,5,2,3
"ENSG00000127423","AUNIP",1,5,1,3,1,2
"ENSG00000101353","MROH8",2,5,2,4,2,2
"ENSG00000156925","ZIC3",1,3,1,3,1,1
"ENSG00000172819","RARG",1,2,1,3,1,5
"ENSG00000141738","GRB7",1,1,1,2,1,3
"ENSG00000197498","RPF2",1,2,1,1,1,5
"ENSG00000101940","WDR13",2,3,2,1,2,1
"ENSG00000157514","TSC22D3",2,4,2,1,2,2
"ENSG00000005022","SLC25A5",1,2,1,1,1,5
"ENSG00000107130","NCS1",2,3,2,3,2,1
"ENSG00000233834","GIRGL",1,5,1,1,1,2
"ENSG00000187514","PTMA",1,3,1,2,1,1
"ENSG00000102096","PIM2",1,1,1,3,1,4
"ENSG00000100626","GALNT16",2,2,2,5,2,2
"ENSG00000131771","PPP1R1B",1,1,1,3,1,4
"ENSG00000085788","DDHD2",2,2,2,2,2,3
"ENSG00000184557","SOCS3",2,5,2,1,2,4
"ENSG00000147604","RPL7",1,4,1,1,1,5
"ENSG00000185847","LINC01405",1,1,1,3,1,4
"ENSG00000203879","GDI1",2,4,2,4,2,3
"ENSG00000150457","LATS2",2,1,2,3,2,5
"ENSG00000213190","MLLT11",2,3,2,4,2,1
"ENSG00000254277",NA,1,1,1,3,1,4
"ENSG00000164542","MATCAP2",2,5,2,4,2,2
"ENSG00000164830","OXR1",2,2,2,4,2,3
"ENSG00000175662","TOM1L2",2,1,2,1,2,3
"ENSG00000234456","MAGI2-AS3",2,3,2,3,2,1
"ENSG00000150938","CRIM1",2,1,2,4,2,3
"ENSG00000183255","PTTG1IP",2,3,2,4,2,1
"ENSG00000166073","GPR176",1,2,1,2,1,3
"ENSG00000121005","CRISPLD1",2,5,2,3,2,1
"ENSG00000172053","QARS1",1,4,1,1,1,2
"ENSG00000178035","IMPDH2",1,3,1,3,1,5
"ENSG00000107951","MTPAP",1,3,1,2,1,5
"ENSG00000137460","FHDC1",1,1,1,2,1,1
"ENSG00000198060","MARCHF5",2,1,2,1,2,4
"ENSG00000072958","AP1M1",2,5,2,5,2,1
"ENSG00000185909","KLHDC8B",2,4,2,5,2,1
"ENSG00000096717","SIRT1",1,1,1,3,1,4
"ENSG00000163704","PRRT3",1,4,1,1,1,3
"ENSG00000106624","AEBP1",2,3,2,4,2,3
"ENSG00000018625","ATP1A2",1,3,1,3,1,5
"ENSG00000162929","SANBR",2,5,2,4,2,2
"ENSG00000181722","ZBTB20",2,2,3,2,2,2
"ENSG00000138434","ITPRID2",2,3,2,4,2,1
"ENSG00000107186","MPDZ",2,2,2,3,2,1
"ENSG00000229618",NA,1,1,1,2,1,3
"ENSG00000150347","ARID5B",2,3,2,2,2,1
"ENSG00000166949","SMAD3",2,3,2,3,2,1
"ENSG00000198087","CD2AP",1,1,1,2,1,1
"ENSG00000250305","TRMT9B",2,5,2,2,2,1
"ENSG00000101871","MID1",2,3,2,5,2,1
"ENSG00000242125","SNHG3",1,3,1,2,1,5
"ENSG00000146530","VWDE",1,1,1,2,1,1
"ENSG00000175414","ARL10",2,5,2,3,2,1
"ENSG00000166441","RPL27A",1,4,1,1,1,5
"ENSG00000158296","SLC13A3",1,1,1,3,1,3
"ENSG00000155980","KIF5A",1,1,3,1,1,1
"ENSG00000152061","RABGAP1L",1,1,1,3,1,4
"ENSG00000157214","STEAP2",1,1,1,2,1,3
"ENSG00000065600","PACC1",2,3,2,3,2,1
"ENSG00000115290","GRB14",1,3,1,3,1,1
"ENSG00000026025","VIM",2,4,2,2,2,3
"ENSG00000196914","ARHGEF12",2,4,2,1,2,1
"ENSG00000180773","SLC36A4",2,1,2,1,2,3
"ENSG00000114767","RRP9",1,2,1,3,1,4
"ENSG00000183722","LHFPL6",2,4,2,1,2,3
"ENSG00000241186","TDGF1",1,1,1,3,1,4
"ENSG00000250046",NA,1,2,1,1,1,1
"ENSG00000096093","EFHC1",2,3,2,4,2,1
"ENSG00000116157","GPX7",2,4,2,5,2,3
"ENSG00000196371","FUT4",1,2,1,3,1,3
"ENSG00000280707","HPAT5",1,1,1,3,1,4
"ENSG00000142279","WTIP",2,4,2,5,2,4
"ENSG00000080608","PUM3",1,3,1,1,1,1
"ENSG00000147684","NDUFB9",1,4,1,1,1,2
"ENSG00000124523","SIRT5",1,1,1,2,1,2
"ENSG00000196504","PRPF40A",1,5,1,2,1,2
"ENSG00000082701","GSK3B",2,5,2,3,2,5
"ENSG00000025156","HSF2",2,1,2,3,2,4
"ENSG00000134873","CLDN10",1,1,1,3,1,2
"ENSG00000188846","RPL14",1,4,1,1,1,5
"ENSG00000106263","EIF3B",1,1,1,5,1,1
"ENSG00000169047","IRS1",2,5,2,3,2,1
"ENSG00000167281","RBFOX3",1,1,1,2,1,1
"ENSG00000058804","NDC1",1,4,1,2,1,2
"ENSG00000104408","EIF3E",1,4,1,1,1,5
"ENSG00000187189","TSPYL4",2,5,2,1,2,5
"ENSG00000108091","CCDC6",1,3,1,1,1,1
"ENSG00000166275","BORCS7",2,3,2,4,2,1
"ENSG00000023902","PLEKHO1",2,5,2,3,2,2
"ENSG00000138100","TRIM54",1,1,1,3,1,3
"ENSG00000182095","TNRC18",2,2,2,3,2,2
"ENSG00000184012","TMPRSS2",1,2,1,2,1,3
"ENSG00000119888","EPCAM",1,2,1,2,1,3
"ENSG00000181392","SYNE4",1,1,1,2,1,3
"ENSG00000197728","RPS26",1,4,1,1,1,5
"ENSG00000287925",NA,1,2,1,3,1,3
"ENSG00000065618","COL17A1",1,5,1,2,1,2
"ENSG00000169783","LINGO1",1,2,1,5,1,3
"ENSG00000047634","SCML1",2,4,2,5,2,4
"ENSG00000064419","TNPO3",1,3,1,3,1,5
"ENSG00000121207","LRAT",1,1,1,2,1,3
"ENSG00000127990","SGCE",2,5,2,2,2,4
"ENSG00000131844","MCCC2",1,5,1,3,1,3
"ENSG00000166736","HTR3A",1,1,1,3,1,3
"ENSG00000091039","OSBPL8",2,2,2,1,2,3
"ENSG00000177192","PUS1",1,4,1,1,1,2
"ENSG00000174547","MRPL11",1,4,1,1,1,2
"ENSG00000129055","ANAPC13",2,4,2,5,2,4
"ENSG00000171858","RPS21",1,4,1,1,1,5
"ENSG00000196139","AKR1C3",1,2,1,3,1,1
"ENSG00000184384","MAML2",2,3,2,4,2,1
"ENSG00000004848","ARX",2,2,2,5,2,2
"ENSG00000007866","TEAD3",2,4,2,5,2,3
"ENSG00000189398","OR7E12P",1,1,1,2,1,3
"ENSG00000151131","NOPCHAP1",1,3,1,1,1,5
"ENSG00000119899","SLC17A5",2,3,2,4,2,1
"ENSG00000269343","ZNF587B",1,4,1,2,1,2
"ENSG00000164142","FHIP1A",1,3,1,3,1,1
"ENSG00000187601","MAGEH1",2,4,2,4,2,3
"ENSG00000034713","GABARAPL2",2,4,2,4,2,3
"ENSG00000111728","ST8SIA1",2,4,2,1,2,4
"ENSG00000064102","INTS13",1,4,1,2,1,2
"ENSG00000123643","SLC36A1",1,5,1,1,1,3
"ENSG00000137166","FOXP4",2,5,2,1,2,4
"ENSG00000287523",NA,1,1,1,3,1,4
"ENSG00000198853","RUSC2",2,3,2,3,2,3
"ENSG00000084636","COL16A1",1,1,1,2,1,3
"ENSG00000106524","ANKMY2",2,4,2,2,2,4
"ENSG00000183765","CHEK2",1,3,1,3,1,5
"ENSG00000080709","KCNN2",1,1,1,3,1,1
"ENSG00000106538","RARRES2",1,1,1,3,1,4
"ENSG00000140577","CRTC3",2,2,2,1,2,2
"ENSG00000213516","RBMXL1",1,3,1,1,1,2
"ENSG00000151893","CACUL1",2,1,2,3,2,3
"ENSG00000169679","BUB1",1,3,1,4,1,1
"ENSG00000119705","SLIRP",1,4,1,1,1,2
"ENSG00000105137","SYDE1",2,3,2,5,2,1
"ENSG00000130779","CLIP1",2,4,2,5,2,3
"ENSG00000070214","SLC44A1",1,4,1,2,1,3
"ENSG00000198865","CCDC152",1,1,1,4,1,2
"ENSG00000107833","NPM3",1,5,1,2,1,5
"ENSG00000113140","SPARC",2,3,2,4,2,1
"ENSG00000186184","POLR1D",1,3,1,1,1,1
"ENSG00000144560","VGLL4",2,2,2,4,2,2
"ENSG00000006210","CX3CL1",2,4,2,1,2,4
"ENSG00000149476","TKFC",1,5,1,2,1,2
"ENSG00000141314","RHBDL3",1,1,1,3,1,3
"ENSG00000109861","CTSC",1,3,1,1,1,1
"ENSG00000108107","RPL28",1,4,1,1,1,5
"ENSG00000129946","SHC2",2,2,2,1,2,3
"ENSG00000119411","BSPRY",1,1,1,2,1,3
"ENSG00000138722","MMRN1",2,3,2,4,2,1
"ENSG00000137955","RABGGTB",1,2,1,3,1,5
"ENSG00000149273","RPS3",1,4,1,1,1,5
"ENSG00000141570","CBX8",2,2,2,1,2,2
"ENSG00000185924","RTN4RL1",2,3,2,3,2,2
"ENSG00000157110","RBPMS",1,1,1,2,1,1
"ENSG00000094631","HDAC6",2,3,2,3,2,1
"ENSG00000116830","TTF2",1,1,1,3,1,1
"ENSG00000103260","METRN",2,4,2,5,2,4
"ENSG00000145545","SRD5A1",1,4,1,1,1,2
"ENSG00000172932","ANKRD13D",2,4,2,3,2,3
"ENSG00000177098","SCN4B",1,3,1,2,1,1
"ENSG00000137574","TGS1",1,5,1,1,1,2
"ENSG00000127831","VIL1",1,1,1,2,1,4
"ENSG00000067533","RRP15",1,4,1,2,1,2
"ENSG00000080854","IGSF9B",1,3,1,3,1,1
"ENSG00000198246","SLC29A3",1,1,1,1,1,3
"ENSG00000100422","CERK",2,5,2,2,2,1
"ENSG00000143669","LYST",2,4,2,3,2,3
"ENSG00000198930","CSAG1",1,2,1,3,1,4
"ENSG00000181274","FRAT2",1,2,1,3,1,4
"ENSG00000148677","ANKRD1",2,4,2,5,2,3
"ENSG00000136451","VEZF1",2,2,2,3,2,2
"ENSG00000138792","ENPEP",2,3,2,3,2,1
"ENSG00000111859","NEDD9",2,3,2,4,2,1
"ENSG00000174951","FUT1",1,1,1,3,1,1
"ENSG00000131914","LIN28A",1,4,1,2,1,2
"ENSG00000111144","LTA4H",1,5,1,2,1,5
"ENSG00000172466","ZNF24",2,1,2,1,2,4
"ENSG00000203668","CHML",1,5,1,2,1,3
"ENSG00000272886","DCP1A",2,1,4,1,2,3
"ENSG00000150625","GPM6A",2,3,2,4,2,1
"ENSG00000168502","MTCL1",1,5,1,3,1,1
"ENSG00000065882","TBC1D1",1,5,1,1,1,2
"ENSG00000132330","SCLY",1,1,1,3,1,1
"ENSG00000179456","ZBTB18",2,5,2,4,2,1
"ENSG00000198729","PPP1R14C",2,5,2,4,2,1
"ENSG00000198938","COX3",1,3,1,1,1,1
"ENSG00000128050","PAICS",1,4,1,1,1,5
"ENSG00000172379","ARNT2",2,5,2,3,2,2
"ENSG00000100767","PAPLN",1,3,1,3,1,5
"ENSG00000136811","ODF2",2,1,2,2,2,4
"ENSG00000064547","LPAR2",2,3,2,3,2,5
"ENSG00000232677","LINC00665",1,1,1,2,1,3
"ENSG00000105289","TJP3",1,5,1,3,1,3
"ENSG00000165349","SLC7A3",1,5,4,2,1,1
"ENSG00000116661","FBXO2",1,1,1,3,1,3
"ENSG00000151422","FER",2,2,2,1,2,2
"ENSG00000170558","CDH2",2,4,2,2,2,1
"ENSG00000101439","CST3",2,4,2,5,2,3
"ENSG00000101282","RSPO4",1,2,1,2,1,2
"ENSG00000104327","CALB1",1,2,1,2,1,3
"ENSG00000152377","SPOCK1",2,3,2,2,2,2
"ENSG00000179915","NRXN1",1,3,1,4,1,1
"ENSG00000102755","FLT1",1,1,1,2,1,4
"ENSG00000177156","TALDO1",1,1,1,3,1,4
"ENSG00000150510","FAM124A",1,5,1,4,1,5
"ENSG00000244280",NA,1,1,1,3,1,4
"ENSG00000198498","TMA16",1,4,1,1,1,5
"ENSG00000065361","ERBB3",1,1,1,2,1,3
"ENSG00000100345","MYH9",2,1,2,5,2,3
"ENSG00000257711","LOC100505978",2,3,2,4,2,1
"ENSG00000133477","FAM83F",1,1,1,3,1,4
"ENSG00000146955","RAB19",1,1,1,2,1,3
"ENSG00000155846","PPARGC1B",1,3,1,3,1,5
"ENSG00000108946","PRKAR1A",2,3,2,4,2,1
"ENSG00000108861","DUSP3",2,3,2,4,2,3
"ENSG00000259223",NA,1,4,1,2,1,2
"ENSG00000155366","RHOC",2,4,2,5,2,3
"ENSG00000138696","BMPR1B",2,4,2,1,2,1
"ENSG00000113569","NUP155",1,5,1,1,1,2
"ENSG00000122863","CHST3",2,4,2,1,2,4
"ENSG00000260912",NA,1,3,1,2,1,4
"ENSG00000159712",NA,1,1,1,2,1,4
"ENSG00000072422","RHOBTB1",2,3,2,5,2,2
"ENSG00000182667","NTM",1,1,1,3,1,3
"ENSG00000182670","TTC3",2,1,2,1,2,3
"ENSG00000280435",NA,1,1,1,2,1,3
"ENSG00000165669","FAM204A",2,5,2,2,2,1
"ENSG00000115738","ID2",1,5,1,1,1,5
"ENSG00000103067","ESRP2",1,1,1,3,1,4
"ENSG00000128951","DUT",1,4,1,1,1,2
"ENSG00000130720","FIBCD1",1,1,1,2,1,3
"ENSG00000165732","DDX21",1,3,1,1,1,1
"ENSG00000075043","KCNQ2",1,2,1,2,1,2
"ENSG00000013306","SLC25A39",1,2,1,3,1,4
"ENSG00000232301","LNCPRESS1",1,2,1,3,1,4
"ENSG00000143147","GPR161",2,2,2,5,2,2
"ENSG00000140835","CHST4",1,1,1,3,1,4
"ENSG00000144152","FBLN7",2,4,2,2,2,1
"ENSG00000084092","NOA1",1,3,1,3,1,3
"ENSG00000125850","OVOL2",1,1,1,2,1,3
"ENSG00000167601","AXL",2,4,2,2,2,3
"ENSG00000123213","NLN",1,1,1,2,1,3
"ENSG00000101132","PFDN4",1,3,1,1,1,5
"ENSG00000114166","KAT2B",2,4,2,2,2,4
"ENSG00000188770","OPTC",1,2,1,3,1,1
"ENSG00000010278","CD9",1,1,1,3,1,3
"ENSG00000215866","LINC01356",1,1,1,3,1,4
"ENSG00000214174",NA,2,5,2,3,2,4
"ENSG00000059378","PARP12",1,1,1,1,1,4
"ENSG00000004468","CD38",1,2,1,2,1,3
"ENSG00000105373","NOP53",1,4,1,1,1,2
"ENSG00000143499","SMYD2",2,4,2,5,2,4
"ENSG00000140612","SEC11A",1,4,1,2,1,5
"ENSG00000204628","RACK1",1,4,1,1,1,5
"ENSG00000113721","PDGFRB",2,4,2,5,2,3
"ENSG00000197157","SND1",1,1,1,5,1,3
"ENSG00000151491","EPS8",2,4,2,4,2,3
"ENSG00000120659","TNFSF11",1,1,1,3,1,4
"ENSG00000109436","TBC1D9",2,4,2,5,2,3
"ENSG00000134318","ROCK2",2,4,2,5,2,4
"ENSG00000154721","JAM2",2,3,2,4,2,1
"ENSG00000103044","HAS3",1,2,1,2,1,3
"ENSG00000166313","APBB1",2,4,2,4,2,3
"ENSG00000138758","SEPTIN11",2,3,2,4,2,1
"ENSG00000113048","MRPS27",1,4,1,1,1,5
"ENSG00000143622","RIT1",2,4,2,5,2,3
"ENSG00000039560","RAI14",2,3,2,4,2,1
"ENSG00000140988","RPS2",1,4,1,1,1,5
"ENSG00000058091","CDK14",2,5,2,4,2,1
"ENSG00000223756",NA,1,2,1,2,1,3
"ENSG00000145147","SLIT2",2,3,2,3,2,2
"ENSG00000133612","AGAP3",2,1,2,1,2,3
"ENSG00000261236","BOP1",1,2,1,5,1,2
"ENSG00000090621","PABPC4",1,4,1,2,1,2
"ENSG00000139631","CSAD",2,1,2,3,2,1
"ENSG00000005238","ATOSB",2,1,2,3,2,5
"ENSG00000096092","TMEM14A",2,2,2,1,2,1
"ENSG00000269609","C10orf95-AS1",1,1,1,5,1,3
"ENSG00000165731","RET",1,3,1,3,1,5
"ENSG00000134824","FADS2",2,3,2,2,2,1
"ENSG00000105193","RPS16",1,4,1,1,1,5
"ENSG00000163002","NUP35",1,3,1,4,1,5
"ENSG00000154240","CEP112",2,2,2,2,2,2
"ENSG00000145685","LHFPL2",1,2,1,1,1,4
"ENSG00000100154","TTC28",2,2,2,3,2,5
"ENSG00000167513","CDT1",1,4,1,1,1,2
"ENSG00000171863","RPS7",1,4,1,1,1,5
"ENSG00000165983","PTER",1,5,1,2,1,3
"ENSG00000106591","MRPL32",1,4,1,1,1,5
"ENSG00000065183","WDR3",1,4,1,3,1,2
"ENSG00000162374","ELAVL4",2,4,2,5,2,3
"ENSG00000164251","F2RL1",1,3,1,2,1,5
"ENSG00000113240","CLK4",2,1,2,4,2,3
"ENSG00000147526","TACC1",2,3,2,4,2,3
"ENSG00000105640","RPL18A",1,4,1,1,1,5
"ENSG00000158258","CLSTN2",2,3,2,5,2,3
"ENSG00000135750","KCNK1",1,1,1,3,1,3
"ENSG00000008988","RPS20",1,4,1,1,1,5
"ENSG00000108561","C1QBP",1,4,1,1,1,2
"ENSG00000267040","ATP8B1-AS1",1,1,1,2,1,3
"ENSG00000169231","THBS3",2,4,2,4,2,3
"ENSG00000122406","RPL5",1,4,1,1,1,5
"ENSG00000225400",NA,2,5,2,3,2,1
"ENSG00000136842","TMOD1",1,1,1,2,1,3
"ENSG00000150764","DIXDC1",2,2,2,5,2,2
"ENSG00000158270","COLEC12",2,3,2,5,2,1
"ENSG00000130224","LRCH2",2,1,2,3,2,4
"ENSG00000235688",NA,1,1,1,2,1,3
"ENSG00000148357","HMCN2",1,1,1,2,1,3
"ENSG00000223572","CKMT1B",1,2,1,3,1,4
"ENSG00000277200","CCDC92B",1,1,1,2,1,3
"ENSG00000264596",NA,2,2,2,5,2,5
"ENSG00000124107","SLPI",1,1,1,3,1,4
"ENSG00000145833","DDX46",1,5,1,2,1,1
"ENSG00000105048","TNNT1",1,3,1,4,1,5
"ENSG00000161202","DVL3",2,3,2,3,2,1
"ENSG00000259291","ZNF710-AS1",2,2,2,1,2,2
"ENSG00000274373",NA,1,1,3,1,1,4
"ENSG00000134198","TSPAN2",2,2,2,1,2,2
"ENSG00000174282","ZBTB4",2,4,2,4,2,3
"ENSG00000146830","GIGYF1",1,1,1,2,1,3
"ENSG00000137309","HMGA1",1,3,1,1,1,5
"ENSG00000272619",NA,1,5,1,3,1,3
"ENSG00000046604","DSG2",1,2,1,2,1,3
"ENSG00000260834",NA,1,1,1,3,1,4
"ENSG00000163468","CCT3",1,4,1,1,1,2
"ENSG00000145741","BTF3",1,4,1,1,1,5
"ENSG00000004478","FKBP4",1,3,1,3,1,5
"ENSG00000140832","MARVELD3",1,1,1,3,1,3
"ENSG00000166455","C16orf46",2,1,2,3,2,1
"ENSG00000122482","ZNF644",1,1,1,2,1,4
"ENSG00000231500","RPS18",1,4,1,1,1,5
"ENSG00000196756","SNHG17",1,4,1,3,1,2
"ENSG00000125730","C3",1,2,1,3,1,3
"ENSG00000178105","DDX10",1,5,1,1,1,5
"ENSG00000138182","KIF20B",1,3,1,4,1,1
"ENSG00000142937","RPS8",1,4,1,1,1,5
"ENSG00000105699","LSR",1,1,1,2,1,2
"ENSG00000180370","PAK2",2,1,2,4,2,4
"ENSG00000162551","ALPL",1,3,1,3,1,5
"ENSG00000143494","VASH2",1,1,1,3,1,4
"ENSG00000074527","NTN4",2,2,2,1,2,3
"ENSG00000037474","NSUN2",1,5,1,3,1,1
"ENSG00000137818","RPLP1",1,3,1,1,1,5
"ENSG00000132953","XPO4",1,1,1,3,1,1
"ENSG00000076770","MBNL3",1,1,1,3,1,1
"ENSG00000166448","TMEM130",2,4,2,4,2,3
"ENSG00000168542","COL3A1",2,4,2,4,2,3
"ENSG00000128040","SPINK2",1,1,1,2,1,3
"ENSG00000226419","SLC16A1-AS1",1,1,1,2,1,1
"ENSG00000055044","NOP58",1,5,1,1,1,2
"ENSG00000235750","KIAA0040",1,1,1,2,1,4
"ENSG00000171759","PAH",1,1,1,2,1,3
"ENSG00000111540","RAB5B",2,4,2,1,2,3
"ENSG00000128789","PSMG2",1,3,1,1,1,5
"ENSG00000096384","HSP90AB1",1,4,1,1,1,5
"ENSG00000198056","PRIM1",1,5,1,1,1,2
"ENSG00000113648","MACROH2A1",2,5,2,2,2,1
"ENSG00000198554","WDHD1",1,5,1,1,1,1
"ENSG00000142207","URB1",1,3,1,3,1,5
"ENSG00000243279","PRAF2",2,4,2,2,2,3
"ENSG00000167470","MIDN",2,3,2,3,2,1
"ENSG00000272079",NA,1,1,1,3,1,3
"ENSG00000102763","VWA8",1,1,1,1,1,1
"ENSG00000196182","STK40",2,4,2,5,2,3
"ENSG00000119396","RAB14",2,5,2,4,2,1
"ENSG00000253731","PCDHGA6",1,2,1,1,1,3
"ENSG00000166847","DCTN5",2,5,2,1,2,1
"ENSG00000188816","HMX2",1,2,1,3,1,3
"ENSG00000102181","CD99L2",2,5,2,2,2,1
"ENSG00000166831","RBPMS2",1,3,1,3,1,4
"ENSG00000145907","G3BP1",1,5,1,1,1,2
"ENSG00000018408","WWTR1",2,3,2,4,2,3
"ENSG00000103356","EARS2",1,1,1,5,1,1
"ENSG00000138442","WDR12",1,3,1,2,1,1
"ENSG00000153094","BCL2L11",1,1,1,3,1,3
"ENSG00000104695","PPP2CB",2,3,4,3,2,1
"ENSG00000130939","UBE4B",1,2,1,1,1,3
"ENSG00000131375","CAPN7",2,1,4,1,2,4
"ENSG00000274701",NA,1,1,1,2,1,4
"ENSG00000102996","MMP15",1,1,1,3,1,3
"ENSG00000133703","KRAS",1,1,1,2,1,3
"ENSG00000260927",NA,1,4,1,2,1,2
"ENSG00000075223","SEMA3C",2,3,2,3,2,1
"ENSG00000165029","ABCA1",1,1,1,2,1,3
"ENSG00000198203","SULT1C2",1,3,1,1,1,1
"ENSG00000125482","TTF1",1,5,1,1,1,2
"ENSG00000182628","SKA2",2,3,2,2,2,1
"ENSG00000177697","CD151",2,3,2,4,2,1
"ENSG00000205593","DENND6B",2,3,2,4,2,2
"ENSG00000139687","RB1",2,1,2,2,2,4
"ENSG00000156639","ZFAND3",2,3,2,4,2,1
"ENSG00000255389",NA,2,3,2,4,2,3
"ENSG00000104490","NCALD",2,4,2,5,2,4
"ENSG00000109586","GALNT7",1,1,1,3,1,3
"ENSG00000184809",NA,1,4,1,2,1,3
"ENSG00000069702","TGFBR3",2,3,2,4,2,1
"ENSG00000124181","PLCG1",2,1,2,3,2,3
"ENSG00000223949","ROR1-AS1",1,3,1,3,1,1
"ENSG00000153936","HS2ST1",2,3,2,5,2,1
"ENSG00000081803","CADPS2",1,3,1,1,1,1
"ENSG00000144354","CDCA7",1,4,1,1,1,2
"ENSG00000138135","CH25H",1,2,1,1,1,3
"ENSG00000156504","PABIR2",1,1,1,2,1,3
"ENSG00000178531","CTXN1",2,5,2,5,2,1
"ENSG00000185046","ANKS1B",2,3,2,4,2,2
"ENSG00000100221","JOSD1",2,3,2,4,2,1
"ENSG00000176402","GJC3",1,1,1,3,1,3
"ENSG00000165175","MID1IP1",1,2,1,3,1,4
"ENSG00000104332","SFRP1",1,1,3,3,1,3
"ENSG00000126953","TIMM8A",1,5,1,3,1,5
"ENSG00000154645","CHODL",1,2,3,1,1,3
"ENSG00000152102","FAM168B",2,2,2,1,2,3
"ENSG00000104872","PIH1D1",1,1,1,1,1,3
"ENSG00000203727","SAMD5",2,3,2,5,2,1
"ENSG00000122882","ECD",1,4,1,1,1,5
"ENSG00000166025","AMOTL1",2,4,2,5,2,3
"ENSG00000131373","HACL1",1,4,1,1,1,2
"ENSG00000105855","ITGB8",2,3,2,4,2,1
"ENSG00000101361","NOP56",1,4,1,3,1,2
"ENSG00000150594","ADRA2A",1,1,1,3,1,4
"ENSG00000004864","SLC25A13",1,4,1,1,1,2
"ENSG00000159374","M1AP",1,3,1,2,1,4
"ENSG00000129116","PALLD",2,4,2,2,2,3
"ENSG00000225077",NA,1,2,1,1,1,3
"ENSG00000138771","SHROOM3",2,3,2,5,2,3
"ENSG00000196358","NTNG2",1,1,1,2,1,2
"ENSG00000076248","UNG",1,4,1,1,1,2
"ENSG00000158411","MITD1",1,4,1,1,1,2
"ENSG00000247809","NR2F2-AS1",2,4,2,5,2,4
"ENSG00000115963","RND3",2,3,2,5,2,1
"ENSG00000280099",NA,2,5,2,3,2,5
"ENSG00000184470","TXNRD2",2,1,2,1,2,3
"ENSG00000235437","LINC01278",2,1,2,3,2,5
"ENSG00000081479","LRP2",2,2,2,3,2,2
"ENSG00000137801","THBS1",2,3,2,4,2,1
"ENSG00000107485","GATA3",2,2,2,1,2,3
"ENSG00000134297","PLEKHA8P1",1,5,1,3,1,3
"ENSG00000196776","CD47",2,3,2,5,2,1
"ENSG00000282057",NA,2,1,2,3,2,5
"ENSG00000143469","SYT14",1,2,1,2,1,3
"ENSG00000137364","TPMT",1,4,1,3,1,2
"ENSG00000140391","TSPAN3",2,5,2,2,2,1
"ENSG00000152154","TMEM178A",2,3,2,3,2,2
"ENSG00000120913","PDLIM2",2,4,2,4,2,3
"ENSG00000166147","FBN1",2,4,2,2,2,4
"ENSG00000213722","DDAH2",2,4,2,5,2,1
"ENSG00000152078","TLCD4",2,3,2,3,2,1
"ENSG00000248927",NA,1,2,1,2,1,3
"ENSG00000127483","HP1BP3",2,2,2,2,2,5
"ENSG00000146701","MDH2",1,3,1,3,1,1
"ENSG00000100316","RPL3",1,4,1,1,1,5
"ENSG00000106780","MEGF9",2,2,2,4,2,2
"ENSG00000111752","PHC1",1,1,1,3,1,4
"ENSG00000156858","PRR14",2,2,2,1,2,2
"ENSG00000117595","IRF6",1,1,1,3,1,3
"ENSG00000123405","NFE2",1,2,1,3,1,4
"ENSG00000187323","DCC",2,5,2,3,2,2
"ENSG00000085063","CD59",2,2,2,1,2,3
"ENSG00000077348","EXOSC5",1,4,1,5,1,2
"ENSG00000137076","TLN1",2,4,2,5,2,3
"ENSG00000140836","ZFHX3",2,2,2,2,2,2
"ENSG00000083457","ITGAE",2,2,2,1,2,1
"ENSG00000168874","ATOH8",2,4,2,4,2,4
"ENSG00000066735","KIF26A",1,1,1,2,1,3
"ENSG00000224078",NA,1,1,1,2,1,3
"ENSG00000011105","TSPAN9",2,3,2,1,2,1
"ENSG00000077009","NMRK2",1,3,1,3,1,4
"ENSG00000166225","FRS2",2,5,2,4,2,2
"ENSG00000100889","PCK2",1,3,1,3,1,1
"ENSG00000111142","METAP2",1,5,1,1,1,2
"ENSG00000075975","MKRN2",2,1,2,1,2,3
"ENSG00000171385","KCND3",2,3,2,4,2,1
"ENSG00000003400","CASP10",1,3,1,3,1,1
"ENSG00000147687","TATDN1",1,4,1,1,1,2
"ENSG00000110660","SLC35F2",1,4,1,5,1,1
"ENSG00000116260","QSOX1",1,1,1,2,1,3
"ENSG00000259495",NA,2,2,2,3,2,2
"ENSG00000164024","METAP1",1,4,1,1,1,5
"ENSG00000167306","MYO5B",1,1,1,3,1,3
"ENSG00000237190","CDKN2AIPNL",1,4,1,1,1,5
"ENSG00000152904","GGPS1",2,5,2,4,2,1
"ENSG00000204121",NA,1,1,1,3,1,4
"ENSG00000174748","RPL15",1,4,1,1,1,5
"ENSG00000182054","IDH2",2,5,2,2,2,2
"ENSG00000044459","CNTLN",1,1,1,1,1,3
"ENSG00000167747","C19orf48P",1,4,1,1,1,2
"ENSG00000156508","EEF1A1",1,5,1,2,1,2
"ENSG00000088832","FKBP1A",1,3,1,1,1,5
"ENSG00000250510","GPR162",2,3,2,3,2,1
"ENSG00000116729","WLS",2,4,2,5,2,1
"ENSG00000272398","CD24",1,2,1,3,1,4
"ENSG00000163882","POLR2H",1,2,1,1,1,5
"ENSG00000184939","ZFP90",2,2,2,3,2,2
"ENSG00000173511","VEGFB",2,3,2,4,2,3
"ENSG00000164733","CTSB",2,4,2,5,2,3
"ENSG00000164610","RP9",2,4,2,1,2,1
"ENSG00000242615",NA,1,5,1,1,1,2
"ENSG00000265413",NA,2,2,2,5,2,3
"ENSG00000198646","NCOA6",2,5,2,2,2,1
"ENSG00000162377","COA7",1,3,1,3,1,5
"ENSG00000105707","HPN",1,1,1,2,1,3
"ENSG00000286627",NA,2,3,2,5,2,3
"ENSG00000261183","SPINT1-AS1",1,1,1,2,1,4
"ENSG00000143195","ILDR2",2,4,2,2,2,4
"ENSG00000106477","CEP41",2,2,2,2,2,1
"ENSG00000186838","SELENOV",1,1,1,2,1,3
"ENSG00000227705",NA,2,2,2,5,2,3
"ENSG00000136982","DSCC1",1,5,1,1,1,5
"ENSG00000201608","RNU4-42P",1,3,1,2,1,4
"ENSG00000258696",NA,1,1,1,3,1,4
"ENSG00000153317","ASAP1",2,4,2,5,2,3
"ENSG00000111653","ING4",2,3,2,3,2,3
"ENSG00000162734","PEA15",2,4,2,5,2,3
"ENSG00000146535","GNA12",1,5,4,2,1,2
"ENSG00000106399","RPA3",1,4,1,1,1,2
"ENSG00000058085","LAMC2",1,1,1,3,1,3
"ENSG00000169057","MECP2",2,2,2,3,2,3
"ENSG00000095596","CYP26A1",1,2,1,3,1,5
"ENSG00000129354","AP1M2",1,1,1,3,1,3
"ENSG00000134900","TPP2",1,2,1,1,1,3
"ENSG00000177600","RPLP2",1,4,1,1,1,5
"ENSG00000145391","SETD7",2,4,2,3,2,3
"ENSG00000126453","BCL2L12",1,4,1,1,1,2
"ENSG00000110700","RPS13",1,4,1,1,1,5
"ENSG00000277135",NA,2,2,2,1,2,3
"ENSG00000121897","LIAS",1,2,1,2,1,3
"ENSG00000101544","ADNP2",1,5,1,1,1,2
"ENSG00000262179","MYMX",1,5,1,1,1,5
"ENSG00000104213","PDGFRL",1,1,1,2,1,3
"ENSG00000129534","MIS18BP1",1,5,1,1,1,5
"ENSG00000155760","FZD7",1,2,1,1,1,3
"ENSG00000099864","PALM",2,2,2,1,2,1
"ENSG00000008083","JARID2",1,1,1,2,1,3
"ENSG00000117385","P3H1",2,1,2,3,2,5
"ENSG00000117877","POLR1G",1,4,1,3,1,2
"ENSG00000149418","ST14",1,1,1,3,1,3
"ENSG00000151135","TMEM263",2,4,2,4,2,3
"ENSG00000196476","C20orf96",2,3,2,3,2,3
"ENSG00000135763","URB2",1,4,1,3,1,2
"ENSG00000123570","RAB9B",2,2,2,3,2,2
"ENSG00000185339","TCN2",1,3,1,3,1,1
"ENSG00000114391","RPL24",1,4,1,1,1,5
"ENSG00000176973","FAM89B",2,5,2,4,2,1
"ENSG00000086589","RBM22",2,4,2,1,2,2
"ENSG00000258441","LINC00641",2,2,2,2,2,5
"ENSG00000138399","FASTKD1",1,1,1,5,1,1
"ENSG00000172216","CEBPB",1,3,1,3,1,1
"ENSG00000148680","HTR7",1,1,1,3,1,4
"ENSG00000134508","CABLES1",1,1,1,3,1,3
"ENSG00000196576","PLXNB2",2,4,2,5,2,3
"ENSG00000114115","RBP1",2,3,3,4,2,1
"ENSG00000153707","PTPRD",2,4,2,5,2,3
"ENSG00000132382","MYBBP1A",1,4,1,2,1,5
"ENSG00000109689","STIM2",1,2,1,1,1,3
"ENSG00000043143","JADE2",1,3,1,3,1,4
"ENSG00000141504","SAT2",2,3,2,4,2,1
"ENSG00000167733","HSD11B1L",2,3,2,4,2,1
"ENSG00000011198","ABHD5",1,5,1,1,1,2
"ENSG00000147596","PRDM14",1,1,1,3,1,3
"ENSG00000240288","GHRLOS",1,1,1,2,1,2
"ENSG00000083845","RPS5",1,4,1,1,1,5
"ENSG00000105523","FAM83E",1,1,1,2,1,4
"ENSG00000133119","RFC3",1,5,1,1,1,5
"ENSG00000213965","NUDT19",2,2,2,3,2,2
"ENSG00000104960","PTOV1",2,3,2,2,2,1
"ENSG00000261786",NA,1,1,3,1,1,4
"ENSG00000143947","RPS27A",1,4,1,2,1,5
"ENSG00000105819","PMPCB",1,4,1,2,1,2
"ENSG00000185156","MFSD6L",1,1,1,3,1,4
"ENSG00000165115","KIF27",2,2,2,3,2,1
"ENSG00000223482","NUTM2A-AS1",2,2,2,2,2,3
"ENSG00000104341","LAPTM4B",1,3,1,3,1,2
"ENSG00000120685","PROSER1",1,2,1,2,1,3
"ENSG00000005100","DHX33",1,4,1,1,1,2
"ENSG00000204262","COL5A2",2,4,2,5,2,3
"ENSG00000155304","HSPA13",2,1,2,1,2,4
"ENSG00000165023","DIRAS2",2,1,2,3,2,4
"ENSG00000139835","GRTP1",1,1,1,2,1,3
"ENSG00000269044",NA,2,2,2,1,2,2
"ENSG00000205213","LGR4",1,4,1,5,1,3
"ENSG00000164626","KCNK5",1,3,1,2,1,1
"ENSG00000125266","EFNB2",2,4,2,5,2,5
"ENSG00000117707","PROX1",2,4,2,4,2,4
"ENSG00000132688","NES",2,5,2,3,2,1
"ENSG00000162490","DRAXIN",1,5,1,2,1,5
"ENSG00000150768","DLAT",1,4,1,2,1,2
"ENSG00000119782","FKBP1B",1,3,1,2,1,5
"ENSG00000124839","RAB17",1,1,1,2,1,4
"ENSG00000129353","SLC44A2",1,5,1,1,1,5
"ENSG00000148843","PDCD11",1,4,1,5,1,2
"ENSG00000100401","RANGAP1",2,3,2,4,2,1
"ENSG00000160124","MIX23",1,3,1,3,1,5
"ENSG00000164266","SPINK1",1,1,1,3,1,3
"ENSG00000138829","FBN2",2,2,3,2,2,2
"ENSG00000105926","PALS2",1,1,1,2,1,3
"ENSG00000115525","ST3GAL5",2,3,3,4,2,1
"ENSG00000132669","RIN2",2,5,2,4,2,5
"ENSG00000127603","MACF1",2,1,2,3,2,3
"ENSG00000166347","CYB5A",1,1,3,1,1,4
"ENSG00000175354","PTPN2",1,1,1,5,1,3
"ENSG00000136045","PWP1",1,4,1,2,1,2
"ENSG00000131323","TRAF3",2,2,2,1,2,4
"ENSG00000196305","IARS1",1,3,1,1,1,5
"ENSG00000275549","STPG3-AS1",1,2,1,2,1,3
"ENSG00000154556","SORBS2",2,3,2,4,2,1
"ENSG00000113460","BRIX1",1,3,1,3,1,5
"ENSG00000101489","CELF4",2,2,2,3,2,2
"ENSG00000178921","PFAS",1,4,1,1,1,2
"ENSG00000137225","CAPN11",1,2,1,2,1,3
"ENSG00000143797","MBOAT2",2,2,2,1,2,2
"ENSG00000065970","FOXJ2",2,2,2,2,2,4
"ENSG00000131269","ABCB7",1,1,1,2,1,1
"ENSG00000124784","RIOK1",1,1,1,2,1,3
"ENSG00000156531","PHF6",2,1,2,3,2,4
"ENSG00000043355","ZIC2",3,1,1,4,1,5
"ENSG00000009950","MLXIPL",1,1,1,3,1,3
"ENSG00000179195","ZNF664",2,2,2,2,2,2
"ENSG00000138193","PLCE1",2,3,2,4,3,1
"ENSG00000169255","B3GALNT1",2,3,2,3,3,1
"ENSG00000063046","EIF4B",1,4,1,2,1,2
"ENSG00000144677","CTDSPL",2,2,2,1,2,3
"ENSG00000230623",NA,1,2,1,2,1,1
"ENSG00000060140","STYK1",1,2,1,2,1,3
"ENSG00000184500","PROS1",2,2,2,1,2,2
"ENSG00000198626","RYR2",1,2,1,2,1,1
"ENSG00000153179","RASSF3",3,1,1,4,1,5
"ENSG00000125285","SOX21",1,4,1,1,1,2
"ENSG00000198301","SDAD1",1,4,1,2,1,2
"ENSG00000283498","MIR1244-2",1,5,1,4,1,5
"ENSG00000148303","RPL7A",1,4,1,1,1,5
"ENSG00000185250","PPIL6",2,3,2,4,3,1
"ENSG00000112812","PRSS16",1,1,1,2,1,3
"ENSG00000258593",NA,1,1,1,2,1,3
"ENSG00000138095","LRPPRC",1,3,1,2,1,1
"ENSG00000064393","HIPK2",2,3,2,4,3,1
"ENSG00000159079","CFAP298",1,2,1,3,1,4
"ENSG00000260719",NA,1,2,1,1,1,1
"ENSG00000189143","CLDN4",1,1,1,3,1,3
"ENSG00000152492","CCDC50",2,4,2,5,2,4
"ENSG00000205763",NA,2,4,2,5,2,3
"ENSG00000067064","IDI1",2,3,2,2,2,3
"ENSG00000147257","GPC3",2,2,2,2,2,2
"ENSG00000113300","CNOT6",2,4,2,5,2,3
"ENSG00000203326","ZNF525",1,1,1,2,1,3
"ENSG00000138036","DYNC2LI1",2,2,2,3,2,2
"ENSG00000164741","DLC1",2,4,2,5,2,3
"ENSG00000108582","CPD",2,3,2,2,2,2
"ENSG00000115942","ORC2",1,3,1,2,1,5
"ENSG00000131409","LRRC4B",2,2,2,3,2,1
"ENSG00000069482","GAL",1,1,1,2,1,4
"ENSG00000086062","B4GALT1",2,4,2,5,2,3
"ENSG00000106484","MEST",2,1,2,3,2,4
"ENSG00000114942","EEF1B2",1,4,1,2,1,5
"ENSG00000241002","RPL32P13",1,1,1,3,1,3
"ENSG00000165526","RPUSD4",1,4,1,2,1,5
"ENSG00000124209","RAB22A",2,4,2,4,2,3
"ENSG00000160446","ZDHHC12",1,4,1,1,1,2
"ENSG00000170390","DCLK2",2,2,2,3,2,4
"ENSG00000112118","MCM3",1,4,1,1,1,2
"ENSG00000113742","CPEB4",2,1,2,3,2,5
"ENSG00000118160","SLC8A2",1,5,1,3,1,3
"ENSG00000030066","NUP160",1,4,1,1,1,2
"ENSG00000085840","ORC1",1,5,1,1,1,2
"ENSG00000102547","CAB39L",2,3,4,3,2,3
"ENSG00000113119","TMCO6",1,2,1,2,1,3
"ENSG00000132541","RIDA",1,4,1,2,1,2
"ENSG00000141510","TP53",1,5,1,2,1,2
"ENSG00000166105","GLB1L3",1,1,1,2,1,4
"ENSG00000120158","RCL1",1,4,1,5,1,5
"ENSG00000141655","TNFRSF11A",1,1,1,2,1,4
"ENSG00000185418","TARS3",2,3,2,3,3,1
"ENSG00000063015","SEZ6",1,5,1,3,1,5
"ENSG00000136274","NACAD",2,4,2,4,2,3
"ENSG00000197756","RPL37A",1,4,1,1,1,5
"ENSG00000198755","RPL10A",1,4,1,2,1,5
"ENSG00000141505","ASGR1",2,1,2,1,2,3
"ENSG00000153266","FEZF2",2,2,2,2,2,2
"ENSG00000049769","PPP1R3F",2,1,2,3,2,4
"ENSG00000124092","CTCFL",1,1,1,2,1,3
"ENSG00000105755","ETHE1",1,5,1,3,1,5
"ENSG00000166963","MAP1A",2,3,2,4,2,1
"ENSG00000185551","NR2F2",2,4,2,2,2,4
"ENSG00000139645","ANKRD52",2,4,2,5,2,3
"ENSG00000182107","TMEM30B",1,1,1,3,1,4
"ENSG00000228649","SNHG26",1,3,1,3,1,1
"ENSG00000198805","PNP",1,2,1,1,1,3
"ENSG00000259953",NA,2,2,2,1,2,2
"ENSG00000164587","RPS14",1,4,1,1,1,5
"ENSG00000138768","USO1",1,3,1,3,1,1
"ENSG00000099331","MYO9B",2,3,2,3,2,3
"ENSG00000152056","AP1S3",1,1,1,1,1,1
"ENSG00000160963","COL26A1",2,4,2,5,2,4
"ENSG00000116977","LGALS8",2,5,2,3,2,5
"ENSG00000020577","SAMD4A",2,4,2,5,2,3
"ENSG00000139364","TMEM132B",1,3,1,2,1,5
"ENSG00000162889","MAPKAPK2",2,4,2,5,2,4
"ENSG00000165434","PGM2L1",2,3,2,4,2,5
"ENSG00000095002","MSH2",1,4,1,3,1,2
"ENSG00000008405","CRY1",2,1,2,4,2,3
"ENSG00000184897","H1-10",2,2,2,4,2,4
"ENSG00000100297","MCM5",1,4,1,1,1,2
"ENSG00000185189","NRBP2",2,3,2,1,2,3
"ENSG00000104549","SQLE",2,3,2,2,2,3
"ENSG00000115694","STK25",2,3,2,4,2,4
"ENSG00000035862","TIMP2",2,4,2,5,2,3
"ENSG00000115816","CEBPZ",1,3,1,3,1,4
"ENSG00000073536","NLE1",1,3,1,5,1,5
"ENSG00000278925",NA,1,1,1,2,1,1
"ENSG00000106868","SUSD1",2,2,2,3,2,2
"ENSG00000198155",NA,1,3,1,3,1,5
"ENSG00000187231","SESTD1",2,2,2,2,2,2
"ENSG00000134874","DZIP1",2,1,2,3,2,5
"ENSG00000078269","SYNJ2",2,2,2,5,2,3
"ENSG00000248528",NA,1,1,1,3,1,3
"ENSG00000183077","AFMID",1,4,1,5,1,5
"ENSG00000169398","PTK2",2,1,4,4,2,4
"ENSG00000229891","LINC01315",1,1,3,3,1,1
"ENSG00000204054",NA,2,1,2,3,2,3
"ENSG00000123892","RAB38",1,2,1,5,1,3
"ENSG00000147010","SH3KBP1",1,3,1,4,1,1
"ENSG00000158106","RHPN1",2,2,2,3,2,2
"ENSG00000102271","KLHL4",1,3,1,1,1,1
"ENSG00000172458","IL17D",2,5,2,4,2,1
"ENSG00000166863","TAC3",1,5,1,1,1,3
"ENSG00000156928","MALSU1",1,2,1,3,1,5
"ENSG00000177238","TRIM72",1,2,1,3,1,3
"ENSG00000101384","JAG1",4,1,5,1,4,1
"ENSG00000172020","GAP43",3,2,5,1,4,1
"ENSG00000085117","CD82",4,1,5,1,4,1
"ENSG00000092421","SEMA6A",5,1,3,3,5,1
"ENSG00000120885","CLU",3,2,5,1,4,1
"ENSG00000158555","GDPD5",4,1,5,1,4,1
"ENSG00000148798","INA",4,1,5,2,4,2
"ENSG00000172794","RAB37",5,1,3,3,5,1
"ENSG00000165105","RASEF",5,1,3,2,3,2
"ENSG00000164951","PDP1",4,1,5,2,4,2
"ENSG00000165891","E2F7",3,2,5,2,4,1
"ENSG00000153012","LGI2",4,2,5,3,4,3
"ENSG00000104953","TLE6",5,1,3,4,3,1
"ENSG00000147251","DOCK11",3,3,5,4,4,1
"ENSG00000187210","GCNT1",3,2,5,1,4,1
"ENSG00000156675","RAB11FIP1",4,1,5,3,4,3
"ENSG00000171724","VAT1L",3,2,5,1,4,4
"ENSG00000170275","CRTAP",3,2,5,2,4,4
"ENSG00000169744","LDB2",5,1,3,3,3,1
"ENSG00000260400",NA,5,1,3,2,3,3
"ENSG00000177181","RIMKLA",5,1,3,3,5,1
"ENSG00000113319","RASGRF2",5,1,3,2,3,1
"ENSG00000109189","USP46",4,3,4,3,4,3
"ENSG00000153885","KCTD15",5,1,3,3,3,1
"ENSG00000187605","TET3",5,1,3,3,5,1
"ENSG00000077942","FBLN1",5,2,3,3,3,3
"ENSG00000250366","TUNAR",4,3,5,2,4,1
"ENSG00000186350","RXRA",5,1,3,3,5,1
"ENSG00000163545","NUAK2",4,1,5,3,4,1
"ENSG00000160180","TFF3",5,1,3,4,5,1
"ENSG00000065717","TLE2",5,1,3,4,3,1
"ENSG00000099204","ABLIM1",4,2,4,2,4,3
"ENSG00000125798","FOXA2",5,3,3,4,5,1
"ENSG00000135002","RFK",4,1,5,5,4,2
"ENSG00000125492","BARHL1",4,1,5,5,4,1
"ENSG00000129514","FOXA1",5,1,3,4,5,1
"ENSG00000144857","BOC",3,4,5,1,4,5
"ENSG00000007171","NOS2",4,1,5,3,4,1
"ENSG00000173157","ADAMTS20",3,3,5,2,4,1
"ENSG00000182968","SOX1",3,2,5,1,4,4
"ENSG00000174718","RESF1",5,1,3,3,3,2
"ENSG00000259974","LINC00261",5,3,3,4,5,1
"ENSG00000135074","ADAM19",4,1,5,4,4,5
"ENSG00000124785","NRN1",4,1,5,2,4,2
"ENSG00000150760","DOCK1",5,4,3,2,3,3
"ENSG00000173334","TRIB1",4,2,5,2,4,3
"ENSG00000162694","EXTL2",5,1,3,3,3,1
"ENSG00000169129","AFAP1L2",4,1,5,1,4,5
"ENSG00000052126","PLEKHA5",5,1,3,3,5,1
"ENSG00000059804","SLC2A3",4,1,5,3,4,1
"ENSG00000163251","FZD5",5,2,3,3,5,1
"ENSG00000198435","NRARP",4,2,5,3,4,5
"ENSG00000188732","FAM221A",5,1,3,3,5,1
"ENSG00000169062","UPF3A",5,1,3,3,3,1
"ENSG00000072133","RPS6KA6",5,1,3,3,3,2
"ENSG00000151338","MIPOL1",5,2,3,3,3,3
"ENSG00000164466","SFXN1",4,1,5,3,4,3
"ENSG00000121440","PDZRN3",5,1,3,4,5,1
"ENSG00000187094","CCK",4,1,5,1,4,1
"ENSG00000118733","OLFM3",3,2,5,1,4,1
"ENSG00000132386","SERPINF1",5,1,3,4,5,1
"ENSG00000139178","C1RL",5,1,3,4,5,1
"ENSG00000169641","LUZP1",5,1,3,3,5,1
"ENSG00000122417","ODF2L",5,3,3,3,3,2
"ENSG00000111913","RIPOR2",4,3,5,2,4,4
"ENSG00000061918","GUCY1B1",4,1,5,5,4,3
"ENSG00000167081","PBX3",4,4,5,2,4,2
"ENSG00000163485","ADORA1",4,1,5,1,4,1
"ENSG00000148737","TCF7L2",5,3,3,4,3,2
"ENSG00000150394","CDH8",4,1,5,3,4,2
"ENSG00000164651","SP8",4,1,5,1,4,1
"ENSG00000116667","C1orf21",4,2,5,3,4,5
"ENSG00000139266","MARCHF9",5,1,3,3,5,2
"ENSG00000112685","EXOC2",5,1,3,3,3,2
"ENSG00000101333","PLCB4",4,2,4,5,4,3
"ENSG00000142634","EFHD2",5,5,3,2,3,3
"ENSG00000164946","FREM1",5,1,3,3,5,1
"ENSG00000167157","PRRX2",5,1,3,4,5,2
"ENSG00000149218","ENDOD1",4,1,5,5,4,2
"ENSG00000114861","FOXP1",5,1,3,2,3,1
"ENSG00000154640","BTG3",4,1,4,3,4,2
"ENSG00000175352","NRIP3",3,2,5,1,4,1
"ENSG00000139865","TTC6",5,1,3,4,3,1
"ENSG00000141012","GALNS",5,5,3,3,3,3
"ENSG00000186047","DLEU7",5,1,3,4,5,2
"ENSG00000147454","SLC25A37",4,1,5,1,4,3
"ENSG00000137266","SLC22A23",4,1,5,3,4,1
"ENSG00000142089","IFITM3",4,3,5,3,4,2
"ENSG00000021300","PLEKHB1",5,3,3,4,5,1
"ENSG00000189120","SP6",4,2,5,3,4,1
"ENSG00000134245","WNT2B",4,1,5,5,4,2
"ENSG00000136546","SCN7A",5,1,3,2,3,1
"ENSG00000278926",NA,4,5,5,2,4,3
"ENSG00000119547","ONECUT2",4,3,5,2,4,2
"ENSG00000164007","CLDN19",5,1,3,2,5,1
"ENSG00000170381","SEMA3E",5,1,3,2,5,1
"ENSG00000104313","EYA1",5,2,3,3,3,2
"ENSG00000150893","FREM2",5,1,3,2,3,1
"ENSG00000035403","VCL",4,4,5,3,4,2
"ENSG00000196542","SPTSSB",5,1,3,4,3,1
"ENSG00000229847","EMX2OS",4,1,5,1,4,3
"ENSG00000135315","CEP162",5,4,3,2,5,3
"ENSG00000170264","FAM161A",5,5,1,5,3,3
"ENSG00000188064","WNT7B",4,1,5,5,4,3
"ENSG00000236782","ZNF593OS",4,1,5,1,4,1
"ENSG00000100003","SEC14L2",4,1,5,1,4,2
"ENSG00000069849","ATP1B3",4,3,5,2,4,3
"ENSG00000130176","CNN1",4,1,2,5,4,2
"ENSG00000106772","PRUNE2",3,2,5,2,4,3
"ENSG00000106723","SPIN1",5,2,3,3,5,4
"ENSG00000068885","IFT80",5,4,3,2,5,3
"ENSG00000255248","MIR100HG",4,1,5,5,4,2
"ENSG00000144369","FAM171B",4,1,5,5,4,1
"ENSG00000200385",NA,5,1,3,3,3,1
"ENSG00000109381","ELF2",5,5,3,3,5,4
"ENSG00000135903","PAX3",4,1,5,1,4,1
"ENSG00000154342","WNT3A",4,1,5,5,4,1
"ENSG00000135045","C9orf40",3,3,4,2,4,5
"ENSG00000115380","EFEMP1",5,1,3,4,3,1
"ENSG00000138018","SELENOI",4,1,4,3,4,2
"ENSG00000196376","SLC35F1",3,5,4,3,4,5
"ENSG00000110931","CAMKK2",5,5,3,3,3,3
"ENSG00000116717","GADD45A",4,1,4,3,4,2
"ENSG00000008196","TFAP2B",4,1,5,1,4,1
"ENSG00000007372","PAX6",4,1,5,1,4,1
"ENSG00000139132","FGD4",5,1,3,3,5,1
"ENSG00000066468","FGFR2",4,4,5,2,4,2
"ENSG00000160111","CPAMD8",5,1,3,5,3,4
"ENSG00000173848","NET1",4,3,5,2,4,3
"ENSG00000164161","HHIP",5,1,3,3,3,1
"ENSG00000133048","CHI3L1",4,1,5,2,4,1
"ENSG00000173530","TNFRSF10D",4,1,5,2,4,2
"ENSG00000112983","BRD8",5,4,3,2,5,3
"ENSG00000103335","PIEZO1",5,1,3,4,3,1
"ENSG00000184486","POU3F2",4,1,5,3,4,1
"ENSG00000092445","TYRO3",5,5,3,3,5,5
"ENSG00000170962","PDGFD",5,1,3,2,3,1
"ENSG00000167196","FBXO22",4,1,5,3,4,3
"ENSG00000280660",NA,4,3,4,3,4,2
"ENSG00000114346","ECT2",4,2,5,3,4,5
"ENSG00000280451",NA,4,5,5,1,4,3
"ENSG00000198894","CIPC",5,2,3,3,5,1
"ENSG00000136603","SKIL",5,3,3,4,5,1
"ENSG00000160188","RSPH1",5,1,2,3,3,4
"ENSG00000005020","SKAP2",5,1,3,3,3,4
"ENSG00000111432","FZD10",3,4,5,4,4,1
"ENSG00000187098","MITF",5,1,3,4,3,1
"ENSG00000116679","IVNS1ABP",4,2,5,2,4,3
"ENSG00000118263","KLF7",4,1,4,3,4,3
"ENSG00000146278","PNRC1",5,2,1,5,3,3
"ENSG00000170370","EMX2",4,1,5,1,4,3
"ENSG00000163132","MSX1",4,1,5,3,4,2
"ENSG00000160888","IER2",4,1,5,3,4,3
"ENSG00000026297","RNASET2",5,1,3,3,3,2
"ENSG00000250208","FZD10-AS1",4,2,5,4,4,1
"ENSG00000162576","MXRA8",5,1,3,3,3,2
"ENSG00000149212","SESN3",4,1,5,4,4,5
"ENSG00000169251","NMD3",5,1,3,4,3,4
"ENSG00000184005","ST6GALNAC3",5,2,3,3,3,3
"ENSG00000178919","FOXE1",5,1,3,4,3,2
"ENSG00000271824","SMIM32",5,1,3,4,3,1
"ENSG00000072110","ACTN1",4,4,5,3,4,2
"ENSG00000185650","ZFP36L1",4,1,2,5,4,1
"ENSG00000102893","PHKB",5,4,3,2,5,3
"ENSG00000103121","CMC2",4,3,5,3,4,1
"ENSG00000246859","STARD4-AS1",5,2,3,5,5,4
"ENSG00000111145","ELK3",4,3,4,3,4,3
"ENSG00000166265","CYYR1",5,1,3,3,3,3
"ENSG00000162543","UBXN10",5,4,3,2,3,3
"ENSG00000150551","LYPD1",4,1,5,3,4,2
"ENSG00000184677","ZBTB40",5,1,3,2,3,2
"ENSG00000106278","PTPRZ1",4,2,4,2,4,5
"ENSG00000196482","ESRRG",5,1,3,2,3,1
"ENSG00000116741","RGS2",5,1,3,4,3,1
"ENSG00000110880","CORO1C",4,1,2,5,4,1
"ENSG00000175611","ERCC6L2-AS1",5,1,3,3,5,1
"ENSG00000118965","WDR35",5,1,3,2,3,3
"ENSG00000278530","CHMP1B2P",5,1,3,3,5,2
"ENSG00000262655","SPON1",5,3,3,4,3,3
"ENSG00000196418","ZNF124",5,2,1,5,5,4
"ENSG00000158985","CDC42SE2",3,2,5,1,4,5
"ENSG00000185033","SEMA4B",5,2,3,3,5,4
"ENSG00000197291","RAMP2-AS1",5,1,3,4,3,1
"ENSG00000223561","LINC03007",5,1,3,4,3,2
"ENSG00000182247","UBE2E2",3,2,5,2,4,4
"ENSG00000079156","OSBPL6",4,1,5,5,4,3
"ENSG00000188906","LRRK2",5,1,3,4,3,1
"ENSG00000144847","IGSF11",5,1,3,2,3,4
"ENSG00000138061","CYP1B1",4,2,2,5,4,3
"ENSG00000108231","LGI1",4,3,4,3,4,2
"ENSG00000078114","NEBL",4,1,5,3,4,2
"ENSG00000154553","PDLIM3",4,1,4,3,4,3
"ENSG00000164690","SHH",5,1,3,4,3,4
"ENSG00000101695","RNF125",5,1,3,3,3,2
"ENSG00000077274","CAPN6",5,3,3,4,5,1
"ENSG00000103449","SALL1",5,5,3,3,5,5
"ENSG00000175215","CTDSP2",5,5,3,3,5,3
"ENSG00000185088","RPS27L",4,1,4,3,4,2
"ENSG00000089472","HEPH",5,1,3,2,3,4
"ENSG00000114450","GNB4",4,2,5,2,4,2
"ENSG00000163590","PPM1L",5,1,3,2,3,1
"ENSG00000203706",NA,4,4,5,3,4,5
"ENSG00000006327","TNFRSF12A",4,1,5,3,4,2
"ENSG00000133216","EPHB2",5,1,3,2,3,4
"ENSG00000173376","NDNF",4,1,5,1,4,1
"ENSG00000113916","BCL6",4,3,5,3,4,2
"ENSG00000160209","PDXK",4,2,5,3,4,4
"ENSG00000120696","KBTBD7",5,4,3,2,5,3
"ENSG00000260125","AGBL1-AS1",4,1,5,1,4,1
"ENSG00000106571","GLI3",4,1,5,1,4,5
"ENSG00000141433","ADCYAP1",4,1,4,3,4,2
"ENSG00000124749","COL21A1",5,1,3,2,5,1
"ENSG00000171811","CFAP46",5,1,3,3,3,4
"ENSG00000239263",NA,5,1,3,2,3,3
"ENSG00000181378","CFAP65",5,4,3,2,3,3
"ENSG00000138798","EGF",4,1,2,5,4,3
"ENSG00000119862","LGALSL",4,1,5,3,4,2
"ENSG00000144583","MARCHF4",4,3,5,2,4,3
"ENSG00000133863","TEX15",5,1,3,3,5,3
"ENSG00000272168",NA,5,2,3,5,3,2
"ENSG00000124171","PARD6B",4,1,5,4,4,3
"ENSG00000140525","FANCI",4,2,5,2,4,3
"ENSG00000064655","EYA2",5,1,3,2,3,1
"ENSG00000047932","GOPC",5,1,3,4,3,1
"ENSG00000187772","LIN28B",3,3,4,2,4,1
"ENSG00000186577","SMIM29",4,1,4,3,4,2
"ENSG00000128165","ADM2",4,2,5,3,4,3
"ENSG00000173812","EIF1",3,3,5,2,4,1
"ENSG00000163536","SERPINI1",5,1,3,3,3,2
"ENSG00000128655","PDE11A",5,1,2,3,3,1
"ENSG00000176170","SPHK1",4,1,2,5,4,3
"ENSG00000170891","CYTL1",5,1,3,4,5,1
"ENSG00000152556","PFKM",5,1,3,5,3,3
"ENSG00000124205","EDN3",5,1,3,2,3,2
"ENSG00000230454",NA,5,2,3,5,3,2
"ENSG00000196338","NLGN3",5,1,2,3,3,3
"ENSG00000280485",NA,4,3,4,3,4,2
"ENSG00000117632","STMN1",5,1,3,2,3,4
"ENSG00000198648","STK39",5,1,3,2,5,1
"ENSG00000075290","WNT8B",4,1,5,1,4,1
"ENSG00000120539","MASTL",3,1,5,2,4,3
"ENSG00000227560","RPS15AP30",5,3,3,4,3,2
"ENSG00000204442","NALF1",3,3,1,4,4,4
"ENSG00000188505","NCCRP1",5,1,3,3,5,2
"ENSG00000132437","DDC",5,1,3,4,3,1
"ENSG00000123240","OPTN",4,1,2,5,4,2
"ENSG00000196937","FAM3C",4,3,5,2,4,2
"ENSG00000134533","RERG",5,1,3,2,3,1
"ENSG00000036672","USP2",5,1,3,2,3,1
"ENSG00000082497","SERTAD4",3,4,5,2,4,5
"ENSG00000162772","ATF3",4,1,4,3,4,2
"ENSG00000138772","ANXA3",4,1,5,5,4,2
"ENSG00000105792","CFAP69",5,1,3,4,3,1
"ENSG00000182568","SATB1",5,2,3,3,3,2
"ENSG00000170293","CMTM8",5,1,3,2,3,1
"ENSG00000248445","SEMA6A-AS1",5,1,3,3,5,1
"ENSG00000116991","SIPA1L2",4,3,5,2,4,2
"ENSG00000174963","ZIC4",4,1,5,5,4,1
"ENSG00000179104","TMTC2",5,2,3,3,5,1
"ENSG00000277013",NA,5,1,3,2,3,1
"ENSG00000152926","ZNF117",5,2,3,5,5,4
"ENSG00000173218","VANGL1",5,1,2,3,3,1
"ENSG00000179796","LRRC3B",4,1,2,5,4,5
"ENSG00000168785","TSPAN5",3,4,5,4,4,5
"ENSG00000186197","EDARADD",5,1,3,4,3,1
"ENSG00000198355","PIM3",4,1,5,3,4,3
"ENSG00000068366","ACSL4",4,3,5,3,4,2
"ENSG00000257345",NA,5,1,3,2,3,4
"ENSG00000154080","CHST9",5,1,3,3,3,2
"ENSG00000108406","DHX40",5,1,3,2,3,3
"ENSG00000152952","PLOD2",5,1,3,3,5,2
"ENSG00000151474","FRMD4A",4,1,4,3,4,2
"ENSG00000102383","ZDHHC15",5,4,3,2,3,4
"ENSG00000152582","SPEF2",5,1,2,3,3,4
"ENSG00000197901","SLC22A6",5,1,3,2,3,4
"ENSG00000115457","IGFBP2",4,2,5,4,4,2
"ENSG00000185149","NPY2R",4,1,2,5,4,2
"ENSG00000120708","TGFBI",5,2,3,5,3,1
"ENSG00000175356","SCUBE2",4,1,5,1,4,5
"ENSG00000078018","MAP2",4,2,5,1,4,5
"ENSG00000002933","TMEM176A",4,1,2,5,4,1
"ENSG00000182150","ERCC6L2",5,2,3,3,5,1
"ENSG00000249859","PVT1",4,2,1,3,4,2
"ENSG00000170836","PPM1D",4,1,5,3,4,3
"ENSG00000080546","SESN1",4,1,4,3,4,2
"ENSG00000138640","FAM13A",5,2,3,5,3,2
"ENSG00000173276","ZBTB21",3,3,5,3,4,4
"ENSG00000124813","RUNX2",5,1,3,4,3,4
"ENSG00000196659","IFT70B",5,4,3,2,5,3
"ENSG00000183036","PCP4",4,1,4,3,4,2
"ENSG00000285205",NA,5,1,3,4,3,3
"ENSG00000105327","BBC3",4,1,4,3,4,2
"ENSG00000198947","DMD",4,3,5,2,4,1
"ENSG00000144406","UNC80",4,1,5,3,4,5
"ENSG00000108984","MAP2K6",5,1,3,2,3,3
"ENSG00000206530","CFAP44",5,1,3,2,3,1
"ENSG00000114302","PRKAR2A",4,5,5,3,4,5
"ENSG00000172965","MIR4435-2HG",4,3,2,5,4,2
"ENSG00000279970",NA,5,1,3,4,3,1
"ENSG00000149243","KLHL35",4,1,2,5,4,2
"ENSG00000120156","TEK",4,1,5,1,4,5
"ENSG00000122779","TRIM24",3,1,5,4,4,3
"ENSG00000135838","NPL",5,1,3,2,3,3
"ENSG00000168003","SLC3A2",3,3,5,2,4,4
"ENSG00000165092","ALDH1A1",4,1,5,3,4,3
"ENSG00000162188","GNG3",4,3,5,3,4,4
"ENSG00000125869","LAMP5",4,1,5,1,4,1
"ENSG00000153944","MSI2",4,2,4,2,4,3
"ENSG00000164330","EBF1",4,1,5,5,4,2
"ENSG00000273650",NA,5,1,3,4,3,1
"ENSG00000111087","GLI1",5,2,3,3,5,5
"ENSG00000204131","NHSL2",5,3,3,4,3,2
"ENSG00000182704","TSKU",5,2,3,3,3,1
"ENSG00000097021","ACOT7",3,2,5,2,4,4
"ENSG00000168952","STXBP6",4,1,5,3,4,2
"ENSG00000189077","TMEM120A",4,3,5,3,4,2
"ENSG00000177106","EPS8L2",4,3,4,3,4,2
"ENSG00000101825","MXRA5",4,5,5,3,4,2
"ENSG00000005469","CROT",4,1,5,5,4,1
"ENSG00000197965","MPZL1",4,1,5,1,4,1
"ENSG00000067798","NAV3",4,1,5,5,4,2
"ENSG00000112981","NME5",5,1,3,2,3,4
"ENSG00000101463","SYNDIG1",5,1,3,2,3,1
"ENSG00000032742","IFT88",5,1,3,2,3,4
"ENSG00000112175","BMP5",4,1,5,1,4,1
"ENSG00000185585","OLFML2A",5,1,3,4,5,1
"ENSG00000185621","LMLN",5,4,3,2,5,3
"ENSG00000183853","KIRREL1",4,1,2,5,4,1
"ENSG00000140943","MBTPS1",5,1,3,4,3,2
"ENSG00000147894","C9orf72",4,1,4,4,4,3
"ENSG00000100592","DAAM1",4,1,2,5,4,3
"ENSG00000173914","RBM4B",5,2,3,2,5,1
"ENSG00000064309","CDON",4,1,5,1,4,1
"ENSG00000253958","CLDN23",5,2,3,5,5,4
"ENSG00000147654","EBAG9",5,5,3,2,5,3
"ENSG00000182165","TP53TG1",4,1,5,5,4,2
"ENSG00000136868","SLC31A1",3,3,5,2,4,4
"ENSG00000140873","ADAMTS18",4,1,5,3,4,3
"ENSG00000286020",NA,5,1,3,4,3,4
"ENSG00000273540","AGBL1",4,1,5,1,4,1
"ENSG00000120149","MSX2",4,1,4,3,4,2
"ENSG00000223768","LINC00205",5,4,3,2,3,3
"ENSG00000188582","PAQR9",4,1,5,5,4,3
"ENSG00000253821",NA,5,1,3,4,3,1
"ENSG00000006432","MAP3K9",4,2,5,3,4,3
"ENSG00000163376","KBTBD8",5,1,3,2,3,2
"ENSG00000275216",NA,4,3,5,2,4,2
"ENSG00000118407","FILIP1",3,1,5,4,4,5
"ENSG00000134986","NREP",5,1,3,2,3,1
"ENSG00000162599","NFIA",5,3,3,4,3,2
"ENSG00000134215","VAV3",4,5,5,1,4,3
"ENSG00000197063","MAFG",4,2,5,3,4,2
"ENSG00000123307","NEUROD4",4,1,5,1,4,1
"ENSG00000204104","TRAF3IP1",5,4,3,2,5,3
"ENSG00000257501","PAFAH1B2P2",4,1,4,3,4,2
"ENSG00000075213","SEMA3A",4,1,5,1,4,1
"ENSG00000165246","NLGN4Y",5,2,3,3,5,1
"ENSG00000137267","TUBB2A",4,4,5,3,4,2
"ENSG00000178700","DHFR2",5,2,3,3,5,5
"ENSG00000113448","PDE4D",4,1,2,5,4,2
"ENSG00000196361","ELAVL3",4,1,2,5,4,2
"ENSG00000213066","CEP43",5,1,3,2,3,2
"ENSG00000133665","DYDC2",5,4,3,1,3,3
"ENSG00000184304","PRKD1",5,1,3,2,3,4
"ENSG00000111674","ENO2",4,1,5,3,4,3
"ENSG00000135899","SP110",5,1,3,2,3,1
"ENSG00000089159","PXN",4,2,5,4,4,3
"ENSG00000147180","ZNF711",5,1,3,4,3,2
"ENSG00000074047","GLI2",3,1,5,4,4,5
"ENSG00000152315","KCNK13",5,1,3,2,3,1
"ENSG00000137501","SYTL2",4,1,5,5,4,1
"ENSG00000189350","TOGARAM2",5,1,3,3,5,1
"ENSG00000182255","KCNA4",5,1,3,4,3,4
"ENSG00000169862","CTNND2",4,1,2,5,4,1
"ENSG00000240567","LINC02067",5,1,3,2,3,2
"ENSG00000164056","SPRY1",4,2,4,2,4,3
"ENSG00000171786","NHLH1",4,1,2,5,4,2
"ENSG00000120318","ARAP3",4,2,4,4,4,3
"ENSG00000221818","EBF2",4,1,5,5,4,1
"ENSG00000135596","MICAL1",5,1,3,4,3,1
"ENSG00000180447","GAS1",4,1,5,1,4,1
"ENSG00000089902","RCOR1",4,3,5,4,4,4
"ENSG00000152495","CAMK4",4,1,5,1,4,1
"ENSG00000152977","ZIC1",4,1,5,5,4,1
"ENSG00000164093","PITX2",5,1,3,2,3,2
"ENSG00000164051","CCDC51",4,1,5,3,4,2
"ENSG00000147036","LANCL3",5,1,3,4,3,1
"ENSG00000211649","IGLV7-46",5,1,3,2,3,4
"ENSG00000135048","CEMIP2",4,1,5,1,4,5
"ENSG00000122861","PLAU",4,3,2,5,4,2
"ENSG00000120457","KCNJ5",4,1,2,5,4,3
"ENSG00000228526","MIR34AHG",4,3,4,3,4,2
"ENSG00000177426","TGIF1",3,3,1,4,4,5
"ENSG00000224243","SOX1-OT",3,3,4,2,4,3
"ENSG00000136193","SCRN1",4,1,5,5,4,2
"ENSG00000249992","TMEM158",4,5,5,4,4,3
"ENSG00000204899","MZT1",4,4,5,2,4,1
"ENSG00000144331","ZNF385B",4,1,5,1,4,1
"ENSG00000088836","SLC4A11",5,1,3,3,5,1
"ENSG00000113739","STC2",4,3,5,2,4,2
"ENSG00000145526","CDH18",4,1,2,5,4,2
"ENSG00000122641","INHBA",5,1,3,4,5,2
"ENSG00000134716","CYP2J2",5,4,3,1,3,3
"ENSG00000171488","LRRC8C",4,1,5,5,4,3
"ENSG00000056487","PHF21B",4,1,5,3,4,3
"ENSG00000285210",NA,5,1,3,3,3,2
"ENSG00000042980","ADAM28",4,1,5,5,4,3
"ENSG00000141753","IGFBP4",4,2,5,3,4,3
"ENSG00000137203","TFAP2A",4,1,2,5,4,1
"ENSG00000131080","EDA2R",4,1,4,3,4,2
"ENSG00000109113","RAB34",5,1,3,3,5,1
"ENSG00000000003","TSPAN6",5,1,3,2,3,3
"ENSG00000065320","NTN1",5,1,3,2,3,1
"ENSG00000222041","CYTOR",4,3,2,5,4,2
"ENSG00000226928",NA,4,3,4,3,4,2
"ENSG00000123091","RNF11",4,1,5,4,4,5
"ENSG00000164300","SERINC5",4,1,5,3,4,5
"ENSG00000271122","HERPUD2-AS1",5,4,3,2,3,3
"ENSG00000188290","HES4",4,1,2,5,4,2
"ENSG00000135842","NIBAN1",5,1,3,2,3,2
"ENSG00000184254","ALDH1A3",4,3,4,3,4,2
"ENSG00000198945","L3MBTL3",5,1,3,5,3,1
"ENSG00000187123","LYPD6",5,3,3,2,5,5
"ENSG00000149809","TM7SF2",5,4,3,2,3,3
"ENSG00000049860","HEXB",3,3,4,3,4,4
"ENSG00000120306","CYSTM1",4,1,5,5,4,2
"ENSG00000151023","ENKUR",5,1,3,2,3,4
"ENSG00000119328","ABITRAM",5,4,3,2,3,1
"ENSG00000170153","RNF150",5,1,3,4,2,5
"ENSG00000136048","DRAM1",4,3,4,3,4,2
"ENSG00000120889","TNFRSF10B",4,1,4,3,4,2
"ENSG00000006128","TAC1",4,5,5,1,4,3
"ENSG00000227023","OR51A3P",5,1,3,2,5,1
"ENSG00000117592","PRDX6",4,4,5,3,4,2
"ENSG00000120265","PCMT1",4,4,5,2,4,4
"ENSG00000111266","DUSP16",4,5,4,3,4,3
"ENSG00000105854","PON2",5,1,3,2,3,4
"ENSG00000136541","ERMN",5,1,3,2,3,3
"ENSG00000168918","INPP5D",4,3,4,3,4,2
"ENSG00000102034","ELF4",5,1,3,3,5,1
"ENSG00000153207","AHCTF1",4,3,4,2,4,3
"ENSG00000189127","ANKRD34B",4,1,5,5,4,3
"ENSG00000146678","IGFBP1",5,1,3,2,3,4
"ENSG00000261609","GAN",4,1,4,4,4,3
"ENSG00000064225","ST3GAL6",5,5,3,3,5,4
"ENSG00000070808","CAMK2A",4,1,5,3,4,1
"ENSG00000167346","MMP26",5,1,3,3,3,2
"ENSG00000132205","EMILIN2",4,1,5,5,4,2
"ENSG00000143315","PIGM",5,2,3,5,5,4
"ENSG00000198860","TSEN15",4,1,2,2,4,1
"ENSG00000241839","PLEKHO2",5,2,1,5,5,1
"ENSG00000168280","KIF5C",4,2,4,2,4,3
"ENSG00000170893","TRH",4,1,5,5,4,3
"ENSG00000115507","OTX1",4,1,5,1,4,5
"ENSG00000128016","ZFP36",4,3,5,2,4,2
"ENSG00000156136","DCK",4,2,4,3,4,1
"ENSG00000129173","E2F8",5,4,3,1,5,3
"ENSG00000163377","TAFA4",5,1,3,1,3,2
"ENSG00000064651","SLC12A2",4,5,5,1,4,3
"ENSG00000224063",NA,4,1,5,3,4,2
"ENSG00000266709","MGC12916",4,3,5,2,4,2
"ENSG00000120254","MTHFD1L",3,3,5,2,4,4
"ENSG00000139679","LPAR6",4,1,5,1,4,5
"ENSG00000136504","KAT7",3,5,5,4,4,5
"ENSG00000237732",NA,4,1,5,1,4,1
"ENSG00000166037","CEP57",4,2,4,1,4,3
"ENSG00000104964","TLE5",5,3,3,4,5,1
"ENSG00000086619","ERO1B",5,1,3,3,3,1
"ENSG00000269386","RAB11B-AS1",5,2,3,3,5,4
"ENSG00000153815","CMIP",4,2,4,4,4,5
"ENSG00000161638","ITGA5",4,3,5,2,4,2
"ENSG00000161513","FDXR",4,3,5,2,4,3
"ENSG00000131477","RAMP2",5,1,3,2,3,1
"ENSG00000162998","FRZB",5,2,3,3,3,5
"ENSG00000147509","RGS20",4,1,2,5,4,2
"ENSG00000197705","KLHL14",4,5,5,5,4,3
"ENSG00000116096","SPR",5,1,2,3,5,1
"ENSG00000198887","SMC5",4,1,4,4,4,3
"ENSG00000180875","GREM2",4,1,5,5,4,2
"ENSG00000075426","FOSL2",4,1,2,5,4,2
"ENSG00000108551","RASD1",4,1,2,5,4,3
"ENSG00000136874","STX17",5,2,3,5,5,4
"ENSG00000112782","CLIC5",5,1,3,4,3,1
"ENSG00000075711","DLG1",4,2,4,2,4,3
"ENSG00000176893","OR51G2",5,1,3,2,5,1
"ENSG00000273270",NA,5,4,3,2,5,3
"ENSG00000150054","MPP7",5,1,3,2,3,1
"ENSG00000105643","ARRDC2",5,5,3,3,5,4
"ENSG00000248008","NRAV",5,1,3,2,5,1
"ENSG00000186231","KLHL32",5,1,3,2,3,3
"ENSG00000019485","PRDM11",5,1,3,2,3,3
"ENSG00000188316","ENO4",5,3,3,3,5,1
"ENSG00000006042","TMEM98",5,1,3,2,3,3
"ENSG00000116514","RNF19B",4,1,4,3,4,2
"ENSG00000143153","ATP1B1",4,4,5,2,4,1
"ENSG00000255145",NA,5,1,3,3,3,2
"ENSG00000008226","DLEC1",5,3,3,4,3,2
"ENSG00000134253","TRIM45",3,5,5,3,4,3
"ENSG00000183876","ARSI",4,4,5,2,4,2
"ENSG00000163923","RPL39L",3,3,1,4,4,4
"ENSG00000167987","VPS37C",5,1,3,2,3,1
"ENSG00000196812","ZSCAN16",5,4,3,2,3,3
"ENSG00000103145","HCFC1R1",4,3,4,3,4,2
"ENSG00000287346","LOC105370689",5,2,3,3,3,5
"ENSG00000152785","BMP3",5,3,3,4,3,2
"ENSG00000183161","FANCF",5,4,3,2,5,3
"ENSG00000015592","STMN4",4,1,2,5,4,2
"ENSG00000158966","CACHD1",3,2,5,2,1,5
"ENSG00000172936","MYD88",5,1,3,2,3,3
"ENSG00000261115","TMEM178B",5,1,3,4,3,3
"ENSG00000155903","RASA2",4,2,4,4,4,3
"ENSG00000148814","LRRC27",5,1,3,4,3,1
"ENSG00000170703","TTLL6",5,5,3,3,5,5
"ENSG00000123933","MXD4",5,1,3,5,5,1
"ENSG00000136104","RNASEH2B",5,1,3,2,5,3
"ENSG00000113328","CCNG1",3,3,1,4,4,4
"ENSG00000110318","CEP126",5,1,3,3,3,1
"ENSG00000265179",NA,4,1,5,3,4,2
"ENSG00000075884","ARHGAP15",4,1,5,1,4,5
"ENSG00000124762","CDKN1A",4,1,4,3,4,2
"ENSG00000120549","KIAA1217",4,4,5,2,4,2
"ENSG00000249751","ECSCR",4,4,5,3,4,2
"ENSG00000177283","FZD8",5,2,3,3,5,4
"ENSG00000078295","ADCY2",4,5,5,3,4,3
"ENSG00000186166","CENATAC",4,1,5,5,4,2
"ENSG00000073910","FRY",5,1,3,2,3,4
"ENSG00000136810","TXN",3,3,1,4,4,4
"ENSG00000142945","KIF2C",4,2,5,3,4,1
"ENSG00000186952","TMEM232",5,4,3,2,3,4
"ENSG00000082397","EPB41L3",5,1,3,2,5,2
"ENSG00000077152","UBE2T",3,2,5,2,4,5
"ENSG00000170959","DCDC1",5,1,2,3,3,1
"ENSG00000141179","PCTP",5,1,3,2,3,3
"ENSG00000106333","PCOLCE",5,1,3,2,3,1
"ENSG00000151575","TEX9",5,1,3,2,3,1
"ENSG00000181773","GPR3",4,2,4,3,4,3
"ENSG00000181026","AEN",4,3,5,2,4,4
"ENSG00000170162","VGLL2",5,1,3,2,3,4
"ENSG00000143416","SELENBP1",5,1,3,2,3,4
"ENSG00000185920","PTCH1",5,3,3,4,5,1
"ENSG00000070193","FGF10",5,3,3,4,3,2
"ENSG00000111962","UST",3,3,1,4,4,4
"ENSG00000135312","HTR1B",5,1,3,2,3,1
"ENSG00000109819","PPARGC1A",4,1,5,1,4,1
"ENSG00000170477","KRT4",5,1,3,4,3,1
"ENSG00000091409","ITGA6",5,5,3,1,5,5
"ENSG00000104756","KCTD9",4,3,4,2,4,2
"ENSG00000123983","ACSL3",3,2,5,2,4,4
"ENSG00000087470","DNM1L",4,4,5,2,4,1
"ENSG00000288658","LOC122319436",4,1,5,1,4,1
"ENSG00000120963","ZNF706",4,1,5,3,4,2
"ENSG00000280219",NA,5,2,3,5,3,2
"ENSG00000188636","RTL6",5,1,3,2,3,4
"ENSG00000197769","MAP1LC3C",4,5,4,3,4,3
"ENSG00000138166","DUSP5",4,3,5,2,4,2
"ENSG00000168077","SCARA3",4,1,5,1,4,5
"ENSG00000267002",NA,5,3,3,4,3,2
"ENSG00000066382","MPPED2",5,3,2,3,3,2
"ENSG00000104856","RELB",4,3,2,5,4,2
"ENSG00000183715","OPCML",5,1,3,2,3,1
"ENSG00000236801","RPL24P8",4,3,5,3,4,2
"ENSG00000205056",NA,5,5,3,3,5,5
"ENSG00000100403","ZC3H7B",5,1,3,4,3,4
"ENSG00000108384","RAD51C",4,4,5,3,4,1
"ENSG00000137285","TUBB2B",4,4,5,3,4,1
"ENSG00000142765","SYTL1",3,3,4,2,4,4
"ENSG00000204852","TCTN1",5,1,3,5,3,4
"ENSG00000158716","DUSP23",5,4,3,2,3,3
"ENSG00000006634","DBF4",3,3,5,2,4,4
"ENSG00000176022","B3GALT6",5,1,3,2,3,4
"ENSG00000115970","THADA",5,2,3,3,5,4
"ENSG00000169242","EFNA1",5,1,3,2,3,1
"ENSG00000177425","PAWR",4,1,4,3,4,2
"ENSG00000160408","ST6GALNAC6",5,1,3,3,3,1
"ENSG00000163694","RBM47",4,5,5,2,4,3
"ENSG00000157502","PWWP3B",5,1,3,4,3,4
"ENSG00000274588","DGKK",5,1,3,3,3,1
"ENSG00000198380","GFPT1",4,2,4,2,4,2
"ENSG00000091664","SLC17A6",4,1,5,5,4,3
"ENSG00000251450","RASGRF2-AS1",5,1,3,2,3,1
"ENSG00000156050","FAM161B",5,2,3,2,3,5
"ENSG00000253734","LINC01289",4,1,5,1,4,3
"ENSG00000270190",NA,4,3,4,3,4,2
"ENSG00000150995","ITPR1",5,3,3,3,3,2
"ENSG00000127249","ATP13A4",5,1,3,2,3,4
"ENSG00000145348","TBCK",5,1,3,2,3,4
"ENSG00000189212",NA,5,1,3,4,3,2
"ENSG00000283010",NA,4,1,2,5,4,1
"ENSG00000127328","RAB3IP",5,2,3,3,5,1
"ENSG00000154134","ROBO3",4,2,5,4,4,3
"ENSG00000114988","LMAN2L",5,1,3,2,3,4
"ENSG00000001561","ENPP4",5,1,3,5,3,4
"ENSG00000148672","GLUD1",4,5,5,5,4,5
"ENSG00000204228","HSD17B8",5,2,3,3,5,5
"ENSG00000131981","LGALS3",4,5,4,3,4,3
"ENSG00000141524","TMC6",4,2,4,2,4,3
"ENSG00000167654","ATCAY",4,2,5,3,4,3
"ENSG00000152284","TCF7L1",5,2,3,3,5,1
"ENSG00000183833","CFAP91",5,1,2,3,3,1
"ENSG00000197748","CFAP43",5,1,4,1,3,1
"ENSG00000154099","DNAAF1",5,1,3,4,3,2
"ENSG00000134574","DDB2",4,1,4,3,4,2
"ENSG00000075275","CELSR1",5,3,3,2,3,3
"ENSG00000235098","ANKRD65",5,1,3,4,3,1
"ENSG00000134684","YARS1",3,3,5,2,4,4
"ENSG00000104290","FZD3",4,1,5,1,4,1
"ENSG00000154917","RAB6B",4,2,5,4,4,3
"ENSG00000130595","TNNT3",4,4,5,3,4,3
"ENSG00000172175","MALT1",4,1,4,4,4,2
"ENSG00000286457",NA,5,3,3,5,3,2
"ENSG00000003436","TFPI",4,1,5,3,2,3
"ENSG00000142733","MAP3K6",4,2,5,3,4,3
"ENSG00000109956","B3GAT1",4,2,5,4,4,5
"ENSG00000143228","NUF2",4,2,5,3,4,1
"ENSG00000168348","INSM2",4,1,5,5,4,1
"ENSG00000279839",NA,4,1,2,5,4,3
"ENSG00000105281","SLC1A5",3,3,5,2,4,4
"ENSG00000235865","GSN-AS1",5,2,3,5,5,1
"ENSG00000254377","MIR124-2HG",3,2,5,1,4,3
"ENSG00000198948","MFAP3L",4,1,5,4,4,5
"ENSG00000087095","NLK",4,1,4,5,4,5
"ENSG00000167434","CA4",4,1,5,1,4,5
"ENSG00000166900","STX3",4,2,4,2,4,3
"ENSG00000166483","WEE1",4,2,5,3,4,2
"ENSG00000178234","GALNT11",4,1,4,3,4,2
"ENSG00000196700","ZNF512B",5,5,3,2,5,5
"ENSG00000136936","XPA",5,1,3,4,3,2
"ENSG00000274922",NA,5,4,3,5,3,3
"ENSG00000091129","NRCAM",5,1,3,3,3,1
"ENSG00000086696","HSD17B2",4,1,5,5,4,2
"ENSG00000181744","DIPK2A",5,1,3,2,3,1
"ENSG00000157064","NMNAT2",3,1,5,4,4,3
"ENSG00000100097","LGALS1",4,1,5,1,4,3
"ENSG00000123094","RASSF8",4,1,4,3,4,2
"ENSG00000080573","COL5A3",4,1,4,3,4,2
"ENSG00000069696","DRD4",4,1,5,5,4,3
"ENSG00000103404","USP31",4,2,4,2,4,3
"ENSG00000188522","FAM83G",4,2,5,3,4,3
"ENSG00000156299","TIAM1",3,3,1,1,4,5
"ENSG00000149591","TAGLN",4,1,2,5,4,1
"ENSG00000164924","YWHAZ",4,5,5,3,4,2
"ENSG00000157259","GATAD1",4,1,5,3,4,2
"ENSG00000288061",NA,4,1,4,1,4,3
"ENSG00000166573","GALR1",5,1,3,4,3,1
"ENSG00000172667","ZMAT3",4,1,4,3,4,2
"ENSG00000170820","FSHR",5,1,3,2,3,1
"ENSG00000168890","TMEM150A",5,4,3,1,3,3
"ENSG00000115896","PLCL1",5,1,3,4,3,4
"ENSG00000111885","MAN1A1",4,1,4,3,4,1
"ENSG00000149503","INCENP",4,2,5,3,4,2
"ENSG00000133124","IRS4",3,4,5,1,4,3
"ENSG00000042445","RETSAT",4,2,5,3,4,2
"ENSG00000177169","ULK1",5,5,1,5,5,2
"ENSG00000168264","IRF2BP2",4,1,4,3,4,2
"ENSG00000115138","POMC",4,1,5,5,4,3
"ENSG00000167740","CYB5D2",5,1,3,2,3,3
"ENSG00000128283","CDC42EP1",4,1,2,5,4,1
"ENSG00000124766","SOX4",5,3,3,4,3,2
"ENSG00000179397","CATSPERE",5,1,3,2,3,2
"ENSG00000079950","STX7",5,1,3,4,3,1
"ENSG00000155085","AK9",5,1,3,5,3,2
"ENSG00000270640",NA,4,1,5,3,4,2
"ENSG00000122085","MTERF4",5,5,3,5,3,3
"ENSG00000185261","KIAA0825",5,1,3,2,3,3
"ENSG00000091879","ANGPT2",4,4,5,3,4,1
"ENSG00000104177","MYEF2",4,2,4,4,4,3
"ENSG00000149131","SERPING1",5,2,3,3,3,3
"ENSG00000167566","NCKAP5L",5,3,3,4,5,1
"ENSG00000228835",NA,4,5,5,5,4,3
"ENSG00000029534","ANK1",4,3,4,3,4,3
"ENSG00000142149","HUNK",3,4,5,4,4,5
"ENSG00000213625","LEPROT",5,1,3,2,3,2
"ENSG00000101255","TRIB3",4,3,4,3,4,2
"ENSG00000104267","CA2",4,1,5,1,4,2
"ENSG00000112249","ASCC3",4,3,5,2,4,2
"ENSG00000158615","PPP1R15B",3,3,5,2,4,4
"ENSG00000162976","SLC66A3",5,5,3,3,5,1
"ENSG00000166689","PLEKHA7",5,2,3,3,5,1
"ENSG00000132434","LANCL2",5,4,3,2,5,3
"ENSG00000138134","STAMBPL1",5,3,3,4,5,1
"ENSG00000083312","TNPO1",4,4,5,3,4,2
"ENSG00000196449","YRDC",4,4,5,2,4,1
"ENSG00000187860","CCDC157",5,4,3,2,3,3
"ENSG00000157005","SST",4,1,4,3,4,2
"ENSG00000100941","PNN",5,4,1,5,3,2
"ENSG00000147041","SYTL5",5,1,3,2,3,4
"ENSG00000115310","RTN4",5,1,3,2,3,4
"ENSG00000152642","GPD1L",5,4,3,2,3,1
"ENSG00000187553","CYP26C1",4,4,5,4,4,1
"ENSG00000106105","GARS1",3,3,5,2,4,4
"ENSG00000179314","WSCD1",3,5,5,3,4,5
"ENSG00000077616","NAALAD2",5,3,3,4,2,2
"ENSG00000203667","COX20",5,2,3,3,5,1
"ENSG00000166426","CRABP1",4,2,3,2,4,1
"ENSG00000114021","NIT2",5,1,3,2,3,4
"ENSG00000113810","SMC4",4,2,5,3,4,3
"ENSG00000162231","NXF1",5,4,3,2,5,3
"ENSG00000167460","TPM4",3,2,5,2,4,4
"ENSG00000173207","CKS1B",4,4,4,3,4,1
"ENSG00000177337",NA,3,5,5,3,4,5
"ENSG00000118193","KIF14",4,2,5,3,4,3
"ENSG00000189292","ALKAL2",4,1,4,3,4,2
"ENSG00000138670","RASGEF1B",5,1,3,4,3,3
"ENSG00000124920","MYRF",5,1,2,3,3,1
"ENSG00000162738","VANGL2",4,1,2,5,4,2
"ENSG00000157680","DGKI",5,3,3,4,5,1
"ENSG00000167468","GPX4",4,1,2,5,4,1
"ENSG00000164687","FABP5",5,1,3,2,3,4
"ENSG00000010310","GIPR",5,1,3,4,3,1
"ENSG00000177311","ZBTB38",4,4,5,3,4,2
"ENSG00000117139","KDM5B",3,1,5,4,4,3
"ENSG00000154529","CNTNAP3B",3,3,5,3,4,3
"ENSG00000221914","PPP2R2A",4,3,4,3,4,2
"ENSG00000184845","DRD1",4,1,5,5,4,1
"ENSG00000116329","OPRD1",5,1,3,2,3,4
"ENSG00000253389",NA,4,3,4,3,4,2
"ENSG00000159840","ZYX",4,5,5,2,4,3
"ENSG00000269113","TRABD2B",5,1,3,2,3,1
"ENSG00000111834","RSPH4A",5,1,3,2,3,1
"ENSG00000169245","CXCL10",5,1,3,2,3,3
"ENSG00000095637","SORBS1",3,3,1,3,4,3
"ENSG00000110492","MDK",5,4,3,3,3,3
"ENSG00000203760","CENPW",4,4,5,2,4,1
"ENSG00000169174","PCSK9",4,1,5,5,4,2
"ENSG00000115884","SDC1",4,4,4,3,4,1
"ENSG00000115944","COX7A2L",3,3,1,4,4,4
"ENSG00000166987","MBD6",5,5,3,2,5,3
"ENSG00000176928","GCNT4",4,1,5,3,4,1
"ENSG00000255092",NA,3,4,5,1,4,3
"ENSG00000092621","PHGDH",3,2,5,2,4,4
"ENSG00000081320","STK17B",4,3,4,2,4,3
"ENSG00000167912","TOX-DT",5,5,4,5,5,2
"ENSG00000155052","CNTNAP5",4,2,5,4,4,3
"ENSG00000170091","NSG2",4,1,2,5,4,3
"ENSG00000125864","BFSP1",5,1,3,2,5,2
"ENSG00000153551","CMTM7",5,1,3,3,3,1
"ENSG00000129292","PHF20L1",5,1,3,2,3,2
"ENSG00000128000","ZNF780B",5,2,1,5,5,4
"ENSG00000070961","ATP2B1",4,4,5,2,4,5
"ENSG00000136240","KDELR2",4,1,4,3,4,1
"ENSG00000205922","ONECUT3",4,1,2,5,4,2
"ENSG00000072041","SLC6A15",4,4,5,2,4,1
"ENSG00000096746","HNRNPH3",4,1,2,5,4,5
"ENSG00000251615",NA,5,1,3,2,3,3
"ENSG00000134954","ETS1",4,1,5,5,4,2
"ENSG00000169116","PARM1",4,1,4,3,4,2
"ENSG00000228999","LOC124908056",4,4,5,2,4,5
"ENSG00000106829","TLE4",4,1,5,1,4,5
"ENSG00000047849","MAP4",4,5,5,3,4,2
"ENSG00000124126","PREX1",5,2,3,3,5,1
"ENSG00000159263","SIM2",4,1,4,3,4,2
"ENSG00000183023","SLC8A1",5,1,3,2,3,1
"ENSG00000175287","PHYHD1",5,5,3,3,3,3
"ENSG00000197696","NMB",4,1,4,3,4,2
"ENSG00000124160","NCOA5",5,4,3,2,5,3
"ENSG00000163629","PTPN13",5,1,3,2,3,3
"ENSG00000164953","TMEM67",5,4,3,2,3,4
"ENSG00000168811","IL12A",4,2,5,3,4,1
"ENSG00000111057","KRT18",4,1,5,3,4,2
"ENSG00000125354","SEPTIN6",5,3,3,4,5,4
"ENSG00000111679","PTPN6",5,2,3,3,5,5
"ENSG00000215397","SCRT2",4,1,2,5,4,2
"ENSG00000115596","WNT6",3,2,5,2,4,4
"ENSG00000185640","KRT79",5,1,3,4,3,1
"ENSG00000105696","TMEM59L",4,1,2,5,4,3
"ENSG00000134853","PDGFRA",5,1,3,2,3,4
"ENSG00000162992","NEUROD1",4,1,2,5,4,2
"ENSG00000138495","COX17",4,4,4,3,4,1
"ENSG00000253554","LINC01414",4,1,5,1,4,1
"ENSG00000271857",NA,5,3,3,4,3,2
"ENSG00000138435","CHRNA1",5,1,3,2,3,1
"ENSG00000089050","RBBP9",5,1,3,3,3,4
"ENSG00000188596","CFAP54",5,1,3,2,3,2
"ENSG00000239653","PSMD6-AS2",4,2,5,4,4,3
"ENSG00000049449","RCN1",4,4,5,3,4,1
"ENSG00000197565","COL4A6",4,1,5,5,4,2
"ENSG00000135697","BCO1",4,1,5,1,4,5
"ENSG00000064218","DMRT3",4,1,5,5,4,3
"ENSG00000154639","CXADR",3,1,1,4,1,5
"ENSG00000179163","FUCA1",5,2,3,3,5,2
"ENSG00000240849","PEDS1",4,3,5,2,4,2
"ENSG00000118707","TGIF2",5,2,3,3,5,4
"ENSG00000111252","SH2B3",4,3,5,2,4,2
"ENSG00000124772","CPNE5",4,2,5,3,4,3
"ENSG00000185608","MRPL40",5,1,3,5,3,4
"ENSG00000261678","SCRT1",4,1,5,1,4,1
"ENSG00000287870",NA,5,3,3,4,3,2
"ENSG00000261080",NA,5,1,3,4,3,2
"ENSG00000084234","APLP2",4,4,5,3,4,2
"ENSG00000137124","ALDH1B1",5,5,1,5,5,5
"ENSG00000259439","LINC01833",5,3,3,4,3,2
"ENSG00000160094","ZNF362",5,1,3,5,3,3
"ENSG00000143869","GDF7",4,1,5,5,4,2
"ENSG00000225156",NA,5,3,3,4,3,2
"ENSG00000053770","AP5M1",4,4,5,3,4,1
"ENSG00000123485","HJURP",4,2,5,3,4,1
"ENSG00000136279","DBNL",5,4,3,2,5,3
"ENSG00000162878","PKDCC",5,5,3,1,5,5
"ENSG00000141736","ERBB2",5,5,3,3,5,5
"ENSG00000088727","KIF9",5,1,2,3,3,1
"ENSG00000117152","RGS4",5,1,3,2,3,4
"ENSG00000104435","STMN2",3,3,5,2,4,4
"ENSG00000102904","TSNAXIP1",5,4,3,3,3,3
"ENSG00000156671","SAMD8",4,1,2,5,4,2
"ENSG00000117394","SLC2A1",4,2,4,4,4,5
"ENSG00000136159","NUDT15",3,2,5,3,4,4
"ENSG00000150773","PIH1D2",5,1,3,2,3,4
"ENSG00000163960","UBXN7",4,2,4,2,4,3
"ENSG00000124243","BCAS4",4,1,4,5,4,3
"ENSG00000242715","CCDC169",5,2,3,3,5,1
"ENSG00000180730","SHISA2",5,5,1,5,5,5
"ENSG00000137807","KIF23",4,2,5,3,4,1
"ENSG00000105829","BET1",4,4,5,2,4,2
"ENSG00000203880","PCMTD2",5,2,3,5,5,4
"ENSG00000138083","SIX3",5,3,3,4,3,2
"ENSG00000162980","ARL5A",5,1,3,4,3,1
"ENSG00000118307","DNAI7",5,4,3,2,3,1
"ENSG00000112706","IMPG1",5,1,3,2,3,1
"ENSG00000163071","SPATA18",4,1,4,3,4,2
"ENSG00000112787","FBRSL1",5,5,3,3,5,2
"ENSG00000092096","SLC22A17",4,1,2,5,4,2
"ENSG00000118729","CASQ2",5,1,3,5,3,1
"ENSG00000124193","SRSF6",5,4,3,2,5,3
"ENSG00000260807","CEROX1",5,3,3,4,3,1
"ENSG00000248329","APELA",5,5,3,3,5,3
"ENSG00000103257","SLC7A5",4,5,5,3,4,3
"ENSG00000124570","SERPINB6",5,1,2,3,3,4
"ENSG00000186188","FFAR4",4,1,5,1,4,3
"ENSG00000236756","DNAJC9-AS1",5,1,4,5,3,3
"ENSG00000254004","ZNF260",5,1,3,3,3,2
"ENSG00000185386","MAPK11",4,1,2,5,4,3
"ENSG00000197410","DCHS2",5,3,3,4,3,2
"ENSG00000163482","STK36",5,1,3,2,3,2
"ENSG00000203780","FANK1",5,1,3,4,3,1
"ENSG00000089091","DZANK1",5,3,3,3,5,4
"ENSG00000137393","RNF144B",5,5,3,3,5,2
"ENSG00000189362","NEMP2",5,2,3,3,3,5
"ENSG00000171004","HS6ST2",4,1,5,5,2,4
"ENSG00000257842","NOVA1-DT",4,1,4,5,4,2
"ENSG00000136352","NKX2-1",5,3,3,4,3,2
"ENSG00000145703","IQGAP2",5,1,3,2,3,1
"ENSG00000206579","XKR4",4,5,5,2,4,3
"ENSG00000067141","NEO1",4,1,2,5,4,1
"ENSG00000099998","GGT5",4,1,4,3,4,2
"ENSG00000196381",NA,5,2,3,5,5,4
"ENSG00000258647",NA,5,1,3,2,3,1
"ENSG00000272512",NA,4,1,4,4,4,3
"ENSG00000120278","PLEKHG1",4,1,2,5,4,2
"ENSG00000205497","OR51A4",5,1,3,2,3,1
"ENSG00000228219","NPM1P30",4,1,4,3,4,2
"ENSG00000134369","NAV1",3,4,5,1,4,5
"ENSG00000103742","IGDCC4",4,3,5,3,4,2
"ENSG00000197054","ZNF763",5,1,3,2,3,3
"ENSG00000159708","LRRC36",5,3,3,3,5,1
"ENSG00000276136",NA,5,3,3,3,5,1
"ENSG00000173706","HEG1",5,1,3,2,3,1
"ENSG00000128487","SPECC1",4,2,5,3,4,3
"ENSG00000164039","BDH2",5,1,3,2,3,4
"ENSG00000117016","RIMS3",4,1,2,5,4,3
"ENSG00000189157","FAM47E",5,4,3,2,3,4
"ENSG00000183018","SPNS2",4,1,4,3,4,2
"ENSG00000163312","HELQ",5,5,3,5,5,3
"ENSG00000167904","TMEM68",4,2,4,2,4,3
"ENSG00000271590",NA,4,1,4,3,4,2
"ENSG00000163191","S100A11",4,3,5,3,4,3
"ENSG00000166526","ZNF3",5,2,3,5,3,5
"ENSG00000139496","NUP58",4,2,4,5,4,4
"ENSG00000168589","DYNLRB2",5,1,3,2,3,4
"ENSG00000135018","UBQLN1",4,4,5,3,4,2
"ENSG00000127920","GNG11",4,1,4,3,4,2
"ENSG00000262001",NA,3,3,1,4,4,5
"ENSG00000255745",NA,5,1,3,5,3,4
"ENSG00000198771","RCSD1",4,1,5,1,4,1
"ENSG00000111907","TPD52L1",4,1,4,4,4,3
"ENSG00000166473","PKD1L2",4,1,5,3,4,3
"ENSG00000163491","NEK10",5,4,3,3,3,3
"ENSG00000070367","EXOC5",4,1,5,1,4,1
"ENSG00000285605",NA,5,1,3,2,3,4
"ENSG00000163389","POGLUT1",5,4,3,2,3,3
"ENSG00000138658","ZGRF1",4,2,4,2,4,3
"ENSG00000185442","FAM174B",5,1,3,2,3,1
"ENSG00000185860","CCDC190",5,1,3,2,3,4
"ENSG00000130309","COLGALT1",4,1,5,5,4,3
"ENSG00000160712","IL6R",4,1,2,5,4,2
"ENSG00000178927","CYBC1",5,2,3,3,3,3
"ENSG00000169504","CLIC4",3,3,5,2,4,4
"ENSG00000145819","ARHGAP26",5,1,3,2,3,4
"ENSG00000138944","SHISAL1",5,1,3,4,3,1
"ENSG00000257354","MIRLET7IHG",5,4,3,2,3,5
"ENSG00000135778","NTPCR",4,4,5,2,4,4
"ENSG00000186409","CCDC30",5,1,2,3,3,1
"ENSG00000251095",NA,4,3,4,3,4,2
"ENSG00000233695",NA,4,3,4,3,4,2
"ENSG00000118997","DNAH7",5,1,3,2,3,1
"ENSG00000026103","FAS",4,4,5,2,4,4
"ENSG00000140522","RLBP1",4,1,5,1,4,3
"ENSG00000119523","ALG2",5,5,3,3,5,5
"ENSG00000129295","DNAAF11",5,1,2,4,3,1
"ENSG00000170802","FOXN2",4,4,4,3,4,1
"ENSG00000071794","HLTF",5,5,3,3,5,4
"ENSG00000181019","NQO1",4,3,5,3,4,2
"ENSG00000048140","TSPAN17",5,5,3,3,5,5
"ENSG00000144744","UBA3",5,1,3,2,3,4
"ENSG00000201289","RN7SKP76",4,2,5,4,4,3
"ENSG00000273079","GRIN2B",4,2,4,3,4,3
"ENSG00000184144","CNTN2",4,4,5,2,4,5
"ENSG00000215301","DDX3X",4,1,5,5,4,2
"ENSG00000109670","FBXW7",4,1,4,3,4,2
"ENSG00000184867","ARMCX2",4,5,5,5,4,5
"ENSG00000187624","LIAT1",5,1,3,2,3,4
"ENSG00000253686","LINC01484",5,1,3,2,5,2
"ENSG00000157654","PALM2AKAP2",4,1,2,5,4,2
"ENSG00000164096","C4orf3",5,4,3,2,3,3
"ENSG00000110042","DTX4",4,1,2,5,4,1
"ENSG00000137968","SLC44A5",5,1,3,2,3,4
"ENSG00000213533","STIMATE",5,4,3,2,5,3
"ENSG00000152270","PDE3B",5,4,3,2,5,4
"ENSG00000130349","MTRES1",5,4,3,2,5,3
"ENSG00000205726","ITSN1",3,5,5,3,4,3
"ENSG00000182158","CREB3L2",4,1,5,3,4,2
"ENSG00000125337","KIF25",5,5,3,2,5,5
"ENSG00000184185","KCNJ12",4,2,5,4,4,3
"ENSG00000164853","UNCX",4,1,5,5,4,2
"ENSG00000079277","MKNK1",5,1,3,2,3,3
"ENSG00000095370","SH2D3C",4,1,2,5,4,3
"ENSG00000048392","RRM2B",4,3,4,3,4,2
"ENSG00000078687","TNRC6C",4,1,5,4,4,3
"ENSG00000270210",NA,4,1,4,3,4,2
"ENSG00000158711","ELK4",4,2,4,2,4,3
"ENSG00000170190","SLC16A5",5,5,3,3,5,3
"ENSG00000119681","LTBP2",4,1,5,5,4,3
"ENSG00000138623","SEMA7A",4,2,5,4,4,3
"ENSG00000139263","LRIG3",5,1,3,2,3,4
"ENSG00000168575","SLC20A2",5,1,3,2,3,1
"ENSG00000123975","CKS2",3,5,5,3,4,5
"ENSG00000164543","STK17A",4,1,2,5,4,2
"ENSG00000111981","ULBP1",4,1,4,3,4,1
"ENSG00000157429","ZNF19",5,1,3,2,3,3
"ENSG00000261340","LINC01616",5,1,3,4,3,1
"ENSG00000118503","TNFAIP3",4,1,4,4,4,3
"ENSG00000145990","GFOD1",4,4,5,2,4,1
"ENSG00000224383","PRR29",5,1,3,2,3,1
"ENSG00000173267","SNCG",4,5,5,2,4,3
"ENSG00000145390","USP53",5,1,3,3,3,1
"ENSG00000244203","FOXP1-AS1",5,2,3,5,3,2
"ENSG00000237440","ZNF737",5,2,3,5,3,5
"ENSG00000135069","PSAT1",3,2,5,2,4,4
"ENSG00000150776","NKAPD1",5,1,3,5,3,3
"ENSG00000104325","DECR1",5,5,3,2,5,5
"ENSG00000112619","PRPH2",5,5,3,2,5,5
"ENSG00000253284",NA,5,2,3,2,3,2
"ENSG00000205978","NYNRIN",5,2,3,3,5,4
"ENSG00000166979","EVA1C",4,3,4,1,4,3
"ENSG00000147065","MSN",3,2,5,2,4,4
"ENSG00000108256","NUFIP2",4,2,4,2,4,3
"ENSG00000157111","TMEM171",5,1,3,3,3,1
"ENSG00000091986","CCDC80",4,1,5,3,2,3
"ENSG00000107104","KANK1",5,3,3,3,3,2
"ENSG00000138411","HECW2",5,1,3,2,3,1
"ENSG00000213145","CRIP1",4,4,5,2,4,1
"ENSG00000257621","PSMA3-AS1",5,1,3,2,3,2
"ENSG00000188559","RALGAPA2",5,2,3,5,5,4
"ENSG00000122756","CNTFR",4,2,4,4,4,5
"ENSG00000281880","PAX6-AS1",4,4,2,5,4,1
"ENSG00000099875","MKNK2",4,2,5,4,4,3
"ENSG00000182934","SRPRA",4,1,5,3,4,1
"ENSG00000115423","DNAH6",5,1,3,2,3,4
"ENSG00000166801","FAM111A",5,2,3,2,5,1
"ENSG00000175895","PLEKHF2",5,1,3,2,5,1
"ENSG00000183775","KCTD16",5,1,3,2,3,4
"ENSG00000142611","PRDM16",4,1,2,5,4,3
"ENSG00000120875","DUSP4",4,1,4,1,4,2
"ENSG00000019549","SNAI2",4,1,2,5,4,1
"ENSG00000164237","CMBL",4,3,4,3,4,2
"ENSG00000232931",NA,5,4,3,2,3,2
"ENSG00000137714","FDX1",5,1,3,2,3,3
"ENSG00000149084","HSD17B12",4,3,4,3,4,2
"ENSG00000206052","DOK6",4,1,5,5,4,2
"ENSG00000131504","DIAPH1",3,1,5,4,1,5
"ENSG00000114541","FRMD4B",5,1,2,4,3,4
"ENSG00000138180","CEP55",4,4,5,3,4,1
"ENSG00000197826","CFAP299",5,1,3,2,3,1
"ENSG00000189266","PNRC2",2,5,2,3,3,4
"ENSG00000160352","ZNF714",4,2,4,2,4,2
"ENSG00000103150","MLYCD",5,5,3,2,5,5
"ENSG00000035115","SH3YL1",5,5,3,3,5,2
"ENSG00000182827","ACBD3",4,3,4,3,4,2
"ENSG00000269837",NA,5,1,3,2,3,4
"ENSG00000162618","ADGRL4",4,3,5,3,4,2
"ENSG00000270049","ATP6V0D1-DT",5,2,3,5,3,2
"ENSG00000270959","LPP-AS2",5,4,3,2,3,3
"ENSG00000173262","SLC2A14",4,2,4,5,4,3
"ENSG00000138795","LEF1",4,1,5,1,4,1
"ENSG00000160190","SLC37A1",5,3,3,4,5,1
"ENSG00000159212","CLIC6",4,3,4,3,4,2
"ENSG00000171450","CDK5R2",4,1,5,3,4,2
"ENSG00000165923","AGBL2",5,2,1,5,5,4
"ENSG00000248890","HHIP-AS1",5,1,3,2,3,1
"ENSG00000151746","BICD1",5,3,3,3,3,1
"ENSG00000137040","RANBP6",5,5,3,2,5,3
