"","ID","Description","GeneRatio","BgRatio","pvalue","p.adjust","qvalue","geneID","Count"
"GO:0031589","GO:0031589","cell-substrate adhesion","29/384","401/20772",4.59908543841e-10,1.79502304661142e-06,1.50753179528513e-06,"ENSG00000197702/ENSG00000129474/ENSG00000142871/ENSG00000118523/ENSG00000172638/ENSG00000137103/ENSG00000171791/ENSG00000166949/ENSG00000082701/ENSG00000152377/ENSG00000127990/ENSG00000111859/ENSG00000006210/ENSG00000151422/ENSG00000167601/ENSG00000108861/ENSG00000169231/ENSG00000168542/ENSG00000134318/ENSG00000074527/ENSG00000137801/ENSG00000105855/ENSG00000083457/ENSG00000137076/ENSG00000132669/ENSG00000164741/ENSG00000127603/ENSG00000160963/ENSG00000167657",29
"GO:0010975","GO:0010975","regulation of neuron projection development","29/384","480/20772",2.66357977986541e-08,5.19797594040734e-05,4.36546707078994e-05,"ENSG00000171533/ENSG00000138760/ENSG00000163110/ENSG00000165323/ENSG00000157851/ENSG00000107130/ENSG00000203879/ENSG00000026025/ENSG00000082701/ENSG00000185924/ENSG00000152377/ENSG00000006210/ENSG00000094631/ENSG00000103260/ENSG00000145147/ENSG00000170558/ENSG00000162374/ENSG00000150764/ENSG00000075223/ENSG00000187323/ENSG00000180370/ENSG00000107485/ENSG00000125266/ENSG00000117385/ENSG00000196576/ENSG00000153707/ENSG00000153266/ENSG00000127603/ENSG00000115694",29
"GO:0007160","GO:0007160","cell-matrix adhesion","21/384","274/20772",4.54792938056311e-08,5.9168561241126e-05,4.9692112600258e-05,"ENSG00000129474/ENSG00000118523/ENSG00000172638/ENSG00000137103/ENSG00000171791/ENSG00000166949/ENSG00000082701/ENSG00000127990/ENSG00000006210/ENSG00000108861/ENSG00000169231/ENSG00000168542/ENSG00000134318/ENSG00000137801/ENSG00000105855/ENSG00000083457/ENSG00000137076/ENSG00000132669/ENSG00000164741/ENSG00000127603/ENSG00000167657",21
"GO:0035329","GO:0035329","hippo signaling","9/384","46/20772",1.38277020308177e-07,0.000134923802565703,0.000113314379273595,"ENSG00000129474/ENSG00000114019/ENSG00000187079/ENSG00000150457/ENSG00000142279/ENSG00000007866/ENSG00000144560/ENSG00000018408/ENSG00000166025",9
"GO:0034329","GO:0034329","cell junction assembly","27/384","483/20772",3.84372425271974e-07,0.000283542353129492,0.000238130152957978,"ENSG00000129474/ENSG00000150471/ENSG00000075618/ENSG00000163110/ENSG00000113361/ENSG00000137575/ENSG00000171791/ENSG00000166949/ENSG00000107186/ENSG00000150625/ENSG00000170558/ENSG00000151422/ENSG00000155366/ENSG00000108861/ENSG00000158258/ENSG00000134318/ENSG00000180370/ENSG00000137801/ENSG00000137076/ENSG00000125266/ENSG00000169057/ENSG00000196576/ENSG00000153707/ENSG00000164741/ENSG00000127603/ENSG00000131409/ENSG00000167657",27
"GO:0007409","GO:0007409","axonogenesis","26/384","456/20772",4.35883709653332e-07,0.000283542353129492,0.000238130152957978,"ENSG00000171533/ENSG00000173482/ENSG00000105290/ENSG00000171791/ENSG00000157851/ENSG00000004848/ENSG00000203879/ENSG00000082701/ENSG00000094631/ENSG00000103260/ENSG00000145147/ENSG00000170558/ENSG00000138696/ENSG00000166313/ENSG00000150764/ENSG00000075223/ENSG00000187323/ENSG00000180370/ENSG00000129116/ENSG00000107485/ENSG00000125266/ENSG00000196576/ENSG00000153266/ENSG00000166963/ENSG00000127603/ENSG00000115694",26
"GO:0030900","GO:0030900","forebrain development","25/384","434/20772",6.0448396427774e-07,0.00033704298751086,0.000283062115001637,"ENSG00000072415/ENSG00000148516/ENSG00000167552/ENSG00000125378/ENSG00000105290/ENSG00000111783/ENSG00000146648/ENSG00000004848/ENSG00000096093/ENSG00000082701/ENSG00000185924/ENSG00000145147/ENSG00000170558/ENSG00000167601/ENSG00000162374/ENSG00000150764/ENSG00000147526/ENSG00000168542/ENSG00000081479/ENSG00000166225/ENSG00000117707/ENSG00000164741/ENSG00000153266/ENSG00000185551/ENSG00000170390",25
"GO:0031346","GO:0031346","positive regulation of cell projection organization","23/384","382/20772",8.05124835602128e-07,0.000392800279169388,0.000329889307640135,"ENSG00000171533/ENSG00000138760/ENSG00000075618/ENSG00000203879/ENSG00000082701/ENSG00000111859/ENSG00000006210/ENSG00000094631/ENSG00000150625/ENSG00000103260/ENSG00000145147/ENSG00000151491/ENSG00000162374/ENSG00000150764/ENSG00000161202/ENSG00000117385/ENSG00000099864/ENSG00000196576/ENSG00000153707/ENSG00000127603/ENSG00000136960/ENSG00000115694/ENSG00000134874",23
"GO:1902903","GO:1902903","regulation of supramolecular fiber organization","24/384","426/20772",1.5049314434483e-06,0.000587541073539516,0.000493440377308158,"ENSG00000118523/ENSG00000197694/ENSG00000172638/ENSG00000165410/ENSG00000101871/ENSG00000106624/ENSG00000166949/ENSG00000130779/ENSG00000006210/ENSG00000094631/ENSG00000145147/ENSG00000151422/ENSG00000155366/ENSG00000151491/ENSG00000134318/ENSG00000180370/ENSG00000139687/ENSG00000196776/ENSG00000169057/ENSG00000117707/ENSG00000164741/ENSG00000166963/ENSG00000167657/ENSG00000158106",24
"GO:0007265","GO:0007265","Ras protein signal transduction","22/384","367/20772",1.50535760578918e-06,0.000587541073539516,0.000493440377308158,"ENSG00000119522/ENSG00000039523/ENSG00000105443/ENSG00000137575/ENSG00000137962/ENSG00000105767/ENSG00000203879/ENSG00000196914/ENSG00000105137/ENSG00000113721/ENSG00000072422/ENSG00000064547/ENSG00000151491/ENSG00000143622/ENSG00000168542/ENSG00000134318/ENSG00000104695/ENSG00000139687/ENSG00000123570/ENSG00000164741/ENSG00000143344/ENSG00000099331",22
"GO:0001952","GO:0001952","regulation of cell-matrix adhesion","13/384","139/20772",1.9153322345361e-06,0.000624642375485657,0.000524599527290029,"ENSG00000172638/ENSG00000171791/ENSG00000166949/ENSG00000082701/ENSG00000006210/ENSG00000108861/ENSG00000134318/ENSG00000137801/ENSG00000137076/ENSG00000132669/ENSG00000164741/ENSG00000127603/ENSG00000167657",13
"GO:0007178","GO:0007178","transmembrane receptor protein serine/threonine kinase signaling pathway","24/384","432/20772",1.92049923285367e-06,0.000624642375485657,0.000524599527290029,"ENSG00000072415/ENSG00000148204/ENSG00000142871/ENSG00000148516/ENSG00000150593/ENSG00000125378/ENSG00000137575/ENSG00000150938/ENSG00000166949/ENSG00000150457/ENSG00000026025/ENSG00000138696/ENSG00000168542/ENSG00000069702/ENSG00000018408/ENSG00000166147/ENSG00000137801/ENSG00000105855/ENSG00000081479/ENSG00000168874/ENSG00000176973/ENSG00000138829/ENSG00000064393/ENSG00000147257",24
"GO:0010810","GO:0010810","regulation of cell-substrate adhesion","17/384","239/20772",2.45996894415117e-06,0.00073855836838631,0.000620270711909859,"ENSG00000142871/ENSG00000172638/ENSG00000171791/ENSG00000166949/ENSG00000082701/ENSG00000152377/ENSG00000111859/ENSG00000006210/ENSG00000108861/ENSG00000134318/ENSG00000137801/ENSG00000137076/ENSG00000132669/ENSG00000164741/ENSG00000127603/ENSG00000160963/ENSG00000167657",17
"GO:0050678","GO:0050678","regulation of epithelial cell proliferation","24/384","442/20772",2.8524721619229e-06,0.000744630609691343,0.00062537042182905,"ENSG00000173482/ENSG00000071246/ENSG00000148516/ENSG00000125378/ENSG00000146648/ENSG00000101940/ENSG00000004848/ENSG00000166949/ENSG00000111728/ENSG00000113140/ENSG00000094631/ENSG00000069702/ENSG00000137801/ENSG00000139687/ENSG00000124181/ENSG00000107485/ENSG00000166225/ENSG00000168874/ENSG00000173511/ENSG00000125266/ENSG00000117707/ENSG00000185551/ENSG00000147257/ENSG00000086062",24
"GO:0050770","GO:0050770","regulation of axonogenesis","14/384","167/20772",2.86176252763775e-06,0.000744630609691343,0.00062537042182905,"ENSG00000171533/ENSG00000203879/ENSG00000082701/ENSG00000094631/ENSG00000103260/ENSG00000145147/ENSG00000170558/ENSG00000150764/ENSG00000075223/ENSG00000187323/ENSG00000180370/ENSG00000196576/ENSG00000127603/ENSG00000115694",14
"GO:0050680","GO:0050680","negative regulation of epithelial cell proliferation","15/384","192/20772",3.0584053586961e-06,0.000746059757186929,0.000626570676774976,"ENSG00000173482/ENSG00000071246/ENSG00000148516/ENSG00000125378/ENSG00000101940/ENSG00000113140/ENSG00000069702/ENSG00000137801/ENSG00000139687/ENSG00000107485/ENSG00000168874/ENSG00000125266/ENSG00000185551/ENSG00000147257/ENSG00000086062",15
"GO:0071559","GO:0071559","response to transforming growth factor beta","19/384","300/20772",3.54493592547837e-06,0.000813875583361299,0.00068352510662165,"ENSG00000072415/ENSG00000148516/ENSG00000110693/ENSG00000137575/ENSG00000166949/ENSG00000150457/ENSG00000148677/ENSG00000168542/ENSG00000134318/ENSG00000069702/ENSG00000180370/ENSG00000166147/ENSG00000137801/ENSG00000105855/ENSG00000140836/ENSG00000176973/ENSG00000138829/ENSG00000064393/ENSG00000115226",19
"GO:0001654","GO:0001654","eye development","23/384","419/20772",3.84464803939292e-06,0.000833647849875032,0.000700130642963133,"ENSG00000173482/ENSG00000148204/ENSG00000148516/ENSG00000125378/ENSG00000165323/ENSG00000171791/ENSG00000146648/ENSG00000166949/ENSG00000026025/ENSG00000150625/ENSG00000113721/ENSG00000138696/ENSG00000166147/ENSG00000107485/ENSG00000166225/ENSG00000204262/ENSG00000138829/ENSG00000132688/ENSG00000117707/ENSG00000101489/ENSG00000064393/ENSG00000156345/ENSG00000205084",23
"GO:0150063","GO:0150063","visual system development","23/384","423/20772",4.49837624320274e-06,0.000924061183011594,0.000776063358522622,"ENSG00000173482/ENSG00000148204/ENSG00000148516/ENSG00000125378/ENSG00000165323/ENSG00000171791/ENSG00000146648/ENSG00000166949/ENSG00000026025/ENSG00000150625/ENSG00000113721/ENSG00000138696/ENSG00000166147/ENSG00000107485/ENSG00000166225/ENSG00000204262/ENSG00000138829/ENSG00000132688/ENSG00000117707/ENSG00000101489/ENSG00000064393/ENSG00000156345/ENSG00000205084",23
"GO:0043010","GO:0043010","camera-type eye development","21/384","367/20772",5.38199243245596e-06,0.00105029582319378,0.000882080233403572,"ENSG00000173482/ENSG00000148204/ENSG00000148516/ENSG00000125378/ENSG00000165323/ENSG00000146648/ENSG00000166949/ENSG00000026025/ENSG00000150625/ENSG00000113721/ENSG00000138696/ENSG00000166147/ENSG00000107485/ENSG00000166225/ENSG00000138829/ENSG00000132688/ENSG00000117707/ENSG00000101489/ENSG00000064393/ENSG00000156345/ENSG00000205084",21
"GO:0003279","GO:0003279","cardiac septum development","11/384","111/20772",6.77020966058214e-06,0.00125304283878243,0.00105235524629327,"ENSG00000197702/ENSG00000142871/ENSG00000125378/ENSG00000145147/ENSG00000075223/ENSG00000069702/ENSG00000166847/ENSG00000107485/ENSG00000081479/ENSG00000166225/ENSG00000117707",11
"GO:0042692","GO:0042692","muscle cell differentiation","23/384","435/20772",7.11340321695641e-06,0.00125304283878243,0.00105235524629327,"ENSG00000148516/ENSG00000150593/ENSG00000110693/ENSG00000162909/ENSG00000163110/ENSG00000125378/ENSG00000172638/ENSG00000165410/ENSG00000171791/ENSG00000023902/ENSG00000148677/ENSG00000113721/ENSG00000170558/ENSG00000108946/ENSG00000100345/ENSG00000154721/ENSG00000139687/ENSG00000166225/ENSG00000125266/ENSG00000169057/ENSG00000117707/ENSG00000154556/ENSG00000159176",23
"GO:0048880","GO:0048880","sensory system development","23/384","436/20772",7.38405977248168e-06,0.00125304283878243,0.00105235524629327,"ENSG00000173482/ENSG00000148204/ENSG00000148516/ENSG00000125378/ENSG00000165323/ENSG00000171791/ENSG00000146648/ENSG00000166949/ENSG00000026025/ENSG00000150625/ENSG00000113721/ENSG00000138696/ENSG00000166147/ENSG00000107485/ENSG00000166225/ENSG00000204262/ENSG00000138829/ENSG00000132688/ENSG00000117707/ENSG00000101489/ENSG00000064393/ENSG00000156345/ENSG00000205084",23
"GO:0051146","GO:0051146","striated muscle cell differentiation","19/384","318/20772",8.19709798452575e-06,0.00128631217001715,0.00108029615476176,"ENSG00000110693/ENSG00000162909/ENSG00000163110/ENSG00000125378/ENSG00000165410/ENSG00000171791/ENSG00000023902/ENSG00000148677/ENSG00000113721/ENSG00000170558/ENSG00000108946/ENSG00000100345/ENSG00000154721/ENSG00000139687/ENSG00000166225/ENSG00000125266/ENSG00000117707/ENSG00000154556/ENSG00000159176",19
"GO:0001764","GO:0001764","neuron migration","14/384","183/20772",8.29873754717402e-06,0.00128631217001715,0.00108029615476176,"ENSG00000150471/ENSG00000167552/ENSG00000165323/ENSG00000004848/ENSG00000152377/ENSG00000006210/ENSG00000150625/ENSG00000167601/ENSG00000168542/ENSG00000187323/ENSG00000107485/ENSG00000196576/ENSG00000153266/ENSG00000185551",14
"GO:0048041","GO:0048041","focal adhesion assembly","10/384","93/20772",8.56882306442374e-06,0.00128631217001715,0.00108029615476176,"ENSG00000129474/ENSG00000171791/ENSG00000166949/ENSG00000108861/ENSG00000134318/ENSG00000137801/ENSG00000137076/ENSG00000164741/ENSG00000127603/ENSG00000167657",10
"GO:0060537","GO:0060537","muscle tissue development","23/384","445/20772",1.02754054522429e-05,0.00148536694370756,0.00124747027595651,"ENSG00000110693/ENSG00000163110/ENSG00000125378/ENSG00000172638/ENSG00000165410/ENSG00000171791/ENSG00000166949/ENSG00000148677/ENSG00000144560/ENSG00000113721/ENSG00000179456/ENSG00000108946/ENSG00000075223/ENSG00000168542/ENSG00000069702/ENSG00000139687/ENSG00000081479/ENSG00000166225/ENSG00000125266/ENSG00000117707/ENSG00000185551/ENSG00000154556/ENSG00000159176",23
"GO:0003281","GO:0003281","ventricular septum development","9/384","77/20772",1.22265325012176e-05,0.00170429129829473,0.00143133166198465,"ENSG00000142871/ENSG00000125378/ENSG00000145147/ENSG00000069702/ENSG00000166847/ENSG00000107485/ENSG00000081479/ENSG00000166225/ENSG00000117707",9
"GO:0031032","GO:0031032","actomyosin structure organization","15/384","216/20772",1.27792928244221e-05,0.00171991654805929,0.00144445436861163,"ENSG00000118523/ENSG00000165410/ENSG00000166949/ENSG00000148677/ENSG00000113721/ENSG00000155366/ENSG00000108946/ENSG00000100345/ENSG00000134318/ENSG00000180370/ENSG00000196776/ENSG00000117707/ENSG00000164741/ENSG00000159176/ENSG00000158106",15
"GO:0010631","GO:0010631","epithelial cell migration","21/384","397/20772",1.76918248803117e-05,0.00230170641692855,0.00193306465534353,"ENSG00000173482/ENSG00000071246/ENSG00000125378/ENSG00000113140/ENSG00000094631/ENSG00000145147/ENSG00000100345/ENSG00000134318/ENSG00000131375/ENSG00000137801/ENSG00000124181/ENSG00000107485/ENSG00000168874/ENSG00000125266/ENSG00000132669/ENSG00000169057/ENSG00000117707/ENSG00000185551/ENSG00000116977/ENSG00000127603/ENSG00000136960",21
"GO:0090132","GO:0090132","epithelium migration","21/384","400/20772",1.97832062154131e-05,0.00249076947931475,0.00209184733972144,"ENSG00000173482/ENSG00000071246/ENSG00000125378/ENSG00000113140/ENSG00000094631/ENSG00000145147/ENSG00000100345/ENSG00000134318/ENSG00000131375/ENSG00000137801/ENSG00000124181/ENSG00000107485/ENSG00000168874/ENSG00000125266/ENSG00000132669/ENSG00000169057/ENSG00000117707/ENSG00000185551/ENSG00000116977/ENSG00000127603/ENSG00000136960",21
"GO:0007044","GO:0007044","cell-substrate junction assembly","10/384","103/20772",2.12464513251805e-05,0.00254997110402061,0.00214156722033528,"ENSG00000129474/ENSG00000171791/ENSG00000166949/ENSG00000108861/ENSG00000134318/ENSG00000137801/ENSG00000137076/ENSG00000164741/ENSG00000127603/ENSG00000167657",10
"GO:0032956","GO:0032956","regulation of actin cytoskeleton organization","20/384","372/20772",2.22134300632079e-05,0.00254997110402061,0.00214156722033528,"ENSG00000118523/ENSG00000075618/ENSG00000197694/ENSG00000165410/ENSG00000166949/ENSG00000111859/ENSG00000006210/ENSG00000113721/ENSG00000145147/ENSG00000151422/ENSG00000155366/ENSG00000151491/ENSG00000150764/ENSG00000134318/ENSG00000180370/ENSG00000196776/ENSG00000117707/ENSG00000164741/ENSG00000167657/ENSG00000158106",20
"GO:0090287","GO:0090287","regulation of cellular response to growth factor stimulus","20/384","372/20772",2.22134300632079e-05,0.00254997110402061,0.00214156722033528,"ENSG00000072415/ENSG00000148204/ENSG00000142871/ENSG00000148516/ENSG00000125378/ENSG00000137575/ENSG00000105767/ENSG00000150938/ENSG00000166949/ENSG00000150457/ENSG00000145147/ENSG00000069702/ENSG00000166147/ENSG00000137801/ENSG00000107485/ENSG00000081479/ENSG00000176973/ENSG00000138829/ENSG00000064393/ENSG00000147257",20
"GO:0090130","GO:0090130","tissue migration","21/384","405/20772",2.37671440751589e-05,0.00265037609500986,0.0022258913278209,"ENSG00000173482/ENSG00000071246/ENSG00000125378/ENSG00000113140/ENSG00000094631/ENSG00000145147/ENSG00000100345/ENSG00000134318/ENSG00000131375/ENSG00000137801/ENSG00000124181/ENSG00000107485/ENSG00000168874/ENSG00000125266/ENSG00000132669/ENSG00000169057/ENSG00000117707/ENSG00000185551/ENSG00000116977/ENSG00000127603/ENSG00000136960",21
"GO:0060976","GO:0060976","coronary vasculature development","7/384","48/20772",2.6774367041435e-05,0.00290278762674224,0.00243787657798329,"ENSG00000125378/ENSG00000113721/ENSG00000069702/ENSG00000166847/ENSG00000081479/ENSG00000173511/ENSG00000147257",7
"GO:0061036","GO:0061036","positive regulation of cartilage development","6/384","33/20772",2.78661659570617e-05,0.00293950393865978,0.00246871239801679,"ENSG00000142871/ENSG00000110693/ENSG00000125378/ENSG00000109906/ENSG00000166949/ENSG00000138696",6
"GO:0010632","GO:0010632","regulation of epithelial cell migration","18/384","318/20772",2.90951218816832e-05,0.00298284733109901,0.00250511390402587,"ENSG00000173482/ENSG00000071246/ENSG00000125378/ENSG00000113140/ENSG00000094631/ENSG00000145147/ENSG00000134318/ENSG00000131375/ENSG00000137801/ENSG00000124181/ENSG00000107485/ENSG00000168874/ENSG00000132669/ENSG00000169057/ENSG00000117707/ENSG00000185551/ENSG00000127603/ENSG00000136960",18
"GO:0098742","GO:0098742","cell-cell adhesion via plasma-membrane adhesion molecules","17/384","289/20772",2.98055459679379e-05,0.00298284733109901,0.00250511390402587,"ENSG00000173482/ENSG00000148204/ENSG00000129474/ENSG00000150471/ENSG00000244486/ENSG00000113361/ENSG00000165323/ENSG00000130202/ENSG00000105767/ENSG00000006210/ENSG00000170558/ENSG00000158258/ENSG00000129116/ENSG00000196576/ENSG00000153707/ENSG00000131409/ENSG00000165194",17
"GO:0002064","GO:0002064","epithelial cell development","15/384","233/20772",3.11197943413583e-05,0.00303651393285804,0.00255018525207868,"ENSG00000171456/ENSG00000134352/ENSG00000080298/ENSG00000188026/ENSG00000125378/ENSG00000026025/ENSG00000082701/ENSG00000136451/ENSG00000170558/ENSG00000151422/ENSG00000134318/ENSG00000129116/ENSG00000166225/ENSG00000117707/ENSG00000086062",15
"GO:0032970","GO:0032970","regulation of actin filament-based process","21/384","415/20772",3.39623826279427e-05,0.00323305315602098,0.00271524671382319,"ENSG00000118523/ENSG00000075618/ENSG00000197694/ENSG00000165410/ENSG00000166949/ENSG00000111859/ENSG00000006210/ENSG00000113721/ENSG00000145147/ENSG00000151422/ENSG00000155366/ENSG00000100345/ENSG00000151491/ENSG00000150764/ENSG00000134318/ENSG00000180370/ENSG00000196776/ENSG00000117707/ENSG00000164741/ENSG00000167657/ENSG00000158106",21
"GO:0150115","GO:0150115","cell-substrate junction organization","10/384","110/20772",3.7673687946211e-05,0.00344860325128953,0.00289627426258225,"ENSG00000129474/ENSG00000171791/ENSG00000166949/ENSG00000108861/ENSG00000134318/ENSG00000137801/ENSG00000137076/ENSG00000164741/ENSG00000127603/ENSG00000167657",10
"GO:0051893","GO:0051893","regulation of focal adhesion assembly","8/384","69/20772",3.96438075041429e-05,0.00344860325128953,0.00289627426258225,"ENSG00000166949/ENSG00000108861/ENSG00000134318/ENSG00000137801/ENSG00000137076/ENSG00000164741/ENSG00000127603/ENSG00000167657",8
"GO:0090109","GO:0090109","regulation of cell-substrate junction assembly","8/384","69/20772",3.96438075041429e-05,0.00344860325128953,0.00289627426258225,"ENSG00000166949/ENSG00000108861/ENSG00000134318/ENSG00000137801/ENSG00000137076/ENSG00000164741/ENSG00000127603/ENSG00000167657",8
"GO:0007163","GO:0007163","establishment or maintenance of cell polarity","15/384","238/20772",3.97609905990338e-05,0.00344860325128953,0.00289627426258225,"ENSG00000072415/ENSG00000197702/ENSG00000148204/ENSG00000114019/ENSG00000075618/ENSG00000112186/ENSG00000160360/ENSG00000082701/ENSG00000072422/ENSG00000100345/ENSG00000134318/ENSG00000166025/ENSG00000107485/ENSG00000176973/ENSG00000115694",15
"GO:0022604","GO:0022604","regulation of cell morphogenesis","16/384","267/20772",4.07659071454818e-05,0.00345889859975685,0.00290492070597323,"ENSG00000197702/ENSG00000023902/ENSG00000142279/ENSG00000113140/ENSG00000094631/ENSG00000100345/ENSG00000151491/ENSG00000161202/ENSG00000138771/ENSG00000099864/ENSG00000196576/ENSG00000153707/ENSG00000164741/ENSG00000127603/ENSG00000136960/ENSG00000167657",16
"GO:0003007","GO:0003007","heart morphogenesis","16/384","268/20772",4.26363154693201e-05,0.00354062849525014,0.00297356072500477,"ENSG00000197702/ENSG00000171456/ENSG00000139219/ENSG00000142871/ENSG00000150593/ENSG00000125378/ENSG00000163093/ENSG00000166949/ENSG00000148677/ENSG00000145147/ENSG00000075223/ENSG00000069702/ENSG00000107485/ENSG00000081479/ENSG00000117707/ENSG00000164741",16
"GO:0021543","GO:0021543","pallium development","14/384","213/20772",4.54179716122333e-05,0.00369304881671972,0.00310156937720382,"ENSG00000072415/ENSG00000167552/ENSG00000146648/ENSG00000004848/ENSG00000096093/ENSG00000082701/ENSG00000145147/ENSG00000170558/ENSG00000150764/ENSG00000147526/ENSG00000168542/ENSG00000117707/ENSG00000153266/ENSG00000170390",14
"GO:0048048","GO:0048048","embryonic eye morphogenesis","6/384","36/20772",4.6766614521619e-05,0.00372510400975263,0.00312849060408854,"ENSG00000148516/ENSG00000166147/ENSG00000166225/ENSG00000138829/ENSG00000117707/ENSG00000064393",6
"GO:0001822","GO:0001822","kidney development","18/384","331/20772",4.90834689717711e-05,0.00383145558793645,0.00321780889217043,"ENSG00000171456/ENSG00000171016/ENSG00000125378/ENSG00000109906/ENSG00000171791/ENSG00000150347/ENSG00000166949/ENSG00000138792/ENSG00000113721/ENSG00000145147/ENSG00000018408/ENSG00000153936/ENSG00000166147/ENSG00000107485/ENSG00000081479/ENSG00000125266/ENSG00000117707/ENSG00000147257",18
"GO:0051216","GO:0051216","cartilage development","14/384","215/20772",5.02834995500539e-05,0.00384816664203648,0.00323184350049263,"ENSG00000139219/ENSG00000142871/ENSG00000148516/ENSG00000110693/ENSG00000118523/ENSG00000125378/ENSG00000109906/ENSG00000166949/ENSG00000138696/ENSG00000169231/ENSG00000168542/ENSG00000139687/ENSG00000105855/ENSG00000143797",14
"GO:0021537","GO:0021537","telencephalon development","17/384","302/20772",5.17407481175262e-05,0.00388354115197509,0.00326155242182139,"ENSG00000072415/ENSG00000167552/ENSG00000125378/ENSG00000111783/ENSG00000146648/ENSG00000004848/ENSG00000096093/ENSG00000082701/ENSG00000185924/ENSG00000145147/ENSG00000170558/ENSG00000150764/ENSG00000147526/ENSG00000168542/ENSG00000117707/ENSG00000153266/ENSG00000170390",17
"GO:0007389","GO:0007389","pattern specification process","23/384","495/20772",5.43782745071011e-05,0.00393034084076325,0.00330085666306263,"ENSG00000148204/ENSG00000080298/ENSG00000148516/ENSG00000125378/ENSG00000163093/ENSG00000109906/ENSG00000168283/ENSG00000111783/ENSG00000101871/ENSG00000166949/ENSG00000138696/ENSG00000143147/ENSG00000075223/ENSG00000081479/ENSG00000138771/ENSG00000116729/ENSG00000166225/ENSG00000153266/ENSG00000185551/ENSG00000064393/ENSG00000138036/ENSG00000147257/ENSG00000156345",23
"GO:0042060","GO:0042060","wound healing","23/384","495/20772",5.43782745071011e-05,0.00393034084076325,0.00330085666306263,"ENSG00000134352/ENSG00000129474/ENSG00000142871/ENSG00000203618/ENSG00000138119/ENSG00000105767/ENSG00000166949/ENSG00000138722/ENSG00000006210/ENSG00000113721/ENSG00000167601/ENSG00000155366/ENSG00000100345/ENSG00000168542/ENSG00000177697/ENSG00000137801/ENSG00000137076/ENSG00000085063/ENSG00000184500/ENSG00000127603/ENSG00000086062/ENSG00000159176/ENSG00000087460",23
"GO:0007517","GO:0007517","muscle organ development","19/384","367/20772",5.90622482605255e-05,0.00408576932889404,0.00343139169334683,"ENSG00000022267/ENSG00000110693/ENSG00000125378/ENSG00000172638/ENSG00000165410/ENSG00000171791/ENSG00000150347/ENSG00000166949/ENSG00000148677/ENSG00000127990/ENSG00000179456/ENSG00000168542/ENSG00000069702/ENSG00000139687/ENSG00000081479/ENSG00000156858/ENSG00000140836/ENSG00000117707/ENSG00000185551",19
"GO:0002062","GO:0002062","chondrocyte differentiation","10/384","116/20772",5.94174068276341e-05,0.00408576932889404,0.00343139169334683,"ENSG00000139219/ENSG00000110693/ENSG00000118523/ENSG00000125378/ENSG00000109906/ENSG00000166949/ENSG00000138696/ENSG00000168542/ENSG00000139687/ENSG00000143797",10
"GO:0060411","GO:0060411","cardiac septum morphogenesis","8/384","73/20772",5.97711889784908e-05,0.00408576932889404,0.00343139169334683,"ENSG00000197702/ENSG00000142871/ENSG00000125378/ENSG00000145147/ENSG00000075223/ENSG00000069702/ENSG00000081479/ENSG00000117707",8
"GO:0043542","GO:0043542","endothelial cell migration","17/384","306/20772",6.08946206442634e-05,0.00408576932889404,0.00343139169334683,"ENSG00000173482/ENSG00000071246/ENSG00000125378/ENSG00000113140/ENSG00000145147/ENSG00000100345/ENSG00000134318/ENSG00000137801/ENSG00000124181/ENSG00000107485/ENSG00000168874/ENSG00000125266/ENSG00000132669/ENSG00000169057/ENSG00000117707/ENSG00000185551/ENSG00000116977",17
"GO:0031076","GO:0031076","embryonic camera-type eye development","6/384","38/20772",6.42507577171037e-05,0.00408576932889404,0.00343139169334683,"ENSG00000148516/ENSG00000166225/ENSG00000132688/ENSG00000117707/ENSG00000064393/ENSG00000156345",6
"GO:0007266","GO:0007266","Rho protein signal transduction","11/384","141/20772",6.4254265405373e-05,0.00408576932889404,0.00343139169334683,"ENSG00000039523/ENSG00000137962/ENSG00000196914/ENSG00000113721/ENSG00000072422/ENSG00000064547/ENSG00000151491/ENSG00000168542/ENSG00000134318/ENSG00000164741/ENSG00000099331",11
"GO:0071772","GO:0071772","response to BMP","13/384","193/20772",6.58067578358147e-05,0.00408576932889404,0.00343139169334683,"ENSG00000139219/ENSG00000148204/ENSG00000142871/ENSG00000150593/ENSG00000125378/ENSG00000150938/ENSG00000138696/ENSG00000069702/ENSG00000166147/ENSG00000107485/ENSG00000081479/ENSG00000064393/ENSG00000147257",13
"GO:0071773","GO:0071773","cellular response to BMP stimulus","13/384","193/20772",6.58067578358147e-05,0.00408576932889404,0.00343139169334683,"ENSG00000139219/ENSG00000148204/ENSG00000142871/ENSG00000150593/ENSG00000125378/ENSG00000150938/ENSG00000138696/ENSG00000069702/ENSG00000166147/ENSG00000107485/ENSG00000081479/ENSG00000064393/ENSG00000147257",13
"GO:0150116","GO:0150116","regulation of cell-substrate junction organization","8/384","74/20772",6.59501582680821e-05,0.00408576932889404,0.00343139169334683,"ENSG00000166949/ENSG00000108861/ENSG00000134318/ENSG00000137801/ENSG00000137076/ENSG00000164741/ENSG00000127603/ENSG00000167657",8
"GO:0072001","GO:0072001","renal system development","18/384","341/20772",7.19385745498436e-05,0.00436239612994615,0.00366371389043578,"ENSG00000171456/ENSG00000171016/ENSG00000125378/ENSG00000109906/ENSG00000171791/ENSG00000150347/ENSG00000166949/ENSG00000138792/ENSG00000113721/ENSG00000145147/ENSG00000018408/ENSG00000153936/ENSG00000166147/ENSG00000107485/ENSG00000081479/ENSG00000125266/ENSG00000117707/ENSG00000147257",18
"GO:0021885","GO:0021885","forebrain cell migration","8/384","75/20772",7.2650716998847e-05,0.00436239612994615,0.00366371389043578,"ENSG00000146648/ENSG00000004848/ENSG00000096093/ENSG00000145147/ENSG00000167601/ENSG00000150764/ENSG00000168542/ENSG00000153266",8
"GO:0061035","GO:0061035","regulation of cartilage development","8/384","76/20772",7.99067800028561e-05,0.00472539639925981,0.00396857596377821,"ENSG00000142871/ENSG00000110693/ENSG00000118523/ENSG00000125378/ENSG00000109906/ENSG00000166949/ENSG00000138696/ENSG00000143797",8
"GO:0032330","GO:0032330","regulation of chondrocyte differentiation","7/384","57/20772",8.33628500817774e-05,0.00485044049887347,0.00407359297530698,"ENSG00000110693/ENSG00000118523/ENSG00000125378/ENSG00000109906/ENSG00000166949/ENSG00000138696/ENSG00000143797",7
"GO:0035051","GO:0035051","cardiocyte differentiation","12/384","171/20772",8.45067778435553e-05,0.00485044049887347,0.00407359297530698,"ENSG00000150593/ENSG00000110693/ENSG00000163110/ENSG00000125378/ENSG00000146648/ENSG00000113721/ENSG00000075223/ENSG00000069702/ENSG00000166225/ENSG00000125266/ENSG00000117707/ENSG00000154556",12
"GO:0021987","GO:0021987","cerebral cortex development","11/384","146/20772",8.80770875846182e-05,0.00498209960641688,0.00418416553376813,"ENSG00000072415/ENSG00000167552/ENSG00000146648/ENSG00000004848/ENSG00000096093/ENSG00000082701/ENSG00000145147/ENSG00000170558/ENSG00000150764/ENSG00000147526/ENSG00000168542",11
"GO:0016358","GO:0016358","dendrite development","15/384","259/20772",0.000103423525674819,0.00563462463100758,0.00473218201948774,"ENSG00000171533/ENSG00000163110/ENSG00000165323/ENSG00000157851/ENSG00000082701/ENSG00000094631/ENSG00000162374/ENSG00000187323/ENSG00000180370/ENSG00000169057/ENSG00000153317/ENSG00000135905/ENSG00000153707/ENSG00000153266/ENSG00000166963",15
"GO:0061448","GO:0061448","connective tissue development","16/384","289/20772",0.000103865559491134,0.00563462463100758,0.00473218201948774,"ENSG00000139219/ENSG00000142871/ENSG00000148516/ENSG00000110693/ENSG00000118523/ENSG00000125378/ENSG00000109906/ENSG00000150347/ENSG00000166949/ENSG00000113721/ENSG00000138696/ENSG00000169231/ENSG00000168542/ENSG00000139687/ENSG00000105855/ENSG00000143797",16
"GO:0050767","GO:0050767","regulation of neurogenesis","20/384","416/20772",0.000104935546960549,0.00563462463100758,0.00473218201948774,"ENSG00000171533/ENSG00000134352/ENSG00000157851/ENSG00000203879/ENSG00000006210/ENSG00000094631/ENSG00000103260/ENSG00000145147/ENSG00000150764/ENSG00000075223/ENSG00000187323/ENSG00000139687/ENSG00000081479/ENSG00000169057/ENSG00000196576/ENSG00000117707/ENSG00000153707/ENSG00000153266/ENSG00000127603/ENSG00000115694",20
"GO:0048592","GO:0048592","eye morphogenesis","12/384","175/20772",0.000105387547543826,0.00563462463100758,0.00473218201948774,"ENSG00000173482/ENSG00000148204/ENSG00000148516/ENSG00000125378/ENSG00000165323/ENSG00000171791/ENSG00000166147/ENSG00000166225/ENSG00000204262/ENSG00000138829/ENSG00000117707/ENSG00000064393",12
"GO:0051017","GO:0051017","actin filament bundle assembly","12/384","176/20772",0.00011125154906972,0.00586776751377183,0.00492798469136709,"ENSG00000118523/ENSG00000075618/ENSG00000166949/ENSG00000111859/ENSG00000006210/ENSG00000155366/ENSG00000151491/ENSG00000134318/ENSG00000180370/ENSG00000196776/ENSG00000164741/ENSG00000158106",12
"GO:0071560","GO:0071560","cellular response to transforming growth factor beta stimulus","16/384","294/20772",0.00012665806851954,0.00653232828530739,0.00548610927638584,"ENSG00000072415/ENSG00000148516/ENSG00000110693/ENSG00000137575/ENSG00000166949/ENSG00000150457/ENSG00000148677/ENSG00000168542/ENSG00000069702/ENSG00000180370/ENSG00000166147/ENSG00000137801/ENSG00000105855/ENSG00000176973/ENSG00000138829/ENSG00000064393",16
"GO:1902905","GO:1902905","positive regulation of supramolecular fiber organization","13/384","206/20772",0.000127198808527636,0.00653232828530739,0.00548610927638584,"ENSG00000118523/ENSG00000172638/ENSG00000165410/ENSG00000166949/ENSG00000130779/ENSG00000006210/ENSG00000151422/ENSG00000155366/ENSG00000134318/ENSG00000139687/ENSG00000196776/ENSG00000169057/ENSG00000117707",13
"GO:0072178","GO:0072178","nephric duct morphogenesis","4/384","15/20772",0.000133544261005348,0.00668234936799838,0.0056121029523705,"ENSG00000125378/ENSG00000107485/ENSG00000125266/ENSG00000147257",4
"GO:1904936","GO:1904936","interneuron migration","4/384","15/20772",0.000133544261005348,0.00668234936799838,0.0056121029523705,"ENSG00000165323/ENSG00000004848/ENSG00000153266/ENSG00000185551",4
"GO:0061572","GO:0061572","actin filament bundle organization","12/384","180/20772",0.000137596177434244,0.00679794785475764,0.00570918716229494,"ENSG00000118523/ENSG00000075618/ENSG00000166949/ENSG00000111859/ENSG00000006210/ENSG00000155366/ENSG00000151491/ENSG00000134318/ENSG00000180370/ENSG00000196776/ENSG00000164741/ENSG00000158106",12
"GO:0003231","GO:0003231","cardiac ventricle development","10/384","129/20772",0.000144926262361504,0.00707059002496189,0.00593816290781216,"ENSG00000142871/ENSG00000125378/ENSG00000145147/ENSG00000075223/ENSG00000069702/ENSG00000166847/ENSG00000107485/ENSG00000081479/ENSG00000166225/ENSG00000117707",10
"GO:0014706","GO:0014706","striated muscle tissue development","15/384","269/20772",0.000157024207406867,0.00728519324000455,0.0061183952288723,"ENSG00000110693/ENSG00000163110/ENSG00000125378/ENSG00000166949/ENSG00000148677/ENSG00000144560/ENSG00000113721/ENSG00000108946/ENSG00000075223/ENSG00000069702/ENSG00000081479/ENSG00000166225/ENSG00000125266/ENSG00000117707/ENSG00000154556",15
"GO:0090092","GO:0090092","regulation of transmembrane receptor protein serine/threonine kinase signaling pathway","17/384","331/20772",0.000157775371550771,0.00728519324000455,0.0061183952288723,"ENSG00000072415/ENSG00000148204/ENSG00000142871/ENSG00000148516/ENSG00000125378/ENSG00000137575/ENSG00000150938/ENSG00000166949/ENSG00000150457/ENSG00000069702/ENSG00000166147/ENSG00000137801/ENSG00000081479/ENSG00000176973/ENSG00000138829/ENSG00000064393/ENSG00000147257",17
"GO:0010720","GO:0010720","positive regulation of cell development","22/384","497/20772",0.000157907355193882,0.00728519324000455,0.0061183952288723,"ENSG00000171533/ENSG00000134352/ENSG00000080298/ENSG00000125378/ENSG00000109906/ENSG00000171791/ENSG00000203879/ENSG00000111859/ENSG00000006210/ENSG00000094631/ENSG00000103260/ENSG00000145147/ENSG00000167601/ENSG00000150764/ENSG00000139687/ENSG00000107485/ENSG00000081479/ENSG00000169057/ENSG00000196576/ENSG00000153707/ENSG00000127603/ENSG00000115694",22
"GO:0048568","GO:0048568","embryonic organ development","22/384","497/20772",0.000157907355193882,0.00728519324000455,0.0061183952288723,"ENSG00000139219/ENSG00000148204/ENSG00000071246/ENSG00000142871/ENSG00000148516/ENSG00000125378/ENSG00000163093/ENSG00000168283/ENSG00000187079/ENSG00000146648/ENSG00000184557/ENSG00000166949/ENSG00000007866/ENSG00000166147/ENSG00000107485/ENSG00000166225/ENSG00000138829/ENSG00000132688/ENSG00000117707/ENSG00000185551/ENSG00000064393/ENSG00000156345",22
"GO:0035904","GO:0035904","aorta development","7/384","63/20772",0.000158657808198921,0.00728519324000455,0.0061183952288723,"ENSG00000172638/ENSG00000113721/ENSG00000168542/ENSG00000166847/ENSG00000081479/ENSG00000125266/ENSG00000117707",7
"GO:0043200","GO:0043200","response to amino acid","10/384","131/20772",0.000164534566710737,0.00746719085897683,0.00627124407267119,"ENSG00000148516/ENSG00000167552/ENSG00000118523/ENSG00000162909/ENSG00000171791/ENSG00000146648/ENSG00000168542/ENSG00000204262/ENSG00000145431/ENSG00000113742",10
"GO:0070482","GO:0070482","response to oxygen levels","18/384","365/20772",0.000168824632946071,0.0075005364871631,0.00629924905835616,"ENSG00000129474/ENSG00000118523/ENSG00000162909/ENSG00000153904/ENSG00000171791/ENSG00000166949/ENSG00000142279/ENSG00000172379/ENSG00000113721/ENSG00000134318/ENSG00000069702/ENSG00000137801/ENSG00000184470/ENSG00000127483/ENSG00000173511/ENSG00000169057/ENSG00000064393/ENSG00000113742",18
"GO:0010634","GO:0010634","positive regulation of epithelial cell migration","12/384","184/20772",0.000169112787822278,0.0075005364871631,0.00629924905835616,"ENSG00000125378/ENSG00000113140/ENSG00000094631/ENSG00000134318/ENSG00000131375/ENSG00000137801/ENSG00000124181/ENSG00000107485/ENSG00000168874/ENSG00000132669/ENSG00000117707/ENSG00000136960",12
"GO:0050772","GO:0050772","positive regulation of axonogenesis","8/384","85/20772",0.000176571374044967,0.00774334913367985,0.00650317278268512,"ENSG00000171533/ENSG00000203879/ENSG00000103260/ENSG00000145147/ENSG00000150764/ENSG00000196576/ENSG00000127603/ENSG00000115694",8
"GO:0045926","GO:0045926","negative regulation of growth","15/384","277/20772",0.000215875057779119,0.00936178167235448,0.00786239684121845,"ENSG00000179833/ENSG00000022267/ENSG00000135924/ENSG00000125378/ENSG00000171791/ENSG00000108557/ENSG00000166949/ENSG00000144560/ENSG00000094631/ENSG00000145147/ENSG00000075223/ENSG00000187323/ENSG00000139687/ENSG00000111653/ENSG00000147257",15
"GO:0017015","GO:0017015","regulation of transforming growth factor beta receptor signaling pathway","11/384","163/20772",0.000233351239658498,0.0100084603119464,0.00840550330013375,"ENSG00000072415/ENSG00000148516/ENSG00000137575/ENSG00000166949/ENSG00000150457/ENSG00000069702/ENSG00000166147/ENSG00000137801/ENSG00000176973/ENSG00000138829/ENSG00000064393",11
"GO:0001945","GO:0001945","lymph vessel development","5/384","31/20772",0.00024054212083943,0.0102047380177858,0.00857034512922179,"ENSG00000071246/ENSG00000125266/ENSG00000117707/ENSG00000185551/ENSG00000116977",5
"GO:0051962","GO:0051962","positive regulation of nervous system development","16/384","312/20772",0.000248810983876206,0.0104420351620304,0.00876963671522925,"ENSG00000171533/ENSG00000134352/ENSG00000203879/ENSG00000006210/ENSG00000094631/ENSG00000103260/ENSG00000145147/ENSG00000150764/ENSG00000158258/ENSG00000081479/ENSG00000169057/ENSG00000196576/ENSG00000153707/ENSG00000127603/ENSG00000131409/ENSG00000115694",16
"GO:0110020","GO:0110020","regulation of actomyosin structure organization","9/384","113/20772",0.000252662338213047,0.0104908628302715,0.0088106441343273,"ENSG00000118523/ENSG00000166949/ENSG00000155366/ENSG00000134318/ENSG00000180370/ENSG00000196776/ENSG00000117707/ENSG00000164741/ENSG00000158106",9
"GO:1903844","GO:1903844","regulation of cellular response to transforming growth factor beta stimulus","11/384","166/20772",0.000273269434922727,0.0112270589947727,0.00942893097340025,"ENSG00000072415/ENSG00000148516/ENSG00000137575/ENSG00000166949/ENSG00000150457/ENSG00000069702/ENSG00000166147/ENSG00000137801/ENSG00000176973/ENSG00000138829/ENSG00000064393",11
"GO:0010594","GO:0010594","regulation of endothelial cell migration","14/384","253/20772",0.000279239073580092,0.0112985180532706,0.00948894513475048,"ENSG00000173482/ENSG00000071246/ENSG00000125378/ENSG00000113140/ENSG00000145147/ENSG00000134318/ENSG00000137801/ENSG00000124181/ENSG00000107485/ENSG00000168874/ENSG00000132669/ENSG00000169057/ENSG00000117707/ENSG00000185551",14
"GO:0060674","GO:0060674","placenta blood vessel development","5/384","32/20772",0.000280798424588072,0.0112985180532706,0.00948894513475048,"ENSG00000071246/ENSG00000142871/ENSG00000184557/ENSG00000105855/ENSG00000185551",5
"GO:0003002","GO:0003002","regionalization","20/384","450/20772",0.000295827330551867,0.0117550905495379,0.00987239288840188,"ENSG00000148204/ENSG00000080298/ENSG00000125378/ENSG00000163093/ENSG00000109906/ENSG00000168283/ENSG00000111783/ENSG00000166949/ENSG00000138696/ENSG00000143147/ENSG00000075223/ENSG00000081479/ENSG00000116729/ENSG00000166225/ENSG00000153266/ENSG00000185551/ENSG00000064393/ENSG00000138036/ENSG00000147257/ENSG00000156345",20
"GO:0016055","GO:0016055","Wnt signaling pathway","21/384","485/20772",0.000298169091571675,0.0117550905495379,0.00987239288840188,"ENSG00000205269/ENSG00000114019/ENSG00000171016/ENSG00000198873/ENSG00000146648/ENSG00000159461/ENSG00000166949/ENSG00000150457/ENSG00000082701/ENSG00000144560/ENSG00000170558/ENSG00000058091/ENSG00000150764/ENSG00000161202/ENSG00000018408/ENSG00000166025/ENSG00000107485/ENSG00000116729/ENSG00000127603/ENSG00000147257/ENSG00000167657",21
"GO:0198738","GO:0198738","cell-cell signaling by wnt","21/384","487/20772",0.000314926410436602,0.0122915777993406,0.0103229562326271,"ENSG00000205269/ENSG00000114019/ENSG00000171016/ENSG00000198873/ENSG00000146648/ENSG00000159461/ENSG00000166949/ENSG00000150457/ENSG00000082701/ENSG00000144560/ENSG00000170558/ENSG00000058091/ENSG00000150764/ENSG00000161202/ENSG00000018408/ENSG00000166025/ENSG00000107485/ENSG00000116729/ENSG00000127603/ENSG00000147257/ENSG00000167657",21
"GO:0032231","GO:0032231","regulation of actin filament bundle assembly","9/384","117/20772",0.000327692107657055,0.0126631910513415,0.0106350518316214,"ENSG00000118523/ENSG00000166949/ENSG00000006210/ENSG00000155366/ENSG00000134318/ENSG00000180370/ENSG00000196776/ENSG00000164741/ENSG00000158106",9
"GO:0003205","GO:0003205","cardiac chamber development","11/384","170/20772",0.000335329768266096,0.0128312949562997,0.0107762321814306,"ENSG00000197702/ENSG00000142871/ENSG00000125378/ENSG00000145147/ENSG00000075223/ENSG00000069702/ENSG00000166847/ENSG00000107485/ENSG00000081479/ENSG00000166225/ENSG00000117707",11
"GO:0050769","GO:0050769","positive regulation of neurogenesis","14/384","259/20772",0.000354073374455075,0.0134169745679433,0.0112681092289535,"ENSG00000171533/ENSG00000134352/ENSG00000203879/ENSG00000006210/ENSG00000094631/ENSG00000103260/ENSG00000145147/ENSG00000150764/ENSG00000081479/ENSG00000169057/ENSG00000196576/ENSG00000153707/ENSG00000127603/ENSG00000115694",14
"GO:0072176","GO:0072176","nephric duct development","4/384","19/20772",0.000357643589562831,0.0134219512506128,0.0112722888451281,"ENSG00000125378/ENSG00000107485/ENSG00000125266/ENSG00000147257",4
"GO:0022029","GO:0022029","telencephalon cell migration","7/384","72/20772",0.000366493329579005,0.013623080622351,0.011441205296331,"ENSG00000146648/ENSG00000004848/ENSG00000096093/ENSG00000145147/ENSG00000150764/ENSG00000168542/ENSG00000153266",7
"GO:0060070","GO:0060070","canonical Wnt signaling pathway","16/384","325/20772",0.000391240224333029,0.0144057603355831,0.012098530869643,"ENSG00000205269/ENSG00000171016/ENSG00000146648/ENSG00000159461/ENSG00000166949/ENSG00000150457/ENSG00000082701/ENSG00000170558/ENSG00000058091/ENSG00000150764/ENSG00000161202/ENSG00000018408/ENSG00000107485/ENSG00000116729/ENSG00000147257/ENSG00000167657",16
"GO:0001101","GO:0001101","response to acid chemical","10/384","147/20772",0.000417625948248373,0.0152335894954523,0.0127937747451592,"ENSG00000148516/ENSG00000167552/ENSG00000118523/ENSG00000162909/ENSG00000171791/ENSG00000146648/ENSG00000168542/ENSG00000204262/ENSG00000145431/ENSG00000113742",10
"GO:1905207","GO:1905207","regulation of cardiocyte differentiation","5/384","35/20772",0.000432561580210687,0.0156322948848362,0.013128623399377,"ENSG00000110693/ENSG00000125378/ENSG00000146648/ENSG00000166225/ENSG00000125266",5
"GO:0001502","GO:0001502","cartilage condensation","4/384","20/20772",0.000440568825024528,0.0157755974685388,0.0132489746125194,"ENSG00000139219/ENSG00000110693/ENSG00000118523/ENSG00000138696",4
"GO:0070507","GO:0070507","regulation of microtubule cytoskeleton organization","11/384","177/20772",0.000472459355554497,0.0166308327532404,0.0139672352424156,"ENSG00000171533/ENSG00000185340/ENSG00000101871/ENSG00000107186/ENSG00000082701/ENSG00000130779/ENSG00000094631/ENSG00000150764/ENSG00000182628/ENSG00000169057/ENSG00000166963",11
"GO:0007411","GO:0007411","axon guidance","13/384","236/20772",0.000477236297300263,0.0166308327532404,0.0139672352424156,"ENSG00000173482/ENSG00000157851/ENSG00000004848/ENSG00000094631/ENSG00000145147/ENSG00000138696/ENSG00000075223/ENSG00000187323/ENSG00000129116/ENSG00000107485/ENSG00000125266/ENSG00000196576/ENSG00000153266",13
"GO:0097485","GO:0097485","neuron projection guidance","13/384","236/20772",0.000477236297300263,0.0166308327532404,0.0139672352424156,"ENSG00000173482/ENSG00000157851/ENSG00000004848/ENSG00000094631/ENSG00000145147/ENSG00000138696/ENSG00000075223/ENSG00000187323/ENSG00000129116/ENSG00000107485/ENSG00000125266/ENSG00000196576/ENSG00000153266",13
"GO:0010977","GO:0010977","negative regulation of neuron projection development","10/384","150/20772",0.000489956614694547,0.0169230147535647,0.0142126213149401,"ENSG00000165323/ENSG00000203879/ENSG00000026025/ENSG00000185924/ENSG00000152377/ENSG00000094631/ENSG00000145147/ENSG00000075223/ENSG00000187323/ENSG00000125266",10
"GO:0007179","GO:0007179","transforming growth factor beta receptor signaling pathway","13/384","237/20772",0.00049667904704595,0.0169938256678449,0.0142720911389806,"ENSG00000072415/ENSG00000148516/ENSG00000137575/ENSG00000166949/ENSG00000150457/ENSG00000168542/ENSG00000069702/ENSG00000166147/ENSG00000137801/ENSG00000105855/ENSG00000176973/ENSG00000138829/ENSG00000064393",13
"GO:0001558","GO:0001558","regulation of cell growth","20/384","469/20772",0.000500714822393586,0.0169938256678449,0.0142720911389806,"ENSG00000179833/ENSG00000022267/ENSG00000177189/ENSG00000135924/ENSG00000137575/ENSG00000171791/ENSG00000187079/ENSG00000146648/ENSG00000203879/ENSG00000166949/ENSG00000082701/ENSG00000152377/ENSG00000144560/ENSG00000094631/ENSG00000145147/ENSG00000075223/ENSG00000187323/ENSG00000139687/ENSG00000111653/ENSG00000127603",20
"GO:0003170","GO:0003170","heart valve development","7/384","76/20772",0.000510679209878352,0.0171825944496139,0.0144306266747839,"ENSG00000142871/ENSG00000125378/ENSG00000082701/ENSG00000145147/ENSG00000134318/ENSG00000139687/ENSG00000107485",7
"GO:0032332","GO:0032332","positive regulation of chondrocyte differentiation","4/384","21/20772",0.000536341473263997,0.0178918014542682,0.0150262469432666,"ENSG00000110693/ENSG00000109906/ENSG00000166949/ENSG00000138696",4
"GO:0035909","GO:0035909","aorta morphogenesis","5/384","37/20772",0.00056351021900956,0.0186168536776485,0.0156351746570647,"ENSG00000172638/ENSG00000113721/ENSG00000168542/ENSG00000125266/ENSG00000117707",5
"GO:0030509","GO:0030509","BMP signaling pathway","11/384","181/20772",0.000569989565615942,0.0186168536776485,0.0156351746570647,"ENSG00000148204/ENSG00000142871/ENSG00000150593/ENSG00000125378/ENSG00000150938/ENSG00000138696/ENSG00000069702/ENSG00000166147/ENSG00000081479/ENSG00000064393/ENSG00000147257",11
"GO:0061351","GO:0061351","neural precursor cell proliferation","10/384","153/20772",0.000572385970104487,0.0186168536776485,0.0156351746570647,"ENSG00000004848/ENSG00000007866/ENSG00000006210/ENSG00000170558/ENSG00000150764/ENSG00000081479/ENSG00000166225/ENSG00000132688/ENSG00000196576/ENSG00000117707",10
"GO:0003206","GO:0003206","cardiac chamber morphogenesis","9/384","127/20772",0.000598563111204398,0.0191116064986665,0.0160506877669937,"ENSG00000197702/ENSG00000142871/ENSG00000125378/ENSG00000145147/ENSG00000075223/ENSG00000069702/ENSG00000107485/ENSG00000081479/ENSG00000117707",9
"GO:0036293","GO:0036293","response to decreased oxygen levels","16/384","338/20772",0.000599005830671598,0.0191116064986665,0.0160506877669937,"ENSG00000129474/ENSG00000118523/ENSG00000162909/ENSG00000153904/ENSG00000171791/ENSG00000166949/ENSG00000142279/ENSG00000172379/ENSG00000134318/ENSG00000069702/ENSG00000137801/ENSG00000127483/ENSG00000173511/ENSG00000169057/ENSG00000064393/ENSG00000113742",16
"GO:0072073","GO:0072073","kidney epithelium development","10/384","154/20772",0.000602287368520621,0.0191116064986665,0.0160506877669937,"ENSG00000171456/ENSG00000125378/ENSG00000171791/ENSG00000166949/ENSG00000145147/ENSG00000018408/ENSG00000153936/ENSG00000107485/ENSG00000125266/ENSG00000147257",10
"GO:0007015","GO:0007015","actin filament organization","20/384","478/20772",0.000634780662549859,0.0197986053596283,0.0166276567525339,"ENSG00000118523/ENSG00000075618/ENSG00000197694/ENSG00000165410/ENSG00000185340/ENSG00000171791/ENSG00000166949/ENSG00000111859/ENSG00000006210/ENSG00000145147/ENSG00000151422/ENSG00000155366/ENSG00000151491/ENSG00000134318/ENSG00000180370/ENSG00000196776/ENSG00000138771/ENSG00000117707/ENSG00000164741/ENSG00000158106",20
"GO:0043516","GO:0043516","regulation of DNA damage response, signal transduction by p53 class mediator","5/384","38/20772",0.00063915559193266,0.0197986053596283,0.0166276567525339,"ENSG00000143479/ENSG00000183255/ENSG00000148677/ENSG00000143499/ENSG00000111653",5
"GO:0045879","GO:0045879","negative regulation of smoothened signaling pathway","5/384","38/20772",0.00063915559193266,0.0197986053596283,0.0166276567525339,"ENSG00000111783/ENSG00000143147/ENSG00000139687/ENSG00000147257/ENSG00000156345",5
"GO:0072111","GO:0072111","cell proliferation involved in kidney development","4/384","22/20772",0.000646030101289985,0.0198539801994867,0.0166741627469292,"ENSG00000125378/ENSG00000113721/ENSG00000107485/ENSG00000147257",4
"GO:0051492","GO:0051492","regulation of stress fiber assembly","8/384","103/20772",0.000654482258009674,0.0199565957266544,0.0167603433506754,"ENSG00000118523/ENSG00000166949/ENSG00000155366/ENSG00000134318/ENSG00000180370/ENSG00000196776/ENSG00000164741/ENSG00000158106",8
"GO:0048644","GO:0048644","muscle organ morphogenesis","7/384","80/20772",0.000696784760298805,0.0209506132890746,0.0175951588608434,"ENSG00000172638/ENSG00000150347/ENSG00000148677/ENSG00000168542/ENSG00000069702/ENSG00000081479/ENSG00000117707",7
"GO:0060993","GO:0060993","kidney morphogenesis","8/384","104/20772",0.000697816993999411,0.0209506132890746,0.0175951588608434,"ENSG00000171456/ENSG00000125378/ENSG00000171791/ENSG00000113721/ENSG00000018408/ENSG00000153936/ENSG00000107485/ENSG00000147257",8
"GO:0003180","GO:0003180","aortic valve morphogenesis","5/384","39/20772",0.000722155012467117,0.0215158092645737,0.018069832935497,"ENSG00000125378/ENSG00000145147/ENSG00000134318/ENSG00000139687/ENSG00000107485",5
"GO:0021795","GO:0021795","cerebral cortex cell migration","6/384","59/20772",0.000757001803815148,0.0223831669718979,0.0187982744583762,"ENSG00000146648/ENSG00000004848/ENSG00000096093/ENSG00000145147/ENSG00000150764/ENSG00000168542",6
"GO:2000725","GO:2000725","regulation of cardiac muscle cell differentiation","4/384","23/20772",0.000770712058838666,0.0226172117717843,0.0189948345961504,"ENSG00000110693/ENSG00000125378/ENSG00000166225/ENSG00000125266",4
"GO:0032886","GO:0032886","regulation of microtubule-based process","14/384","281/20772",0.000792766428352459,0.0229222250671727,0.0192509969009469,"ENSG00000171533/ENSG00000185340/ENSG00000101871/ENSG00000107186/ENSG00000082701/ENSG00000130779/ENSG00000094631/ENSG00000114166/ENSG00000150764/ENSG00000134318/ENSG00000182628/ENSG00000169057/ENSG00000166963/ENSG00000127603",14
"GO:0048872","GO:0048872","homeostasis of number of cells","16/384","347/20772",0.000792851750978303,0.0229222250671727,0.0192509969009469,"ENSG00000171456/ENSG00000167552/ENSG00000143479/ENSG00000125378/ENSG00000171791/ENSG00000121005/ENSG00000157514/ENSG00000170558/ENSG00000167601/ENSG00000122863/ENSG00000069702/ENSG00000143195/ENSG00000139687/ENSG00000107485/ENSG00000135905/ENSG00000064393",16
"GO:0048844","GO:0048844","artery morphogenesis","7/384","82/20772",0.000808064380467098,0.0231902593894344,0.0194761027923726,"ENSG00000125378/ENSG00000172638/ENSG00000113721/ENSG00000168542/ENSG00000081479/ENSG00000125266/ENSG00000117707",7
"GO:0045601","GO:0045601","regulation of endothelial cell differentiation","6/384","60/20772",0.000828209882392785,0.0234239360215872,0.0196723537282314,"ENSG00000148516/ENSG00000125378/ENSG00000136451/ENSG00000134318/ENSG00000168874/ENSG00000065970",6
"GO:0045778","GO:0045778","positive regulation of ossification","6/384","60/20772",0.000828209882392785,0.0234239360215872,0.0196723537282314,"ENSG00000142871/ENSG00000125378/ENSG00000109906/ENSG00000166949/ENSG00000138696/ENSG00000138829",6
"GO:0051495","GO:0051495","positive regulation of cytoskeleton organization","12/384","220/20772",0.000849612665833339,0.0238563901780397,0.0200355459402122,"ENSG00000118523/ENSG00000165410/ENSG00000166949/ENSG00000130779/ENSG00000006210/ENSG00000151422/ENSG00000155366/ENSG00000134318/ENSG00000196776/ENSG00000132688/ENSG00000169057/ENSG00000117707",12
"GO:0031016","GO:0031016","pancreas development","7/384","83/20772",0.000868728531051526,0.0242189104049579,0.0203400048548455,"ENSG00000080298/ENSG00000125378/ENSG00000082701/ENSG00000170558/ENSG00000143195/ENSG00000116729/ENSG00000117707",7
"GO:0048738","GO:0048738","cardiac muscle tissue development","13/384","252/20772",0.000879190273415619,0.0243367350151855,0.0204389586518569,"ENSG00000110693/ENSG00000163110/ENSG00000125378/ENSG00000148677/ENSG00000144560/ENSG00000113721/ENSG00000108946/ENSG00000069702/ENSG00000081479/ENSG00000166225/ENSG00000125266/ENSG00000117707/ENSG00000154556",13
"GO:0035265","GO:0035265","organ growth","11/384","191/20772",0.000889443345386756,0.0244239543338744,0.0205122089069636,"ENSG00000163110/ENSG00000171791/ENSG00000004848/ENSG00000150457/ENSG00000144560/ENSG00000113721/ENSG00000108946/ENSG00000169231/ENSG00000069702/ENSG00000117707/ENSG00000154556",11
"GO:0001823","GO:0001823","mesonephros development","8/384","108/20772",0.000894856640979771,0.0244239543338744,0.0205122089069636,"ENSG00000125378/ENSG00000109906/ENSG00000171791/ENSG00000166949/ENSG00000145147/ENSG00000153936/ENSG00000107485/ENSG00000147257",8
"GO:0098743","GO:0098743","cell aggregation","4/384","24/20772",0.000911470351397601,0.0247046443160058,0.0207479435252349,"ENSG00000139219/ENSG00000110693/ENSG00000118523/ENSG00000138696",4
"GO:0042177","GO:0042177","negative regulation of protein catabolic process","9/384","135/20772",0.000928194300357764,0.0249734769914672,0.0209737199054516,"ENSG00000137575/ENSG00000198168/ENSG00000128268/ENSG00000146648/ENSG00000166949/ENSG00000034713/ENSG00000101439/ENSG00000166963/ENSG00000035862",9
"GO:0030010","GO:0030010","establishment of cell polarity","10/384","163/20772",0.000934185918717451,0.0249734769914672,0.0209737199054516,"ENSG00000148204/ENSG00000114019/ENSG00000075618/ENSG00000160360/ENSG00000082701/ENSG00000100345/ENSG00000134318/ENSG00000166025/ENSG00000107485/ENSG00000176973",10
"GO:0051147","GO:0051147","regulation of muscle cell differentiation","10/384","164/20772",0.000978868798189343,0.0259899654376395,0.0218274073581211,"ENSG00000148516/ENSG00000150593/ENSG00000110693/ENSG00000125378/ENSG00000172638/ENSG00000171791/ENSG00000166225/ENSG00000125266/ENSG00000169057/ENSG00000117707",10
"GO:0003179","GO:0003179","heart valve morphogenesis","6/384","62/20772",0.000986030630858019,0.0260032267043165,0.0218385446976662,"ENSG00000142871/ENSG00000125378/ENSG00000145147/ENSG00000134318/ENSG00000139687/ENSG00000107485",6
"GO:0009952","GO:0009952","anterior/posterior pattern specification","12/384","224/20772",0.000993292761661095,0.0260189372400218,0.0218517390308206,"ENSG00000148204/ENSG00000125378/ENSG00000109906/ENSG00000168283/ENSG00000166949/ENSG00000075223/ENSG00000116729/ENSG00000166225/ENSG00000153266/ENSG00000185551/ENSG00000064393/ENSG00000147257",12
"GO:0003148","GO:0003148","outflow tract septum morphogenesis","4/384","25/20772",0.00106939069637215,0.0274767553983349,0.0230760727403791,"ENSG00000197702/ENSG00000125378/ENSG00000075223/ENSG00000081479",4
"GO:0003323","GO:0003323","type B pancreatic cell development","4/384","25/20772",0.00106939069637215,0.0274767553983349,0.0230760727403791,"ENSG00000080298/ENSG00000125378/ENSG00000082701/ENSG00000170558",4
"GO:0060840","GO:0060840","artery development","8/384","111/20772",0.00107006580080628,0.0274767553983349,0.0230760727403791,"ENSG00000125378/ENSG00000172638/ENSG00000113721/ENSG00000168542/ENSG00000166847/ENSG00000081479/ENSG00000125266/ENSG00000117707",8
"GO:0010595","GO:0010595","positive regulation of endothelial cell migration","9/384","138/20772",0.0010845402841106,0.0276664099927037,0.0232353522168587,"ENSG00000125378/ENSG00000113140/ENSG00000134318/ENSG00000137801/ENSG00000124181/ENSG00000107485/ENSG00000168874/ENSG00000132669/ENSG00000117707",9
"GO:0051150","GO:0051150","regulation of smooth muscle cell differentiation","5/384","43/20772",0.00113662977932521,0.0288069222643266,0.0241931998142085,"ENSG00000148516/ENSG00000150593/ENSG00000125378/ENSG00000172638/ENSG00000169057",5
"GO:0110053","GO:0110053","regulation of actin filament organization","14/384","292/20772",0.00114605536762847,0.0288584135474445,0.0242364442430903,"ENSG00000118523/ENSG00000197694/ENSG00000165410/ENSG00000166949/ENSG00000006210/ENSG00000145147/ENSG00000151422/ENSG00000155366/ENSG00000151491/ENSG00000134318/ENSG00000180370/ENSG00000196776/ENSG00000164741/ENSG00000158106",14
"GO:1901879","GO:1901879","regulation of protein depolymerization","7/384","88/20772",0.001227983909927,0.030723212823366,0.0258025768927982,"ENSG00000197694/ENSG00000165410/ENSG00000101871/ENSG00000094631/ENSG00000151491/ENSG00000132688/ENSG00000166963",7
"GO:0003176","GO:0003176","aortic valve development","5/384","44/20772",0.00126316604108719,0.0314021468685562,0.0263727727250789,"ENSG00000125378/ENSG00000145147/ENSG00000134318/ENSG00000139687/ENSG00000107485",5
"GO:0035148","GO:0035148","tube formation","10/384","170/20772",0.00128522963015675,0.0317484256107709,0.0266635913944579,"ENSG00000125378/ENSG00000161202/ENSG00000153936/ENSG00000107485/ENSG00000081479/ENSG00000168874/ENSG00000196576/ENSG00000117707/ENSG00000164741/ENSG00000156345",10
"GO:0090596","GO:0090596","sensory organ morphogenesis","14/384","296/20772",0.00130362511779003,0.0320003071366948,0.0268751315246484,"ENSG00000173482/ENSG00000139219/ENSG00000148204/ENSG00000148516/ENSG00000125378/ENSG00000165323/ENSG00000171791/ENSG00000166147/ENSG00000107485/ENSG00000166225/ENSG00000204262/ENSG00000138829/ENSG00000117707/ENSG00000064393",14
"GO:0032233","GO:0032233","positive regulation of actin filament bundle assembly","6/384","66/20772",0.0013700911386405,0.0333943457488711,0.0280459006329772,"ENSG00000118523/ENSG00000166949/ENSG00000006210/ENSG00000155366/ENSG00000134318/ENSG00000196776",6
"GO:0031345","GO:0031345","negative regulation of cell projection organization","11/384","202/20772",0.00139919966341867,0.0333943457488711,0.0280459006329772,"ENSG00000165323/ENSG00000157851/ENSG00000203879/ENSG00000026025/ENSG00000185924/ENSG00000152377/ENSG00000094631/ENSG00000145147/ENSG00000075223/ENSG00000187323/ENSG00000125266",11
"GO:0002088","GO:0002088","lens development in camera-type eye","7/384","90/20772",0.00140057389610788,0.0333943457488711,0.0280459006329772,"ENSG00000125378/ENSG00000166949/ENSG00000026025/ENSG00000107485/ENSG00000166225/ENSG00000117707/ENSG00000064393",7
"GO:0071230","GO:0071230","cellular response to amino acid stimulus","7/384","90/20772",0.00140057389610788,0.0333943457488711,0.0280459006329772,"ENSG00000148516/ENSG00000162909/ENSG00000146648/ENSG00000168542/ENSG00000204262/ENSG00000145431/ENSG00000113742",7
"GO:0007156","GO:0007156","homophilic cell adhesion via plasma membrane adhesion molecules","10/384","172/20772",0.00140319567071864,0.0333943457488711,0.0280459006329772,"ENSG00000173482/ENSG00000113361/ENSG00000165323/ENSG00000130202/ENSG00000105767/ENSG00000170558/ENSG00000158258/ENSG00000129116/ENSG00000196576/ENSG00000165194",10
"GO:0033673","GO:0033673","negative regulation of kinase activity","13/384","266/20772",0.00143441095398862,0.0335240543687232,0.0281548350942471,"ENSG00000129474/ENSG00000150593/ENSG00000125378/ENSG00000150457/ENSG00000108946/ENSG00000108861/ENSG00000114166/ENSG00000113648/ENSG00000167470/ENSG00000018408/ENSG00000180370/ENSG00000139687/ENSG00000185551",13
"GO:0048596","GO:0048596","embryonic camera-type eye morphogenesis","4/384","27/20772",0.0014410575325323,0.0335240543687232,0.0281548350942471,"ENSG00000148516/ENSG00000166225/ENSG00000117707/ENSG00000064393",4
"GO:0048745","GO:0048745","smooth muscle tissue development","4/384","27/20772",0.0014410575325323,0.0335240543687232,0.0281548350942471,"ENSG00000125378/ENSG00000172638/ENSG00000168542/ENSG00000117707",4
"GO:0048705","GO:0048705","skeletal system morphogenesis","12/384","234/20772",0.00144300310887663,0.0335240543687232,0.0281548350942471,"ENSG00000139219/ENSG00000148516/ENSG00000110693/ENSG00000118523/ENSG00000125378/ENSG00000168283/ENSG00000150347/ENSG00000166949/ENSG00000138696/ENSG00000169231/ENSG00000168542/ENSG00000138829",12
"GO:0051056","GO:0051056","regulation of small GTPase mediated signal transduction","15/384","335/20772",0.00152915848709934,0.0352067428232347,0.0295680238282435,"ENSG00000110237/ENSG00000119522/ENSG00000105443/ENSG00000137962/ENSG00000105767/ENSG00000196914/ENSG00000105137/ENSG00000113721/ENSG00000064547/ENSG00000145147/ENSG00000151491/ENSG00000168542/ENSG00000104695/ENSG00000164741/ENSG00000099331",15
"GO:0051403","GO:0051403","stress-activated MAPK cascade","13/384","268/20772",0.00153347329745065,0.0352067428232347,0.0295680238282435,"ENSG00000150593/ENSG00000118523/ENSG00000125378/ENSG00000137575/ENSG00000146648/ENSG00000101871/ENSG00000166949/ENSG00000108861/ENSG00000150764/ENSG00000064393/ENSG00000131323/ENSG00000115694/ENSG00000162889",13
"GO:0045214","GO:0045214","sarcomere organization","5/384","46/20772",0.00154704464257873,0.0353106154385075,0.0296552601846117,"ENSG00000165410/ENSG00000148677/ENSG00000108946/ENSG00000117707/ENSG00000159176",5
"GO:0055001","GO:0055001","muscle cell development","11/384","205/20772",0.00157363151747082,0.035708626817957,0.0299895259816654,"ENSG00000163110/ENSG00000125378/ENSG00000172638/ENSG00000165410/ENSG00000171791/ENSG00000148677/ENSG00000113721/ENSG00000108946/ENSG00000117707/ENSG00000154556/ENSG00000159176",11
"GO:0060395","GO:0060395","SMAD protein signal transduction","7/384","92/20772",0.00159154083973485,0.0358117325444902,0.0300761182743484,"ENSG00000125378/ENSG00000166949/ENSG00000026025/ENSG00000018408/ENSG00000168874/ENSG00000176973/ENSG00000064393",7
"GO:0021915","GO:0021915","neural tube development","10/384","175/20772",0.00159652612419711,0.0358117325444902,0.0300761182743484,"ENSG00000125378/ENSG00000168283/ENSG00000143147/ENSG00000075223/ENSG00000161202/ENSG00000081479/ENSG00000196576/ENSG00000117707/ENSG00000164741/ENSG00000156345",10
"GO:0044262","GO:0044262","cellular carbohydrate metabolic process","14/384","303/20772",0.00162297236206222,0.036196920737879,0.0303996146493939,"ENSG00000134352/ENSG00000138760/ENSG00000169047/ENSG00000082701/ENSG00000114166/ENSG00000196182/ENSG00000167470/ENSG00000153936/ENSG00000182054/ENSG00000169057/ENSG00000049769/ENSG00000008405/ENSG00000086062/ENSG00000078269",14
"GO:0032967","GO:0032967","positive regulation of collagen biosynthetic process","4/384","28/20772",0.00165696494062924,0.0367015784805306,0.0308234463067201,"ENSG00000118523/ENSG00000125378/ENSG00000026025/ENSG00000113721",4
"GO:0030038","GO:0030038","contractile actin filament bundle assembly","8/384","119/20772",0.00167381013823583,0.0367015784805306,0.0308234463067201,"ENSG00000118523/ENSG00000166949/ENSG00000155366/ENSG00000134318/ENSG00000180370/ENSG00000196776/ENSG00000164741/ENSG00000158106",8
"GO:0043149","GO:0043149","stress fiber assembly","8/384","119/20772",0.00167381013823583,0.0367015784805306,0.0308234463067201,"ENSG00000118523/ENSG00000166949/ENSG00000155366/ENSG00000134318/ENSG00000180370/ENSG00000196776/ENSG00000164741/ENSG00000158106",8
"GO:0007416","GO:0007416","synapse assembly","11/384","207/20772",0.00169951190857057,0.0367734161758036,0.0308837784623036,"ENSG00000150471/ENSG00000163110/ENSG00000137575/ENSG00000150625/ENSG00000170558/ENSG00000158258/ENSG00000125266/ENSG00000169057/ENSG00000196576/ENSG00000153707/ENSG00000131409",11
"GO:0071900","GO:0071900","regulation of protein serine/threonine kinase activity","17/384","409/20772",0.00170149006154978,0.0367734161758036,0.0308837784623036,"ENSG00000129474/ENSG00000150593/ENSG00000125378/ENSG00000176907/ENSG00000146648/ENSG00000183283/ENSG00000150457/ENSG00000113721/ENSG00000108946/ENSG00000114166/ENSG00000161202/ENSG00000113648/ENSG00000137801/ENSG00000139687/ENSG00000117707/ENSG00000185551/ENSG00000145431",17
"GO:0010712","GO:0010712","regulation of collagen metabolic process","5/384","47/20772",0.00170535186467344,0.0367734161758036,0.0308837784623036,"ENSG00000118523/ENSG00000125378/ENSG00000026025/ENSG00000113721/ENSG00000101439",5
"GO:0044782","GO:0044782","cilium organization","17/384","410/20772",0.00174582787146716,0.0374393746282215,0.0314430768753541,"ENSG00000197702/ENSG00000080298/ENSG00000188026/ENSG00000163093/ENSG00000130202/ENSG00000111783/ENSG00000082701/ENSG00000111859/ENSG00000094631/ENSG00000136811/ENSG00000018408/ENSG00000106477/ENSG00000153317/ENSG00000165115/ENSG00000138036/ENSG00000134874/ENSG00000205084",17
"GO:0046578","GO:0046578","regulation of Ras protein signal transduction","11/384","208/20772",0.00176546880182045,0.0376536870683346,0.0316230649920558,"ENSG00000119522/ENSG00000105443/ENSG00000105767/ENSG00000105137/ENSG00000113721/ENSG00000064547/ENSG00000151491/ENSG00000168542/ENSG00000104695/ENSG00000164741/ENSG00000099331",11
"GO:0032835","GO:0032835","glomerulus development","6/384","70/20772",0.00185893699824325,0.039431690783388,0.0331163032753402,"ENSG00000171456/ENSG00000125378/ENSG00000171791/ENSG00000138792/ENSG00000113721/ENSG00000018408",6
"GO:0010714","GO:0010714","positive regulation of collagen metabolic process","4/384","29/20772",0.00189435151378313,0.0399656970718679,0.033564783009506,"ENSG00000118523/ENSG00000125378/ENSG00000026025/ENSG00000113721",4
"GO:0032963","GO:0032963","collagen metabolic process","8/384","122/20772",0.00195956455168325,0.0404925850743622,0.0340072845237978,"ENSG00000118523/ENSG00000011028/ENSG00000125378/ENSG00000026025/ENSG00000113721/ENSG00000101439/ENSG00000117385/ENSG00000164733",8
"GO:0035331","GO:0035331","negative regulation of hippo signaling","3/384","14/20772",0.00196082464234037,0.0404925850743622,0.0340072845237978,"ENSG00000129474/ENSG00000142279/ENSG00000144560",3
"GO:0070307","GO:0070307","lens fiber cell development","3/384","14/20772",0.00196082464234037,0.0404925850743622,0.0340072845237978,"ENSG00000026025/ENSG00000166225/ENSG00000117707",3
"GO:0071670","GO:0071670","smooth muscle cell chemotaxis","3/384","14/20772",0.00196082464234037,0.0404925850743622,0.0340072845237978,"ENSG00000197702/ENSG00000113721/ENSG00000145147",3
"GO:0031098","GO:0031098","stress-activated protein kinase signaling cascade","13/384","276/20772",0.00198827381854185,0.0408433300724675,0.0343018541326278,"ENSG00000150593/ENSG00000118523/ENSG00000125378/ENSG00000137575/ENSG00000146648/ENSG00000101871/ENSG00000166949/ENSG00000108861/ENSG00000150764/ENSG00000064393/ENSG00000131323/ENSG00000115694/ENSG00000162889",13
"GO:0051348","GO:0051348","negative regulation of transferase activity","14/384","310/20772",0.00200499241611485,0.0408706899667557,0.0343248320607569,"ENSG00000129474/ENSG00000150593/ENSG00000125378/ENSG00000150457/ENSG00000082701/ENSG00000108946/ENSG00000108861/ENSG00000114166/ENSG00000113648/ENSG00000167470/ENSG00000018408/ENSG00000180370/ENSG00000139687/ENSG00000185551",14
"GO:0009791","GO:0009791","post-embryonic development","7/384","96/20772",0.00203384888502219,0.0408706899667557,0.0343248320607569,"ENSG00000125378/ENSG00000171791/ENSG00000150347/ENSG00000075223/ENSG00000166147/ENSG00000107485/ENSG00000169057",7
"GO:0097581","GO:0097581","lamellipodium organization","7/384","96/20772",0.00203384888502219,0.0408706899667557,0.0343248320607569,"ENSG00000129474/ENSG00000075618/ENSG00000023902/ENSG00000145147/ENSG00000151422/ENSG00000136960/ENSG00000099331",7
"GO:1901888","GO:1901888","regulation of cell junction assembly","12/384","244/20772",0.00204903959121109,0.0408706899667557,0.0343248320607569,"ENSG00000163110/ENSG00000166949/ENSG00000108861/ENSG00000158258/ENSG00000134318/ENSG00000137801/ENSG00000137076/ENSG00000153707/ENSG00000164741/ENSG00000127603/ENSG00000131409/ENSG00000167657",12
"GO:0042551","GO:0042551","neuron maturation","5/384","49/20772",0.00205714393247874,0.0408706899667557,0.0343248320607569,"ENSG00000171791/ENSG00000006210/ENSG00000074527/ENSG00000139687/ENSG00000169057",5
"GO:1905314","GO:1905314","semi-lunar valve development","5/384","49/20772",0.00205714393247874,0.0408706899667557,0.0343248320607569,"ENSG00000125378/ENSG00000145147/ENSG00000134318/ENSG00000139687/ENSG00000107485",5
"GO:0030510","GO:0030510","regulation of BMP signaling pathway","8/384","123/20772",0.00206290697500663,0.0408706899667557,0.0343248320607569,"ENSG00000148204/ENSG00000142871/ENSG00000125378/ENSG00000150938/ENSG00000166147/ENSG00000081479/ENSG00000064393/ENSG00000147257",8
"GO:0048762","GO:0048762","mesenchymal cell differentiation","13/384","278/20772",0.00211786221972682,0.0413673658935142,0.034741960271425,"ENSG00000148204/ENSG00000150593/ENSG00000125378/ENSG00000137575/ENSG00000171791/ENSG00000166949/ENSG00000082701/ENSG00000170558/ENSG00000075223/ENSG00000134318/ENSG00000069702/ENSG00000018408/ENSG00000107485",13
"GO:0007224","GO:0007224","smoothened signaling pathway","9/384","152/20772",0.0021197727847048,0.0413673658935142,0.034741960271425,"ENSG00000167552/ENSG00000111783/ENSG00000143147/ENSG00000139687/ENSG00000064393/ENSG00000147257/ENSG00000156345/ENSG00000134874/ENSG00000205084",9
"GO:0030168","GO:0030168","platelet activation","9/384","152/20772",0.0021197727847048,0.0413673658935142,0.034741960271425,"ENSG00000134352/ENSG00000203618/ENSG00000138722/ENSG00000167601/ENSG00000100345/ENSG00000168542/ENSG00000137076/ENSG00000159176/ENSG00000087460",9
"GO:1903053","GO:1903053","regulation of extracellular matrix organization","6/384","72/20772",0.00214796030781432,0.0417089009024839,0.0350287949648273,"ENSG00000075618/ENSG00000172638/ENSG00000106624/ENSG00000166949/ENSG00000101439/ENSG00000139687",6
"GO:0070997","GO:0070997","neuron death","18/384","455/20772",0.00216287228621027,0.0417311499738391,0.0350474806204498,"ENSG00000134352/ENSG00000167552/ENSG00000162909/ENSG00000188026/ENSG00000171791/ENSG00000164830/ENSG00000082701/ENSG00000006210/ENSG00000094631/ENSG00000167601/ENSG00000187323/ENSG00000139687/ENSG00000107485/ENSG00000125266/ENSG00000132688/ENSG00000169057/ENSG00000064393/ENSG00000113742",18
"GO:0007229","GO:0007229","integrin-mediated signaling pathway","8/384","124/20772",0.00217049024972824,0.0417311499738391,0.0350474806204498,"ENSG00000118523/ENSG00000111859/ENSG00000100345/ENSG00000168542/ENSG00000105855/ENSG00000196776/ENSG00000083457/ENSG00000137076",8
"GO:0042326","GO:0042326","negative regulation of phosphorylation","17/384","419/20772",0.00219049607784735,0.0419093440776382,0.0351971351208289,"ENSG00000129474/ENSG00000150593/ENSG00000125378/ENSG00000105767/ENSG00000184557/ENSG00000150457/ENSG00000145147/ENSG00000108946/ENSG00000108861/ENSG00000114166/ENSG00000113648/ENSG00000167470/ENSG00000018408/ENSG00000180370/ENSG00000139687/ENSG00000185551/ENSG00000144677",17
"GO:0072175","GO:0072175","epithelial tube formation","9/384","153/20772",0.00221648446061731,0.0421997017062896,0.0354409890134137,"ENSG00000125378/ENSG00000161202/ENSG00000153936/ENSG00000107485/ENSG00000081479/ENSG00000196576/ENSG00000117707/ENSG00000164741/ENSG00000156345",9
"GO:0046660","GO:0046660","female sex differentiation","8/384","125/20772",0.00228243382904035,0.0427274671166165,0.0358842274097236,"ENSG00000180530/ENSG00000171791/ENSG00000150347/ENSG00000145147/ENSG00000167601/ENSG00000138696/ENSG00000081479/ENSG00000185551",8
"GO:0055006","GO:0055006","cardiac cell development","7/384","98/20772",0.00228790287757551,0.0427274671166165,0.0358842274097236,"ENSG00000150593/ENSG00000163110/ENSG00000125378/ENSG00000113721/ENSG00000069702/ENSG00000117707/ENSG00000154556",7
"GO:0030308","GO:0030308","negative regulation of cell growth","11/384","215/20772",0.00228799401162512,0.0427274671166165,0.0358842274097236,"ENSG00000179833/ENSG00000022267/ENSG00000135924/ENSG00000171791/ENSG00000166949/ENSG00000144560/ENSG00000094631/ENSG00000145147/ENSG00000075223/ENSG00000187323/ENSG00000139687",11
"GO:0032872","GO:0032872","regulation of stress-activated MAPK cascade","11/384","215/20772",0.00228799401162512,0.0427274671166165,0.0358842274097236,"ENSG00000150593/ENSG00000118523/ENSG00000125378/ENSG00000137575/ENSG00000146648/ENSG00000101871/ENSG00000108861/ENSG00000150764/ENSG00000064393/ENSG00000131323/ENSG00000115694",11
"GO:0060415","GO:0060415","muscle tissue morphogenesis","6/384","73/20772",0.00230458142800336,0.042771557803143,0.035921256523049,"ENSG00000172638/ENSG00000148677/ENSG00000168542/ENSG00000069702/ENSG00000081479/ENSG00000117707",6
"GO:0045936","GO:0045936","negative regulation of phosphate metabolic process","19/384","495/20772",0.00231227227682889,0.042771557803143,0.035921256523049,"ENSG00000129474/ENSG00000150593/ENSG00000125378/ENSG00000105767/ENSG00000184557/ENSG00000150457/ENSG00000082701/ENSG00000145147/ENSG00000108946/ENSG00000108861/ENSG00000114166/ENSG00000134318/ENSG00000113648/ENSG00000167470/ENSG00000018408/ENSG00000180370/ENSG00000139687/ENSG00000185551/ENSG00000144677",19
"GO:0010563","GO:0010563","negative regulation of phosphorus metabolic process","19/384","496/20772",0.00236461068396283,0.0428052260582078,0.0359495324636269,"ENSG00000129474/ENSG00000150593/ENSG00000125378/ENSG00000105767/ENSG00000184557/ENSG00000150457/ENSG00000082701/ENSG00000145147/ENSG00000108946/ENSG00000108861/ENSG00000114166/ENSG00000134318/ENSG00000113648/ENSG00000167470/ENSG00000018408/ENSG00000180370/ENSG00000139687/ENSG00000185551/ENSG00000144677",19
"GO:0030111","GO:0030111","regulation of Wnt signaling pathway","15/384","351/20772",0.00239832247964979,0.0428052260582078,0.0359495324636269,"ENSG00000205269/ENSG00000146648/ENSG00000159461/ENSG00000166949/ENSG00000150457/ENSG00000082701/ENSG00000144560/ENSG00000170558/ENSG00000058091/ENSG00000150764/ENSG00000018408/ENSG00000116729/ENSG00000127603/ENSG00000147257/ENSG00000167657",15
"GO:0030856","GO:0030856","regulation of epithelial cell differentiation","10/384","185/20772",0.00240242343531304,0.0428052260582078,0.0359495324636269,"ENSG00000080298/ENSG00000148516/ENSG00000125378/ENSG00000136451/ENSG00000134318/ENSG00000113648/ENSG00000018408/ENSG00000107485/ENSG00000168874/ENSG00000065970",10
"GO:0030575","GO:0030575","nuclear body organization","3/384","15/20772",0.00241764473767412,0.0428052260582078,0.0359495324636269,"ENSG00000143479/ENSG00000130956/ENSG00000064393",3
"GO:0032905","GO:0032905","transforming growth factor beta1 production","3/384","15/20772",0.00241764473767412,0.0428052260582078,0.0359495324636269,"ENSG00000006210/ENSG00000168542/ENSG00000137801",3
"GO:0071599","GO:0071599","otic vesicle development","3/384","15/20772",0.00241764473767412,0.0428052260582078,0.0359495324636269,"ENSG00000139219/ENSG00000107485/ENSG00000117707",3
"GO:1902043","GO:1902043","positive regulation of extrinsic apoptotic signaling pathway via death domain receptors","3/384","15/20772",0.00241764473767412,0.0428052260582078,0.0359495324636269,"ENSG00000138696/ENSG00000137801/ENSG00000162734",3
"GO:1904026","GO:1904026","regulation of collagen fibril organization","3/384","15/20772",0.00241764473767412,0.0428052260582078,0.0359495324636269,"ENSG00000172638/ENSG00000106624/ENSG00000139687",3
"GO:0008360","GO:0008360","regulation of cell shape","9/384","155/20772",0.00242043536148957,0.0428052260582078,0.0359495324636269,"ENSG00000197702/ENSG00000023902/ENSG00000100345/ENSG00000151491/ENSG00000138771/ENSG00000099864/ENSG00000196576/ENSG00000164741/ENSG00000167657",9
"GO:0071229","GO:0071229","cellular response to acid chemical","7/384","99/20772",0.00242376504198409,0.0428052260582078,0.0359495324636269,"ENSG00000148516/ENSG00000162909/ENSG00000146648/ENSG00000168542/ENSG00000204262/ENSG00000145431/ENSG00000113742",7
"GO:0002066","GO:0002066","columnar/cuboidal epithelial cell development","5/384","51/20772",0.00245913010218864,0.0430314170016802,0.0361394966202064,"ENSG00000134352/ENSG00000080298/ENSG00000125378/ENSG00000082701/ENSG00000170558",5
"GO:0030239","GO:0030239","myofibril assembly","6/384","74/20772",0.00246964832394988,0.0430314170016802,0.0361394966202064,"ENSG00000165410/ENSG00000148677/ENSG00000113721/ENSG00000108946/ENSG00000117707/ENSG00000159176",6
"GO:0030330","GO:0030330","DNA damage response, signal transduction by p53 class mediator","6/384","74/20772",0.00246964832394988,0.0430314170016802,0.0361394966202064,"ENSG00000143479/ENSG00000183255/ENSG00000148677/ENSG00000143499/ENSG00000111653/ENSG00000064393",6
"GO:0021953","GO:0021953","central nervous system neuron differentiation","10/384","186/20772",0.00249829982648641,0.0433371743234509,0.0363962837879704,"ENSG00000072415/ENSG00000004848/ENSG00000152377/ENSG00000145147/ENSG00000138696/ENSG00000162374/ENSG00000187323/ENSG00000117707/ENSG00000153266/ENSG00000170390",10
"GO:0010811","GO:0010811","positive regulation of cell-substrate adhesion","8/384","127/20772",0.00251988687341127,0.0435182233049743,0.0365483359282845,"ENSG00000142871/ENSG00000172638/ENSG00000166949/ENSG00000082701/ENSG00000111859/ENSG00000006210/ENSG00000132669/ENSG00000160963",8
"GO:0000302","GO:0000302","response to reactive oxygen species","11/384","218/20772",0.00254729154163199,0.0436056091534634,0.0366217260417452,"ENSG00000162909/ENSG00000171791/ENSG00000146648/ENSG00000094631/ENSG00000113721/ENSG00000151422/ENSG00000167601/ENSG00000133612/ENSG00000104695/ENSG00000184470/ENSG00000115694",11
"GO:0070302","GO:0070302","regulation of stress-activated protein kinase signaling cascade","11/384","218/20772",0.00254729154163199,0.0436056091534634,0.0366217260417452,"ENSG00000150593/ENSG00000118523/ENSG00000125378/ENSG00000137575/ENSG00000146648/ENSG00000101871/ENSG00000108861/ENSG00000150764/ENSG00000064393/ENSG00000131323/ENSG00000115694",11
"GO:0046777","GO:0046777","protein autophosphorylation","12/384","251/20772",0.00258642467847754,0.0440821638432221,0.0370219556367689,"ENSG00000119408/ENSG00000198873/ENSG00000146648/ENSG00000082701/ENSG00000113721/ENSG00000151422/ENSG00000113240/ENSG00000180370/ENSG00000145431/ENSG00000115694/ENSG00000167657/ENSG00000162889",12
"GO:0055002","GO:0055002","striated muscle cell development","6/384","75/20772",0.00264344358673999,0.0448580883436791,0.0376736079135393,"ENSG00000165410/ENSG00000148677/ENSG00000113721/ENSG00000108946/ENSG00000117707/ENSG00000159176",6
"GO:0040013","GO:0040013","negative regulation of locomotion","18/384","464/20772",0.0026668718302979,0.0450597435223062,0.0378429659582943,"ENSG00000173482/ENSG00000071246/ENSG00000125378/ENSG00000171791/ENSG00000111859/ENSG00000091039/ENSG00000006210/ENSG00000094631/ENSG00000145147/ENSG00000108861/ENSG00000075223/ENSG00000168542/ENSG00000137801/ENSG00000107485/ENSG00000169057/ENSG00000164741/ENSG00000185551/ENSG00000140526",18
"GO:0030501","GO:0030501","positive regulation of bone mineralization","5/384","52/20772",0.00268018765053238,0.0450895362070168,0.0378679870406436,"ENSG00000142871/ENSG00000125378/ENSG00000166949/ENSG00000138696/ENSG00000138829",5
"GO:0001656","GO:0001656","metanephros development","7/384","101/20772",0.00271405341872234,0.0454633068380828,0.0381818944924389,"ENSG00000125378/ENSG00000171791/ENSG00000113721/ENSG00000018408/ENSG00000166147/ENSG00000107485/ENSG00000147257",7
"GO:0003309","GO:0003309","type B pancreatic cell differentiation","4/384","32/20772",0.00274593707308767,0.0458008222062444,0.0384653533315115,"ENSG00000080298/ENSG00000125378/ENSG00000082701/ENSG00000170558",4
"GO:0007596","GO:0007596","blood coagulation","12/384","254/20772",0.00284938848025661,0.0471235730442438,0.0395762521298799,"ENSG00000134352/ENSG00000203618/ENSG00000138722/ENSG00000167601/ENSG00000100345/ENSG00000168542/ENSG00000137801/ENSG00000137076/ENSG00000085063/ENSG00000184500/ENSG00000159176/ENSG00000087460",12
"GO:0060348","GO:0060348","bone development","12/384","254/20772",0.00284938848025661,0.0471235730442438,0.0395762521298799,"ENSG00000171456/ENSG00000139219/ENSG00000125378/ENSG00000203618/ENSG00000109906/ENSG00000138696/ENSG00000169231/ENSG00000168542/ENSG00000166147/ENSG00000117385/ENSG00000145431/ENSG00000087460",12
"GO:0031110","GO:0031110","regulation of microtubule polymerization or depolymerization","7/384","102/20772",0.00286884251616671,0.0472451153611758,0.039678328204944,"ENSG00000185340/ENSG00000101871/ENSG00000130779/ENSG00000094631/ENSG00000182628/ENSG00000169057/ENSG00000166963",7
"GO:0071901","GO:0071901","negative regulation of protein serine/threonine kinase activity","8/384","130/20772",0.00291183589546513,0.0473370966779191,0.0397555777755411,"ENSG00000150593/ENSG00000125378/ENSG00000150457/ENSG00000108946/ENSG00000114166/ENSG00000113648/ENSG00000139687/ENSG00000185551",8
"GO:0060841","GO:0060841","venous blood vessel development","3/384","16/20772",0.00293506979145694,0.0473370966779191,0.0397555777755411,"ENSG00000075223/ENSG00000125266/ENSG00000117707",3
"GO:0072148","GO:0072148","epithelial cell fate commitment","3/384","16/20772",0.00293506979145694,0.0473370966779191,0.0397555777755411,"ENSG00000004848/ENSG00000117707/ENSG00000185551",3
"GO:1905208","GO:1905208","negative regulation of cardiocyte differentiation","3/384","16/20772",0.00293506979145694,0.0473370966779191,0.0397555777755411,"ENSG00000110693/ENSG00000146648/ENSG00000166225",3
"GO:2000637","GO:2000637","positive regulation of miRNA-mediated gene silencing","3/384","16/20772",0.00293506979145694,0.0473370966779191,0.0397555777755411,"ENSG00000129474/ENSG00000125378/ENSG00000142279",3
"GO:0001666","GO:0001666","response to hypoxia","14/384","324/20772",0.00299404054614225,0.0480894660559391,0.0403874475230104,"ENSG00000129474/ENSG00000162909/ENSG00000153904/ENSG00000171791/ENSG00000166949/ENSG00000142279/ENSG00000172379/ENSG00000134318/ENSG00000069702/ENSG00000137801/ENSG00000127483/ENSG00000173511/ENSG00000169057/ENSG00000064393",14
"GO:0001657","GO:0001657","ureteric bud development","7/384","103/20772",0.00303030628499066,0.0484724812717973,0.0407091189450428,"ENSG00000125378/ENSG00000171791/ENSG00000166949/ENSG00000145147/ENSG00000153936/ENSG00000107485/ENSG00000147257",7
"GO:0090288","GO:0090288","negative regulation of cellular response to growth factor stimulus","8/384","131/20772",0.00305252789922236,0.0486286383292444,0.0408402658568354,"ENSG00000105767/ENSG00000150938/ENSG00000145147/ENSG00000166147/ENSG00000137801/ENSG00000107485/ENSG00000081479/ENSG00000064393",8
"GO:0001701","GO:0001701","in utero embryonic development","17/384","433/20772",0.00306850779443925,0.048684495616652,0.0408871770298837,"ENSG00000071246/ENSG00000142871/ENSG00000162909/ENSG00000168283/ENSG00000146648/ENSG00000184557/ENSG00000166949/ENSG00000150457/ENSG00000172379/ENSG00000100345/ENSG00000168542/ENSG00000124181/ENSG00000107485/ENSG00000101489/ENSG00000185551/ENSG00000156531/ENSG00000205084",17
"GO:0072006","GO:0072006","nephron development","9/384","161/20772",0.00312296858100546,0.0493479610188838,0.0414443816801662,"ENSG00000171456/ENSG00000125378/ENSG00000171791/ENSG00000138792/ENSG00000113721/ENSG00000018408/ENSG00000153936/ENSG00000107485/ENSG00000147257",9
"GO:0010927","GO:0010927","cellular component assembly involved in morphogenesis","8/384","132/20772",0.00319845464568937,0.0499370155323741,0.0419390931045789,"ENSG00000072415/ENSG00000165410/ENSG00000130202/ENSG00000148677/ENSG00000113721/ENSG00000108946/ENSG00000117707/ENSG00000159176",8
"GO:0072163","GO:0072163","mesonephric epithelium development","7/384","104/20772",0.00319863025444364,0.0499370155323741,0.0419390931045789,"ENSG00000125378/ENSG00000171791/ENSG00000166949/ENSG00000145147/ENSG00000153936/ENSG00000107485/ENSG00000147257",7
"GO:0072164","GO:0072164","mesonephric tubule development","7/384","104/20772",0.00319863025444364,0.0499370155323741,0.0419390931045789,"ENSG00000125378/ENSG00000171791/ENSG00000166949/ENSG00000145147/ENSG00000153936/ENSG00000107485/ENSG00000147257",7
