genes,cluster,symbol
ENSG00000000003,1,TSPAN6
ENSG00000006042,1,TMEM98
ENSG00000007968,1,E2F2
ENSG00000008226,1,DLEC1
ENSG00000009844,1,VTA1
ENSG00000011009,1,LYPLA2
ENSG00000026297,1,RNASET2
ENSG00000028528,1,SNX1
ENSG00000031823,1,RANBP3
ENSG00000044524,1,EPHA3
ENSG00000046653,1,GPM6B
ENSG00000050165,1,DKK3
ENSG00000058668,1,ATP2B4
ENSG00000059691,1,GATB
ENSG00000064270,1,ATP2C2
ENSG00000068078,1,FGFR3
ENSG00000069667,1,RORA
ENSG00000072133,1,RPS6KA6
ENSG00000075043,1,KCNQ2
ENSG00000075275,1,CELSR1
ENSG00000077274,1,CAPN6
ENSG00000077279,1,DCX
ENSG00000077616,1,NAALAD2
ENSG00000077942,1,FBLN1
ENSG00000079308,1,TNS1
ENSG00000080644,1,CHRNA3
ENSG00000087495,1,PHACTR3
ENSG00000088280,1,ASAP3
ENSG00000088727,1,KIF9
ENSG00000090581,1,GNPTG
ENSG00000090932,1,DLL3
ENSG00000092850,1,TEKT2
ENSG00000099338,1,CATSPERG
ENSG00000100105,1,PATZ1
ENSG00000100427,1,MLC1
ENSG00000100664,1,EIF5
ENSG00000100767,1,PAPLN
ENSG00000101220,1,ADISSP
ENSG00000101463,1,SYNDIG1
ENSG00000101665,1,SMAD7
ENSG00000101856,1,PGRMC1
ENSG00000101986,1,ABCD1
ENSG00000102119,1,EMD
ENSG00000103042,1,SLC38A7
ENSG00000103160,1,HSDL1
ENSG00000103449,1,SALL1
ENSG00000104112,1,SCG3
ENSG00000104332,1,SFRP1
ENSG00000105258,1,POLR2I
ENSG00000106123,1,EPHB6
ENSG00000106125,1,MINDY4
ENSG00000106236,1,NPTX2
ENSG00000107338,1,SHB
ENSG00000107949,1,BCCIP
ENSG00000108175,1,ZMIZ1
ENSG00000109762,1,SNX25
ENSG00000109790,1,KLHL5
ENSG00000111087,1,GLI1
ENSG00000111679,1,PTPN6
ENSG00000111728,1,ST8SIA1
ENSG00000112531,1,QKI
ENSG00000112539,1,C6orf118
ENSG00000112562,1,SMOC2
ENSG00000113319,1,RASGRF2
ENSG00000113327,1,GABRG2
ENSG00000113522,1,RAD50
ENSG00000113719,1,ERGIC1
ENSG00000114670,1,NEK11
ENSG00000114739,1,ACVR2B
ENSG00000115310,1,RTN4
ENSG00000115468,1,EFHD1
ENSG00000117425,1,PTCH2
ENSG00000118495,1,PLAGL1
ENSG00000118729,1,CASQ2
ENSG00000119630,1,PGF
ENSG00000120051,1,CFAP58
ENSG00000120669,1,SOHLH2
ENSG00000121005,1,CRISPLD1
ENSG00000121310,1,ECHDC2
ENSG00000121440,1,PDZRN3
ENSG00000121966,1,CXCR4
ENSG00000122042,1,UBL3
ENSG00000124126,1,PREX1
ENSG00000124193,1,SRSF6
ENSG00000124493,1,GRM4
ENSG00000124920,1,MYRF
ENSG00000125257,1,ABCC4
ENSG00000125798,1,FOXA2
ENSG00000125804,1,FAM182A
ENSG00000125820,1,NKX2-2
ENSG00000126088,1,UROD
ENSG00000126775,1,ATG14
ENSG00000126950,1,TMEM35A
ENSG00000127054,1,INTS11
ENSG00000127084,1,FGD3
ENSG00000127334,1,DYRK2
ENSG00000128567,1,PODXL
ENSG00000128872,1,TMOD2
ENSG00000129038,1,LOXL1
ENSG00000129167,1,TPH1
ENSG00000129675,1,ARHGEF6
ENSG00000129910,1,CDH15
ENSG00000130558,1,OLFM1
ENSG00000131019,1,ULBP3
ENSG00000131477,1,RAMP2
ENSG00000131773,1,KHDRBS3
ENSG00000131914,1,LIN28A
ENSG00000132016,1,BRME1
ENSG00000132321,1,IQCA1
ENSG00000132669,1,RIN2
ENSG00000132688,1,NES
ENSG00000133030,1,MPRIP
ENSG00000133863,1,TEX15
ENSG00000134115,1,CNTN6
ENSG00000134376,1,CRB1
ENSG00000134569,1,LRP4
ENSG00000134982,1,APC
ENSG00000135090,1,TAOK3
ENSG00000135637,1,CCDC142
ENSG00000135916,1,ITM2C
ENSG00000136014,1,USP44
ENSG00000136044,1,APPL2
ENSG00000136104,1,RNASEH2B
ENSG00000136197,1,C7orf25
ENSG00000136327,1,NKX2-8
ENSG00000136352,1,NKX2-1
ENSG00000136720,1,HS6ST1
ENSG00000138134,1,STAMBPL1
ENSG00000138385,1,SSB
ENSG00000138400,1,MDH1B
ENSG00000138606,1,SHF
ENSG00000138944,1,SHISAL1
ENSG00000139352,1,ASCL1
ENSG00000139910,1,NOVA1
ENSG00000140474,1,ULK3
ENSG00000140538,1,NTRK3
ENSG00000140807,1,NKD1
ENSG00000140950,1,MEAK7
ENSG00000141012,1,GALNS
ENSG00000141179,1,PCTP
ENSG00000141622,1,ARK2C
ENSG00000141744,1,PNMT
ENSG00000142549,1,IGLON5
ENSG00000143126,1,CELSR2
ENSG00000143570,1,SLC39A1
ENSG00000144040,1,SFXN5
ENSG00000144476,1,ACKR3
ENSG00000144579,1,CTDSP1
ENSG00000145022,1,TCTA
ENSG00000145029,1,NICN1
ENSG00000146278,1,PNRC1
ENSG00000147853,1,AK3
ENSG00000148814,1,LRRC27
ENSG00000149294,1,NCAM1
ENSG00000149451,1,ADAM33
ENSG00000150636,1,CCDC102B
ENSG00000150760,1,DOCK1
ENSG00000150764,1,DIXDC1
ENSG00000150776,1,NKAPD1
ENSG00000153551,1,CMTM7
ENSG00000153789,1,CIBAR2
ENSG00000153904,1,DDAH1
ENSG00000154027,1,AK5
ENSG00000154760,1,SLFN13
ENSG00000155966,1,AFF2
ENSG00000156395,1,SORCS3
ENSG00000157404,1,KIT
ENSG00000157637,1,SLC38A10
ENSG00000158201,1,ABHD3
ENSG00000158887,1,MPZ
ENSG00000159403,1,C1R
ENSG00000160111,1,CPAMD8
ENSG00000160179,1,ABCG1
ENSG00000160233,1,LRRC3
ENSG00000160345,1,PIERCE1
ENSG00000162105,1,SHANK2
ENSG00000162496,1,DHRS3
ENSG00000162552,1,WNT4
ENSG00000162976,1,SLC66A3
ENSG00000162998,1,FRZB
ENSG00000163171,1,CDC42EP3
ENSG00000163377,1,TAFA4
ENSG00000163453,1,IGFBP7
ENSG00000163482,1,STK36
ENSG00000163531,1,NFASC
ENSG00000163617,1,CCDC191
ENSG00000163873,1,GRIK3
ENSG00000164690,1,SHH
ENSG00000164850,1,GPER1
ENSG00000165029,1,ABCA1
ENSG00000165661,1,QSOX2
ENSG00000165795,1,NDRG2
ENSG00000166171,1,DPCD
ENSG00000166265,1,CYYR1
ENSG00000166450,1,PRTG
ENSG00000166573,1,GALR1
ENSG00000167107,1,ACSF2
ENSG00000167552,1,TUBA1A
ENSG00000168487,1,BMP1
ENSG00000169062,1,UPF3A
ENSG00000169251,1,NMD3
ENSG00000169946,1,ZFPM2
ENSG00000170153,1,RNF150
ENSG00000170264,1,FAM161A
ENSG00000170989,1,S1PR1
ENSG00000171596,1,NMUR1
ENSG00000171812,1,COL8A2
ENSG00000172159,1,FRMD3
ENSG00000173320,1,STOX2
ENSG00000173548,1,SNX33
ENSG00000174498,1,IGDCC3
ENSG00000175611,1,ERCC6L2-AS1
ENSG00000176092,1,CRYBG2
ENSG00000176293,1,ZNF135
ENSG00000176396,1,EID2
ENSG00000177640,1,CASC2
ENSG00000177732,1,SOX12
ENSG00000178927,1,CYBC1
ENSG00000179546,1,HTR1D
ENSG00000180264,1,ADGRD2
ENSG00000180425,1,C11orf71
ENSG00000182175,1,RGMA
ENSG00000182870,1,GALNT9
ENSG00000183715,1,OPCML
ENSG00000185090,1,MANEAL
ENSG00000185189,1,NRBP2
ENSG00000185608,1,MRPL40
ENSG00000185875,1,THNSL1
ENSG00000185920,1,PTCH1
ENSG00000186350,1,RXRA
ENSG00000186665,1,C17orf58
ENSG00000186732,1,MPPED1
ENSG00000187122,1,SLIT1
ENSG00000187123,1,LYPD6
ENSG00000187650,1,VMAC
ENSG00000187736,1,NHEJ1
ENSG00000188070,1,ZFTA
ENSG00000188162,1,OTOG
ENSG00000189266,1,PNRC2
ENSG00000189431,1,RASSF10
ENSG00000197045,1,GMFB
ENSG00000198142,1,SOWAHC
ENSG00000198729,1,PPP1R14C
ENSG00000203685,1,STUM
ENSG00000203880,1,PCMTD2
ENSG00000204070,1,SYS1
ENSG00000204217,1,BMPR2
ENSG00000204947,1,ZNF425
ENSG00000204950,1,LRRC10B
ENSG00000215397,1,SCRT2
ENSG00000219626,1,FAM228B
ENSG00000223561,1,LINC03007
ENSG00000223658,1,C1GALT1C1L
ENSG00000224165,1,DNAJC27-AS1
ENSG00000227051,1,C14orf132
ENSG00000232104,1,RFX3-DT
ENSG00000234616,1,JRK
ENSG00000235098,1,ANKRD65
ENSG00000239697,1,TNFSF12
ENSG00000240694,1,PNMA2
ENSG00000240739,1,RPS20P28
ENSG00000245556,1,SCAMP1-AS1
ENSG00000245849,1,RAD51-AS1
ENSG00000248008,1,NRAV
ENSG00000248329,1,APELA
ENSG00000250846,1,EPHA5-AS1
ENSG00000253563,1,NKX2-1-AS1
ENSG00000259129,1,LINC00648
ENSG00000259426,1,KIF23-AS1
ENSG00000259974,1,LINC00261
ENSG00000260807,1,CEROX1
ENSG00000262655,1,SPON1
ENSG00000266074,1,BAHCC1
ENSG00000269386,1,RAB11B-AS1
ENSG00000270049,1,ATP6V0D1-DT
ENSG00000271122,1,HERPUD2-AS1
ENSG00000271824,1,SMIM32
ENSG00000272398,1,CD24
ENSG00000001617,2,SEMA3F
ENSG00000005156,2,LIG3
ENSG00000006634,2,DBF4
ENSG00000007372,2,PAX6
ENSG00000007944,2,MYLIP
ENSG00000009413,2,REV3L
ENSG00000010610,2,CD4
ENSG00000013810,2,TACC3
ENSG00000018625,2,ATP1A2
ENSG00000023608,2,SNAPC1
ENSG00000029534,2,ANK1
ENSG00000034510,2,TMSB10
ENSG00000035403,2,VCL
ENSG00000041982,2,TNC
ENSG00000043355,2,ZIC2
ENSG00000047662,2,FAM184B
ENSG00000050405,2,LIMA1
ENSG00000051108,2,HERPUD1
ENSG00000054267,2,ARID4B
ENSG00000058262,2,SEC61A1
ENSG00000060138,2,YBX3
ENSG00000060718,2,COL11A1
ENSG00000060982,2,BCAT1
ENSG00000061918,2,GUCY1B1
ENSG00000064309,2,CDON
ENSG00000065534,2,MYLK
ENSG00000067057,2,PFKP
ENSG00000067064,2,IDI1
ENSG00000068323,2,TFE3
ENSG00000068366,2,ACSL4
ENSG00000068489,2,PRR11
ENSG00000069849,2,ATP1B3
ENSG00000069966,2,GNB5
ENSG00000070961,2,ATP2B1
ENSG00000073067,2,CYP2W1
ENSG00000073712,2,FERMT2
ENSG00000074047,2,GLI2
ENSG00000075426,2,FOSL2
ENSG00000077150,2,NFKB2
ENSG00000078053,2,AMPH
ENSG00000078114,2,NEBL
ENSG00000078687,2,TNRC6C
ENSG00000079156,2,OSBPL6
ENSG00000079459,2,FDFT1
ENSG00000080166,2,DCT
ENSG00000080561,2,MID2
ENSG00000082497,2,SERTAD4
ENSG00000084234,2,APLP2
ENSG00000085117,2,CD82
ENSG00000086062,2,B4GALT1
ENSG00000087263,2,OGFOD1
ENSG00000089351,2,GRAMD1A
ENSG00000090006,2,LTBP4
ENSG00000090530,2,P3H2
ENSG00000090861,2,AARS1
ENSG00000091527,2,CDV3
ENSG00000091844,2,RGS17
ENSG00000092068,2,SLC7A8
ENSG00000092108,2,SCFD1
ENSG00000092140,2,G2E3
ENSG00000096696,2,DSP
ENSG00000099139,2,PCSK5
ENSG00000100078,2,PLA2G3
ENSG00000100097,2,LGALS1
ENSG00000100191,2,SLC5A4
ENSG00000100219,2,XBP1
ENSG00000100276,2,RASL10A
ENSG00000100504,2,PYGL
ENSG00000100522,2,GNPNAT1
ENSG00000100625,2,SIX4
ENSG00000100934,2,SEC23A
ENSG00000100991,2,TRPC4AP
ENSG00000101255,2,TRIB3
ENSG00000101384,2,JAG1
ENSG00000101825,2,MXRA5
ENSG00000101843,2,PSMD10
ENSG00000101955,2,SRPX
ENSG00000102290,2,PCDH11X
ENSG00000102401,2,ARMCX3
ENSG00000102547,2,CAB39L
ENSG00000102554,2,KLF5
ENSG00000103154,2,NECAB2
ENSG00000103460,2,TOX3
ENSG00000103966,2,EHD4
ENSG00000103994,2,ZNF106
ENSG00000103995,2,CEP152
ENSG00000104267,2,CA2
ENSG00000104290,2,FZD3
ENSG00000104490,2,NCALD
ENSG00000105281,2,SLC1A5
ENSG00000105327,2,BBC3
ENSG00000105376,2,ICAM5
ENSG00000105668,2,UPK1A
ENSG00000105825,2,TFPI2
ENSG00000105829,2,BET1
ENSG00000105939,2,ZC3HAV1
ENSG00000106049,2,HIBADH
ENSG00000106211,2,HSPB1
ENSG00000106571,2,GLI3
ENSG00000106689,2,LHX2
ENSG00000106772,2,PRUNE2
ENSG00000107679,2,PLEKHA1
ENSG00000107929,2,LARP4B
ENSG00000108018,2,SORCS1
ENSG00000108091,2,CCDC6
ENSG00000108106,2,UBE2S
ENSG00000108828,2,VAT1
ENSG00000109107,2,ALDOC
ENSG00000109436,2,TBC1D9
ENSG00000109670,2,FBXW7
ENSG00000109758,2,HGFAC
ENSG00000109819,2,PPARGC1A
ENSG00000109911,2,ELP4
ENSG00000110148,2,CCKBR
ENSG00000110723,2,EXPH5
ENSG00000110841,2,PPFIBP1
ENSG00000111011,2,RSRC2
ENSG00000111186,2,WNT5B
ENSG00000111261,2,MANSC1
ENSG00000111678,2,C12orf57
ENSG00000111846,2,GCNT2
ENSG00000112320,2,SOBP
ENSG00000112378,2,PERP
ENSG00000112406,2,HECA
ENSG00000112658,2,SRF
ENSG00000112773,2,TENT5A
ENSG00000112893,2,MAN2A1
ENSG00000112941,2,TENT4A
ENSG00000112977,2,DAP
ENSG00000112984,2,KIF20A
ENSG00000113448,2,PDE4D
ENSG00000114346,2,ECT2
ENSG00000115163,2,CENPA
ENSG00000115474,2,KCNJ13
ENSG00000115738,2,ID2
ENSG00000115806,2,GORASP2
ENSG00000115884,2,SDC1
ENSG00000116035,2,VAX2
ENSG00000116039,2,ATP6V1B1
ENSG00000116106,2,EPHA4
ENSG00000116574,2,RHOU
ENSG00000116667,2,C1orf21
ENSG00000116717,2,GADD45A
ENSG00000116761,2,CTH
ENSG00000117322,2,CR2
ENSG00000117519,2,CNN3
ENSG00000117592,2,PRDX6
ENSG00000117650,2,NEK2
ENSG00000118263,2,KLF7
ENSG00000118473,2,SGIP1
ENSG00000118689,2,FOXO3
ENSG00000119138,2,KLF9
ENSG00000119777,2,TMEM214
ENSG00000119787,2,ATL2
ENSG00000119862,2,LGALSL
ENSG00000119899,2,SLC17A5
ENSG00000119953,2,SMNDC1
ENSG00000120129,2,DUSP1
ENSG00000120539,2,MASTL
ENSG00000120675,2,DNAJC15
ENSG00000120756,2,PLS1
ENSG00000120875,2,DUSP4
ENSG00000121903,2,ZSCAN20
ENSG00000123095,2,BHLHE41
ENSG00000123240,2,OPTN
ENSG00000123485,2,HJURP
ENSG00000124067,2,SLC12A4
ENSG00000124370,2,MCEE
ENSG00000125430,2,HS3ST3B1
ENSG00000125844,2,RRBP1
ENSG00000125869,2,LAMP5
ENSG00000125952,2,MAX
ENSG00000125968,2,ID1
ENSG00000126461,2,SCAF1
ENSG00000126947,2,ARMCX1
ENSG00000127914,2,AKAP9
ENSG00000127920,2,GNG11
ENSG00000127922,2,SEM1
ENSG00000127990,2,SGCE
ENSG00000128016,2,ZFP36
ENSG00000128283,2,CDC42EP1
ENSG00000128422,2,KRT17
ENSG00000128564,2,VGF
ENSG00000128610,2,FEZF1
ENSG00000129116,2,PALLD
ENSG00000130164,2,LDLR
ENSG00000130340,2,SNX9
ENSG00000130513,2,GDF15
ENSG00000130540,2,SULT4A1
ENSG00000130725,2,UBE2M
ENSG00000131069,2,ACSS2
ENSG00000131080,2,EDA2R
ENSG00000131263,2,RLIM
ENSG00000131375,2,CAPN7
ENSG00000131668,2,BARX1
ENSG00000131981,2,LGALS3
ENSG00000132196,2,HSD17B7
ENSG00000132680,2,KHDC4
ENSG00000133124,2,IRS4
ENSG00000133884,2,DPF2
ENSG00000134013,2,LOXL2
ENSG00000134138,2,MEIS2
ENSG00000134222,2,PSRC1
ENSG00000134250,2,NOTCH2
ENSG00000134259,2,NGF
ENSG00000134369,2,NAV1
ENSG00000135045,2,C9orf40
ENSG00000135248,2,GARIN1B
ENSG00000135406,2,PRPH
ENSG00000135862,2,LAMC1
ENSG00000136193,2,SCRN1
ENSG00000136826,2,KLF4
ENSG00000137094,2,DNAJB5
ENSG00000137628,2,DDX60
ENSG00000137802,2,MAPKBP1
ENSG00000137818,2,RPLP1
ENSG00000137962,2,ARHGAP29
ENSG00000138069,2,RAB1A
ENSG00000138166,2,DUSP5
ENSG00000138495,2,COX17
ENSG00000138650,2,PCDH10
ENSG00000138658,2,ZGRF1
ENSG00000138670,2,RASGEF1B
ENSG00000138685,2,FGF2
ENSG00000138709,2,LARP1B
ENSG00000138768,2,USO1
ENSG00000138771,2,SHROOM3
ENSG00000138772,2,ANXA3
ENSG00000138798,2,EGF
ENSG00000138829,2,FBN2
ENSG00000139174,2,PRICKLE1
ENSG00000139289,2,PHLDA1
ENSG00000139364,2,TMEM132B
ENSG00000139438,2,FAM222A
ENSG00000139679,2,LPAR6
ENSG00000139800,2,ZIC5
ENSG00000140105,2,WARS1
ENSG00000140416,2,TPM1
ENSG00000140534,2,TICRR
ENSG00000140743,2,CDR2
ENSG00000140937,2,CDH11
ENSG00000141441,2,GAREM1
ENSG00000141458,2,NPC1
ENSG00000142089,2,IFITM3
ENSG00000142611,2,PRDM16
ENSG00000143013,2,LMO4
ENSG00000143333,2,RGS16
ENSG00000144331,2,ZNF385B
ENSG00000144369,2,FAM171B
ENSG00000144481,2,TRPM8
ENSG00000144566,2,RAB5A
ENSG00000144724,2,PTPRG
ENSG00000144749,2,LRIG1
ENSG00000144857,2,BOC
ENSG00000144893,2,MED12L
ENSG00000145012,2,LPP
ENSG00000145365,2,TIFA
ENSG00000145391,2,SETD7
ENSG00000145626,2,UGT3A1
ENSG00000145632,2,PLK2
ENSG00000145824,2,CXCL14
ENSG00000146242,2,TPBG
ENSG00000146411,2,SLC2A12
ENSG00000146592,2,CREB5
ENSG00000147065,2,MSN
ENSG00000147454,2,SLC25A37
ENSG00000148248,2,SURF4
ENSG00000148700,2,ADD3
ENSG00000148704,2,VAX1
ENSG00000149090,2,PAMR1
ENSG00000149571,2,KIRREL3
ENSG00000150687,2,PRSS23
ENSG00000150991,2,UBC
ENSG00000151233,2,GXYLT1
ENSG00000151376,2,ME3
ENSG00000151474,2,FRMD4A
ENSG00000152104,2,PTPN14
ENSG00000152213,2,ARL11
ENSG00000152219,2,ARL14EP
ENSG00000152413,2,HOMER1
ENSG00000152518,2,ZFP36L2
ENSG00000152661,2,GJA1
ENSG00000152931,2,PART1
ENSG00000152977,2,ZIC1
ENSG00000153093,2,ACOXL
ENSG00000153094,2,BCL2L11
ENSG00000153208,2,MERTK
ENSG00000153404,2,PLEKHG4B
ENSG00000153879,2,CEBPG
ENSG00000153898,2,MCOLN2
ENSG00000154447,2,SH3RF1
ENSG00000154553,2,PDLIM3
ENSG00000154640,2,BTG3
ENSG00000155254,2,MARVELD1
ENSG00000155511,2,GRIA1
ENSG00000155903,2,RASA2
ENSG00000156232,2,WHAMM
ENSG00000156299,2,TIAM1
ENSG00000156675,2,RAB11FIP1
ENSG00000156687,2,UNC5D
ENSG00000156925,2,ZIC3
ENSG00000157077,2,ZFYVE9
ENSG00000157168,2,NRG1
ENSG00000157654,2,PALM2AKAP2
ENSG00000158079,2,PTPDC1
ENSG00000158163,2,DZIP1L
ENSG00000158246,2,TENT5B
ENSG00000158290,2,CUL4B
ENSG00000158402,2,CDC25C
ENSG00000158711,2,ELK4
ENSG00000158792,2,SPATA2L
ENSG00000158966,2,CACHD1
ENSG00000159388,2,BTG2
ENSG00000159479,2,MED8
ENSG00000159921,2,GNE
ENSG00000160888,2,IER2
ENSG00000162300,2,ZFPL1
ENSG00000162783,2,IER5
ENSG00000163071,2,SPATA18
ENSG00000163249,2,CCNYL1
ENSG00000163510,2,CWC22
ENSG00000163545,2,NUAK2
ENSG00000163635,2,ATXN7
ENSG00000163811,2,WDR43
ENSG00000164040,2,PGRMC2
ENSG00000164056,2,SPRY1
ENSG00000164109,2,MAD2L1
ENSG00000164111,2,ANXA5
ENSG00000164244,2,PRRC1
ENSG00000164294,2,GPX8
ENSG00000164307,2,ERAP1
ENSG00000164611,2,PTTG1
ENSG00000164649,2,CDCA7L
ENSG00000164651,2,SP8
ENSG00000164659,2,ELAPOR2
ENSG00000164879,2,CA3
ENSG00000164929,2,BAALC
ENSG00000164951,2,PDP1
ENSG00000165215,2,CLDN3
ENSG00000165588,2,OTX2
ENSG00000166002,2,SMCO4
ENSG00000166037,2,CEP57
ENSG00000166343,2,MSS51
ENSG00000166407,2,LMO1
ENSG00000166579,2,NDEL1
ENSG00000166848,2,TERF2IP
ENSG00000167110,2,GOLGA2
ENSG00000167434,2,CA4
ENSG00000167460,2,TPM4
ENSG00000167654,2,ATCAY
ENSG00000167657,2,DAPK3
ENSG00000167680,2,SEMA6B
ENSG00000167904,2,TMEM68
ENSG00000168003,2,SLC3A2
ENSG00000168209,2,DDIT4
ENSG00000168679,2,SLC16A4
ENSG00000168710,2,AHCYL1
ENSG00000168811,2,IL12A
ENSG00000168874,2,ATOH8
ENSG00000168961,2,LGALS9
ENSG00000169760,2,NLGN1
ENSG00000170275,2,CRTAP
ENSG00000170340,2,B3GNT2
ENSG00000170734,2,POLH
ENSG00000170743,2,SYT9
ENSG00000170893,2,TRH
ENSG00000171004,2,HS6ST2
ENSG00000171223,2,JUNB
ENSG00000171488,2,LRRC8C
ENSG00000171617,2,ENC1
ENSG00000171724,2,VAT1L
ENSG00000172007,2,RAB33B
ENSG00000172020,2,GAP43
ENSG00000172037,2,LAMB2
ENSG00000172175,2,MALT1
ENSG00000172318,2,B3GALT1
ENSG00000172893,2,DHCR7
ENSG00000172965,2,MIR4435-2HG
ENSG00000172986,2,GXYLT2
ENSG00000172987,2,HPSE2
ENSG00000173065,2,FAM222B
ENSG00000173110,2,HSPA6
ENSG00000173258,2,ZNF483
ENSG00000173334,2,TRIB1
ENSG00000173535,2,TNFRSF10C
ENSG00000173812,2,EIF1
ENSG00000173890,2,GPR160
ENSG00000175197,2,DDIT3
ENSG00000175550,2,DRAP1
ENSG00000175868,2,CALCB
ENSG00000176165,2,FOXG1
ENSG00000176208,2,ATAD5
ENSG00000176407,2,KCMF1
ENSG00000177182,2,CLVS1
ENSG00000177311,2,ZBTB38
ENSG00000177951,2,BET1L
ENSG00000178585,2,CTNNBIP1
ENSG00000179431,2,FJX1
ENSG00000179889,2,PDXDC1
ENSG00000180209,2,MYL11
ENSG00000180447,2,GAS1
ENSG00000180764,2,PIPSL
ENSG00000180884,2,ZNF792
ENSG00000181019,2,NQO1
ENSG00000181026,2,AEN
ENSG00000181449,2,SOX2
ENSG00000181634,2,TNFSF15
ENSG00000182118,2,FAM89A
ENSG00000182158,2,CREB3L2
ENSG00000182287,2,AP1S2
ENSG00000182670,2,TTC3
ENSG00000182968,2,SOX1
ENSG00000183036,2,PCP4
ENSG00000183087,2,GAS6
ENSG00000183092,2,BEGAIN
ENSG00000183137,2,CEP57L1
ENSG00000183145,2,RIPPLY3
ENSG00000183273,2,CCDC60
ENSG00000183955,2,KMT5A
ENSG00000184226,2,PCDH9
ENSG00000184470,2,TXNRD2
ENSG00000184515,2,BEX5
ENSG00000184867,2,ARMCX2
ENSG00000184897,2,H1-10
ENSG00000185215,2,TNFAIP2
ENSG00000185615,2,PDIA2
ENSG00000185697,2,MYBL1
ENSG00000185950,2,IRS2
ENSG00000186166,2,CENATAC
ENSG00000186297,2,GABRA5
ENSG00000186480,2,INSIG1
ENSG00000186960,2,LINC01551
ENSG00000187094,2,CCK
ENSG00000188042,2,ARL4C
ENSG00000188211,2,NCR3LG1
ENSG00000188517,2,COL25A1
ENSG00000188582,2,PAQR9
ENSG00000189134,2,NKAPL
ENSG00000189184,2,PCDH18
ENSG00000196182,2,STK40
ENSG00000196376,2,SLC35F1
ENSG00000197063,2,MAFG
ENSG00000197217,2,ENTPD4
ENSG00000197406,2,DIO3
ENSG00000197555,2,SIPA1L1
ENSG00000197586,2,ENTPD6
ENSG00000197747,2,S100A10
ENSG00000197965,2,MPZL1
ENSG00000198087,2,CD2AP
ENSG00000198121,2,LPAR1
ENSG00000198355,2,PIM3
ENSG00000198363,2,ASPH
ENSG00000198478,2,SH3BGRL2
ENSG00000198732,2,SMOC1
ENSG00000198743,2,SLC5A3
ENSG00000198756,2,COLGALT2
ENSG00000198780,2,FAM169A
ENSG00000198795,2,ZNF521
ENSG00000198887,2,SMC5
ENSG00000198938,2,COX3
ENSG00000198947,2,DMD
ENSG00000203805,2,PLPP4
ENSG00000204899,2,MZT1
ENSG00000204954,2,UQCC6
ENSG00000205213,2,LGR4
ENSG00000205885,2,C1RL-AS1
ENSG00000210825,2,SNORA40
ENSG00000213753,2,CENPBD2P
ENSG00000214491,2,SEC14L6
ENSG00000214548,2,MEG3
ENSG00000214629,2,RPSAP6
ENSG00000218426,2,RPL27AP6
ENSG00000221963,2,APOL6
ENSG00000222041,2,CYTOR
ENSG00000224609,2,HSD52
ENSG00000225420,2,LOC101928371
ENSG00000226235,2,LEMD1-AS1
ENSG00000228213,2,NLGN1-AS1
ENSG00000228999,2,LOC124908056
ENSG00000230316,2,FEZF1-AS1
ENSG00000230453,2,ANKRD18B
ENSG00000233178,2,LOC105376070
ENSG00000234380,2,LINC01426
ENSG00000234546,2,LNCTAM34A
ENSG00000234779,2,BNC2-AS1
ENSG00000235001,2,EIF4A1P2
ENSG00000238372,2,LOC124902079
ENSG00000239884,2,RN7SL608P
ENSG00000241002,2,RPL32P13
ENSG00000241829,2,RPL21P54
ENSG00000243927,2,MRPS6
ENSG00000244247,2,LINC01995
ENSG00000245532,2,NEAT1
ENSG00000248746,2,ACTN3
ENSG00000253438,2,PCAT1
ENSG00000254656,2,RTL1
ENSG00000258498,2,DIO3OS
ENSG00000258920,2,FOXN3-AS1
ENSG00000264345,2,LINC01894
ENSG00000266524,2,GDF10
ENSG00000266709,2,MGC12916
ENSG00000272232,2,RN7SL726P
ENSG00000274286,2,ADRA2B
ENSG00000277586,2,NEFL
ENSG00000002834,3,LASP1
ENSG00000018236,3,CNTN1
ENSG00000025039,3,RRAGD
ENSG00000038002,3,AGA
ENSG00000040341,3,STAU2
ENSG00000057608,3,GDI2
ENSG00000081138,3,CDH7
ENSG00000083720,3,OXCT1
ENSG00000091164,3,TXNL1
ENSG00000092964,3,DPYSL2
ENSG00000101182,3,PSMA7
ENSG00000103005,3,USB1
ENSG00000106290,3,TAF6
ENSG00000106868,3,SUSD1
ENSG00000108960,3,MMD
ENSG00000109062,3,NHERF1
ENSG00000109854,3,HTATIP2
ENSG00000109991,3,P2RX3
ENSG00000110328,3,GALNT18
ENSG00000110583,3,NAA40
ENSG00000111799,3,COL12A1
ENSG00000112039,3,FANCE
ENSG00000113361,3,CDH6
ENSG00000114279,3,FGF12
ENSG00000116774,3,OLFML3
ENSG00000116962,3,NID1
ENSG00000120262,3,CCDC170
ENSG00000120696,3,KBTBD7
ENSG00000122417,3,ODF2L
ENSG00000123096,3,SSPN
ENSG00000123411,3,IKZF4
ENSG00000124092,3,CTCFL
ENSG00000124191,3,TOX2
ENSG00000124813,3,RUNX2
ENSG00000125843,3,AP5S1
ENSG00000126878,3,AIF1L
ENSG00000127445,3,PIN1
ENSG00000128000,3,ZNF780B
ENSG00000130287,3,NCAN
ENSG00000130700,3,GATA5
ENSG00000131848,3,ZSCAN5A
ENSG00000133056,3,PIK3C2B
ENSG00000135454,3,B4GALNT1
ENSG00000136485,3,DCAF7
ENSG00000136541,3,ERMN
ENSG00000136859,3,ANGPTL2
ENSG00000137124,3,ALDH1B1
ENSG00000137154,3,RPS6
ENSG00000137691,3,CFAP300
ENSG00000137700,3,SLC37A4
ENSG00000138029,3,HADHB
ENSG00000138823,3,MTTP
ENSG00000140287,3,HDC
ENSG00000140332,3,TLE3
ENSG00000140443,3,IGF1R
ENSG00000140931,3,CMTM3
ENSG00000142621,3,FHAD1
ENSG00000142634,3,EFHD2
ENSG00000143669,3,LYST
ENSG00000144852,3,NR1I2
ENSG00000146013,3,GFRA3
ENSG00000147642,3,SYBU
ENSG00000148175,3,STOM
ENSG00000148826,3,NKX6-2
ENSG00000149716,3,LTO1
ENSG00000149809,3,TM7SF2
ENSG00000151445,3,VIPAS39
ENSG00000151498,3,ACAD8
ENSG00000151502,3,VPS26B
ENSG00000152578,3,GRIA4
ENSG00000154153,3,RETREG1
ENSG00000156049,3,GNA14
ENSG00000157216,3,SSBP3
ENSG00000158716,3,DUSP23
ENSG00000160972,3,PPP1R16A
ENSG00000162344,3,FGF19
ENSG00000162438,3,CTRC
ENSG00000162576,3,MXRA8
ENSG00000162694,3,EXTL2
ENSG00000162738,3,VANGL2
ENSG00000164120,3,HPGD
ENSG00000164946,3,FREM1
ENSG00000165475,3,CRYL1
ENSG00000166492,3,FAM86GP
ENSG00000166578,3,IQCD
ENSG00000167272,3,POP5
ENSG00000168461,3,RAB31
ENSG00000168546,3,GFRA2
ENSG00000169604,3,ANTXR1
ENSG00000169891,3,REPS2
ENSG00000170006,3,TMEM154
ENSG00000170382,3,LRRN2
ENSG00000171956,3,FOXB1
ENSG00000172339,3,ALG14
ENSG00000173599,3,PC
ENSG00000173811,3,CCDC13-AS1
ENSG00000174080,3,CTSF
ENSG00000174684,3,B4GAT1
ENSG00000176371,3,ZSCAN2
ENSG00000176658,3,MYO1D
ENSG00000176788,3,BASP1
ENSG00000178796,3,RIIAD1
ENSG00000178966,3,RMI1
ENSG00000179057,3,IGSF22
ENSG00000180626,3,ZNF594
ENSG00000182272,3,B4GALNT4
ENSG00000182473,3,EXOC7
ENSG00000183935,3,HTR7P1
ENSG00000184209,3,SNRNP35
ENSG00000185585,3,OLFML2A
ENSG00000186197,3,EDARADD
ENSG00000186409,3,CCDC30
ENSG00000187955,3,COL14A1
ENSG00000188763,3,FZD9
ENSG00000196338,3,NLGN3
ENSG00000196542,3,SPTSSB
ENSG00000197128,3,ZNF772
ENSG00000197557,3,IFT70A
ENSG00000197872,3,CYRIA
ENSG00000198612,3,COPS8
ENSG00000198816,3,ZNF358
ENSG00000198894,3,CIPC
ENSG00000200257,3,RNU6-97P
ENSG00000203780,3,FANK1
ENSG00000203865,3,ATP1A1-AS1
ENSG00000204104,3,TRAF3IP1
ENSG00000213123,3,DYNLT2B
ENSG00000214872,3,SMTNL1
ENSG00000215644,3,GCGR
ENSG00000220744,3,RPL5P18
ENSG00000221946,3,FXYD7
ENSG00000223768,3,LINC00205
ENSG00000224775,3,BRAFP1
ENSG00000224877,3,NDUFAF8
ENSG00000225830,3,ERCC6
ENSG00000227036,3,LINC00511
ENSG00000227165,3,WDR11-DT
ENSG00000227337,3,RPL23AP43
ENSG00000228412,3,LNC-LBCS
ENSG00000228606,3,DCAF8-DT
ENSG00000229089,3,ANKRD20A8P
ENSG00000233621,3,ZC3H12A-DT
ENSG00000233723,3,LINC01122
ENSG00000234494,3,SP2-AS1
ENSG00000234912,3,SNHG20
ENSG00000239504,3,RN7SL583P
ENSG00000240392,3,RPL9P3
ENSG00000242193,3,CRYZL2P
ENSG00000242852,3,ZNF709
ENSG00000243709,3,LEFTY1
ENSG00000253958,3,CLDN23
ENSG00000257621,3,PSMA3-AS1
ENSG00000257727,3,CNPY2
ENSG00000260917,3,LOC103344931
ENSG00000261716,3,H2BC20P
ENSG00000264364,3,DYNLL2
ENSG00000274659,3,LOC124906976
ENSG00000287560,3,LOC124902532
ENSG00000287595,3,LOC124909396
ENSG00000287769,3,LOC124902204
ENSG00000004468,5,CD38
ENSG00000010292,5,NCAPD2
ENSG00000019995,5,ZRANB1
ENSG00000067182,5,TNFRSF1A
ENSG00000072571,5,HMMR
ENSG00000100867,5,DHRS2
ENSG00000103145,5,HCFC1R1
ENSG00000103942,5,HOMER2
ENSG00000106003,5,LFNG
ENSG00000110195,5,FOLR1
ENSG00000114315,5,HES1
ENSG00000115425,5,PECR
ENSG00000117868,5,ESYT2
ENSG00000120254,5,MTHFD1L
ENSG00000123560,5,PLP1
ENSG00000124172,5,ATP5F1E
ENSG00000124243,5,BCAS4
ENSG00000124641,5,MED20
ENSG00000125148,5,MT2A
ENSG00000125995,5,ROMO1
ENSG00000128039,5,SRD5A3
ENSG00000133027,5,PEMT
ENSG00000134490,5,TMEM241
ENSG00000136868,5,SLC31A1
ENSG00000138646,5,HERC5
ENSG00000138653,5,NDST4
ENSG00000142149,5,HUNK
ENSG00000142186,5,SCYL1
ENSG00000142227,5,EMP3
ENSG00000143768,5,LEFTY2
ENSG00000145642,5,SHISAL2B
ENSG00000153179,5,RASSF3
ENSG00000154645,5,CHODL
ENSG00000156928,5,MALSU1
ENSG00000160606,5,TLCD1
ENSG00000161638,5,ITGA5
ENSG00000161896,5,IP6K3
ENSG00000166452,5,AKIP1
ENSG00000169241,5,SLC50A1
ENSG00000170043,5,TRAPPC1
ENSG00000171148,5,TADA3
ENSG00000173376,5,NDNF
ENSG00000174010,5,KLHL15
ENSG00000177519,5,RPRM
ENSG00000179242,5,CDH4
ENSG00000180992,5,MRPL14
ENSG00000182492,5,BGN
ENSG00000183765,5,CHEK2
ENSG00000184349,5,EFNA5
ENSG00000184388,5,PABPC1L2B
ENSG00000196072,5,BLOC1S2
ENSG00000204904,5,LINC01545
ENSG00000236552,5,RPL13AP5
ENSG00000004838,6,ZMYND10
ENSG00000006715,6,VPS41
ENSG00000011028,6,MRC2
ENSG00000023902,6,PLEKHO1
ENSG00000032742,6,IFT88
ENSG00000034239,6,CLXN
ENSG00000040731,6,CDH10
ENSG00000050767,6,COL23A1
ENSG00000054690,6,PLEKHH1
ENSG00000058404,6,CAMK2B
ENSG00000065717,6,TLE2
ENSG00000078549,6,ADCYAP1R1
ENSG00000078795,6,PKD2L2
ENSG00000080709,6,KCNN2
ENSG00000081692,6,JMJD4
ENSG00000083838,6,ZNF446
ENSG00000089101,6,CFAP61
ENSG00000090539,6,CHRD
ENSG00000100167,6,SEPTIN3
ENSG00000100354,6,TNRC6B
ENSG00000100364,6,KIAA0930
ENSG00000100599,6,RIN3
ENSG00000102034,6,ELF4
ENSG00000103196,6,CRISPLD2
ENSG00000106537,6,TSPAN13
ENSG00000106799,6,TGFBR1
ENSG00000107864,6,CPEB3
ENSG00000108950,6,FAM20A
ENSG00000109472,6,CPE
ENSG00000110318,6,CEP126
ENSG00000112164,6,GLP1R
ENSG00000112787,6,FBRSL1
ENSG00000113262,6,GRM6
ENSG00000115353,6,TACR1
ENSG00000116329,6,OPRD1
ENSG00000116783,6,TNNI3K
ENSG00000117569,6,PTBP2
ENSG00000118137,6,APOA1
ENSG00000118690,6,ARMC2
ENSG00000118965,6,WDR35
ENSG00000119699,6,TGFB3
ENSG00000122859,6,NEUROG3
ENSG00000123243,6,ITIH5
ENSG00000123977,6,DAW1
ENSG00000124151,6,NCOA3
ENSG00000126773,6,PCNX4
ENSG00000127418,6,FGFRL1
ENSG00000127585,6,FBXL16
ENSG00000127720,6,METTL25
ENSG00000130940,6,CASZ1
ENSG00000131730,6,CKMT2
ENSG00000131781,6,FMO5
ENSG00000134532,6,SOX5
ENSG00000134533,6,RERG
ENSG00000136383,6,ALPK3
ENSG00000136478,6,TEX2
ENSG00000137393,6,RNF144B
ENSG00000138413,6,IDH1
ENSG00000139613,6,SMARCC2
ENSG00000139974,6,SLC38A6
ENSG00000140455,6,USP3
ENSG00000140479,6,PCSK6
ENSG00000140943,6,MBTPS1
ENSG00000141052,6,MYOCD
ENSG00000141294,6,LRRC46
ENSG00000143067,6,ZNF697
ENSG00000143258,6,USP21
ENSG00000144810,6,COL8A1
ENSG00000145217,6,SLC26A1
ENSG00000147162,6,OGT
ENSG00000148053,6,NTRK2
ENSG00000149289,6,ZC3H12C
ENSG00000150907,6,FOXO1
ENSG00000151690,6,MFSD6
ENSG00000151692,6,RNF144A
ENSG00000152193,6,OBI1
ENSG00000152926,6,ZNF117
ENSG00000154743,6,TSEN2
ENSG00000155850,6,SLC26A2
ENSG00000156011,6,PSD3
ENSG00000156966,6,B3GNT7
ENSG00000157796,6,WDR19
ENSG00000160094,6,ZNF362
ENSG00000160211,6,G6PD
ENSG00000160360,6,GPSM1
ENSG00000162543,6,UBXN10
ENSG00000163602,6,RYBP
ENSG00000164296,6,TIGD6
ENSG00000164619,6,BMPER
ENSG00000164683,6,HEY1
ENSG00000164904,6,ALDH7A1
ENSG00000164938,6,TP53INP1
ENSG00000164976,6,MYORG
ENSG00000166432,6,ZMAT1
ENSG00000166987,6,MBD6
ENSG00000167522,6,ANKRD11
ENSG00000168575,6,SLC20A2
ENSG00000168806,6,LCMT2
ENSG00000171476,6,HOPX
ENSG00000171817,6,ZNF540
ENSG00000172264,6,MACROD2
ENSG00000175970,6,UNC119B
ENSG00000176542,6,USF3
ENSG00000177082,6,WDR73
ENSG00000177169,6,ULK1
ENSG00000177200,6,CHD9
ENSG00000177990,6,DPY19L2
ENSG00000179104,6,TMTC2
ENSG00000181378,6,CFAP65
ENSG00000181652,6,ATG9B
ENSG00000182150,6,ERCC6L2
ENSG00000183496,6,MEX3B
ENSG00000184208,6,C22orf46P
ENSG00000186047,6,DLEU7
ENSG00000187605,6,TET3
ENSG00000188729,6,OSTN
ENSG00000196208,6,GREB1
ENSG00000196268,6,ZNF493
ENSG00000196361,6,ELAVL3
ENSG00000197006,6,METTL9
ENSG00000197415,6,VEPH1
ENSG00000197724,6,PHF2
ENSG00000198276,6,UCKL1
ENSG00000198429,6,ZNF69
ENSG00000198846,6,TOX
ENSG00000204128,6,C2orf72
ENSG00000204175,6,GPRIN2
ENSG00000204767,6,INSYN2B
ENSG00000204832,6,ST8SIA6-AS1
ENSG00000205085,6,GARIN1A
ENSG00000211455,6,STK38L
ENSG00000214595,6,EML6
ENSG00000223604,6,RPL17P13
ENSG00000225127,6,LINC00237
ENSG00000225783,6,MIAT
ENSG00000227115,6,LINC01630
ENSG00000227199,6,ST7-AS1
ENSG00000229654,6,LINC02526
ENSG00000231725,6,VN1R110P
ENSG00000237807,6,LINC02984
ENSG00000239794,6,RN7SL653P
ENSG00000241322,6,FBXW10B
ENSG00000245534,6,RORA-AS1
ENSG00000250312,6,ZNF718
ENSG00000250722,6,SELENOP
ENSG00000251136,6,RIPK2-DT
ENSG00000251359,6,WWC2-AS2
ENSG00000253230,6,MIR124-1HG
ENSG00000253558,6,LOC100422441
ENSG00000256061,6,DNAAF4
ENSG00000257242,6,LINC01619
ENSG00000257923,6,CUX1
ENSG00000258701,6,LINC00638
ENSG00000259118,6,LOC100506321
ENSG00000260581,6,LOC105378231
ENSG00000261150,6,EPPK1
ENSG00000261472,6,LOC124903729
ENSG00000263753,6,LINC00667
ENSG00000264026,6,LINC02003
ENSG00000267296,6,CEBPA-DT
ENSG00000268089,6,GABRQ
ENSG00000269891,6,ARHGAP19-SLIT1
ENSG00000270112,6,ST8SIA5-DT
ENSG00000271383,6,NBPF19
ENSG00000273032,6,DGCR5
ENSG00000273148,6,LCDR
ENSG00000006453,7,BAIAP2L1
ENSG00000007350,7,TKTL1
ENSG00000011021,7,CLCN6
ENSG00000015592,7,STMN4
ENSG00000018189,7,RUFY3
ENSG00000020577,7,SAMD4A
ENSG00000053524,7,MCF2L2
ENSG00000055609,7,KMT2C
ENSG00000060339,7,CCAR1
ENSG00000065357,7,DGKA
ENSG00000066933,7,MYO9A
ENSG00000079112,7,CDH17
ENSG00000084734,7,GCKR
ENSG00000086717,7,PPEF1
ENSG00000099715,7,PCDH11Y
ENSG00000099725,7,PRKY
ENSG00000100320,7,RBFOX2
ENSG00000100614,7,PPM1A
ENSG00000105516,7,DBP
ENSG00000105696,7,TMEM59L
ENSG00000106336,7,FBXO24
ENSG00000108840,7,HDAC5
ENSG00000110799,7,VWF
ENSG00000111300,7,NAA25
ENSG00000111981,7,ULBP1
ENSG00000112249,7,ASCC3
ENSG00000114374,7,USP9Y
ENSG00000118058,7,KMT2A
ENSG00000119537,7,KDSR
ENSG00000120738,7,EGR1
ENSG00000130294,7,KIF1A
ENSG00000134744,7,TUT4
ENSG00000134769,7,DTNA
ENSG00000134852,7,CLOCK
ENSG00000137166,7,FOXP4
ENSG00000137875,7,BCL2L10
ENSG00000141198,7,TOM1L1
ENSG00000142538,7,PTH2
ENSG00000144406,7,UNC80
ENSG00000146247,7,PHIP
ENSG00000148584,7,A1CF
ENSG00000148950,7,IMMP1L
ENSG00000149658,7,YTHDF1
ENSG00000152767,7,FARP1
ENSG00000158813,7,EDA
ENSG00000159164,7,SV2A
ENSG00000159251,7,ACTC1
ENSG00000159792,7,PSKH1
ENSG00000162769,7,FLVCR1
ENSG00000165181,7,SHOC1
ENSG00000165443,7,PHYHIPL
ENSG00000166250,7,CLMP
ENSG00000166886,7,NAB2
ENSG00000168264,7,IRF2BP2
ENSG00000169967,7,MAP3K2
ENSG00000170345,7,FOS
ENSG00000173041,7,ZNF680
ENSG00000173230,7,GOLGB1
ENSG00000174469,7,CNTNAP2
ENSG00000175931,7,UBE2O
ENSG00000176463,7,SLCO3A1
ENSG00000178403,7,NEUROG2
ENSG00000179796,7,LRRC3B
ENSG00000180747,7,SMG1P3
ENSG00000184156,7,KCNQ3
ENSG00000185946,7,RNPC3
ENSG00000186105,7,LRRC70
ENSG00000196689,7,TRPV1
ENSG00000197565,7,COL4A6
ENSG00000198598,7,MMP17
ENSG00000198707,7,CEP290
ENSG00000200792,7,SNORA80A
ENSG00000207112,7,SNORA25
ENSG00000213186,7,TRIM59
ENSG00000213398,7,LCAT
ENSG00000217767,7,NDUFAB1P1
ENSG00000222005,7,LINC01118
ENSG00000225224,7,RPS27AP12
ENSG00000227437,7,RPS8P4
ENSG00000229419,7,RALGAPA1P1
ENSG00000236577,7,SNRPGP14
ENSG00000242082,7,SLC5A4-AS1
ENSG00000250565,7,ATP6V1E2
ENSG00000259664,7,LINC02254
ENSG00000261949,7,GFY
ENSG00000282556,7,LOC101927825
ENSG00000287005,7,LOC124909475
ENSG00000007952,8,NOX1
ENSG00000025708,8,TYMP
ENSG00000091137,8,SLC26A4
ENSG00000105251,8,SHD
ENSG00000115970,8,THADA
ENSG00000127419,8,TMEM175
ENSG00000130024,8,PHF10
ENSG00000132199,8,ENOSF1
ENSG00000143315,8,PIGM
ENSG00000154099,8,DNAAF1
ENSG00000156959,8,LHFPL4
ENSG00000161681,8,SHANK1
ENSG00000171100,8,MTM1
ENSG00000173275,8,ZNF449
ENSG00000174151,8,CYB561D1
ENSG00000180881,8,CAPS2
ENSG00000184497,8,TMEM255B
ENSG00000196739,8,COL27A1
ENSG00000197093,8,GAL3ST4
ENSG00000201863,8,LOC124900183
ENSG00000215241,8,LINC02449
ENSG00000215274,8,GAGE10
ENSG00000221978,8,CCNL2
ENSG00000222844,8,RNU6-321P
ENSG00000226419,8,SLC16A1-AS1
ENSG00000230590,8,FTX
ENSG00000235703,8,EOLA2-DT
ENSG00000250286,8,LOC105371824
ENSG00000263465,8,SRSF8
ENSG00000072042,9,RDH11
ENSG00000101670,9,LIPG
ENSG00000108861,9,DUSP3
ENSG00000123836,9,PFKFB2
ENSG00000130176,9,CNN1
ENSG00000141449,9,GREB1L
ENSG00000146232,9,NFKBIE
ENSG00000154814,9,OXNAD1
ENSG00000164758,9,MED30
ENSG00000172296,9,SPTLC3
ENSG00000176971,9,FIBIN
ENSG00000184368,9,MAP7D2
ENSG00000185022,9,MAFF
ENSG00000196428,9,TSC22D2
ENSG00000225828,9,FAM229A
ENSG00000241684,9,ADAMTS9-AS2
ENSG00000249628,9,LINC00942
