#node	identifier	node_degree
A1CF	9606.ENSP00000378868	2
AARS1	9606.ENSP00000261772	8
ABCA1	9606.ENSP00000363868	23
ABCC4	9606.ENSP00000494609	7
ABCD1	9606.ENSP00000218104	1
ABCG1	9606.ENSP00000354995	13
ABHD3	9606.ENSP00000289119	1
ACAD8	9606.ENSP00000281182	12
ACADS	9606.ENSP00000242592	16
ACKR3	9606.ENSP00000272928	3
ACOXL	9606.ENSP00000407761	5
ACSF2	9606.ENSP00000401831	6
ACSL4	9606.ENSP00000339787	14
ACSS2	9606.ENSP00000253382	25
ACTC1	9606.ENSP00000290378	22
ACTN3	9606.ENSP00000422007	12
ACVR2B	9606.ENSP00000340361	15
ADAM33	9606.ENSP00000348912	0
ADCYAP1R1	9606.ENSP00000483721	7
ADD3	9606.ENSP00000348381	16
ADGRD2	9606.ENSP00000335156	0
ADRA2B	9606.ENSP00000480573	7
AEN	9606.ENSP00000331944	2
AFF2	9606.ENSP00000359489	9
AGA	9606.ENSP00000264595	3
AHCYL1	9606.ENSP00000358814	8
AHSP	9606.ENSP00000307199	2
AIF1L	9606.ENSP00000361383	0
AK3	9606.ENSP00000371230	6
AK5	9606.ENSP00000346577	8
AKAP9	9606.ENSP00000348573	25
AKIP1	9606.ENSP00000310459	0
ALDH1B1	9606.ENSP00000366927	6
ALDH7A1	9606.ENSP00000387123	7
ALDOC	9606.ENSP00000378731	6
ALG14	9606.ENSP00000359224	2
ALPK3	9606.ENSP00000258888	2
AMPH	9606.ENSP00000348602	16
ANGPTL2	9606.ENSP00000362524	4
ANK1	9606.ENSP00000265709	36
ANK3	9606.ENSP00000280772	45
ANKRD11	9606.ENSP00000301030	5
ANKRD18B	9606.ENSP00000290943	0
ANKRD24	9606.ENSP00000471252	0
ANKRD34B	9606.ENSP00000339802	0
ANKRD65	9606.ENSP00000445688	0
ANTXR1	9606.ENSP00000301945	5
ANXA3	9606.ENSP00000264908	3
ANXA5	9606.ENSP00000296511	39
AP1S2	9606.ENSP00000500695	5
AP5S1	9606.ENSP00000481750	3
APC	9606.ENSP00000257430	17
APELA	9606.ENSP00000484618	0
APEX1	9606.ENSP00000216714	13
APLP2	9606.ENSP00000497691	6
APOA1	9606.ENSP00000236850	22
APOL6	9606.ENSP00000386280	3
APPL2	9606.ENSP00000446917	3
ARAP2	9606.ENSP00000302895	5
ARHGAP29	9606.ENSP00000260526	1
ARHGEF6	9606.ENSP00000250617	10
ARID4B	9606.ENSP00000264183	13
ARL11	9606.ENSP00000282026	1
ARL14EP	9606.ENSP00000282032	0
ARL4C	9606.ENSP00000339754	5
ARL4D	9606.ENSP00000322628	0
ARMC2	9606.ENSP00000376417	5
ARMCX1	9606.ENSP00000361917	2
ARMCX2	9606.ENSP00000349281	3
ARMCX3	9606.ENSP00000340672	2
ASAP3	9606.ENSP00000338769	1
ASCC3	9606.ENSP00000358159	9
ASCL1	9606.ENSP00000266744	37
ASPH	9606.ENSP00000368767	4
ATAD3B	9606.ENSP00000500094	1
ATAD5	9606.ENSP00000313171	13
ATCAY	9606.ENSP00000390941	0
ATG14	9606.ENSP00000247178	14
ATG4D	9606.ENSP00000311318	5
ATG9B	9606.ENSP00000491504	4
ATL2	9606.ENSP00000368237	3
ATOH8	9606.ENSP00000304676	0
ATP1A2	9606.ENSP00000354490	12
ATP1B3	9606.ENSP00000286371	10
ATP2B1	9606.ENSP00000392043	5
ATP2B4	9606.ENSP00000350310	14
ATP2C2	9606.ENSP00000397925	7
ATP5F1E	9606.ENSP00000243997	3
ATP6V1B1	9606.ENSP00000234396	10
ATP6V1E2	9606.ENSP00000304891	7
ATXN7	9606.ENSP00000295900	5
AVEN	9606.ENSP00000306822	0
B3GALT1	9606.ENSP00000376456	2
B3GNT2	9606.ENSP00000305595	6
B3GNT7	9606.ENSP00000287590	1
B4GALNT1	9606.ENSP00000341562	3
B4GALNT4	9606.ENSP00000328277	1
B4GALT1	9606.ENSP00000369055	9
B4GAT1	9606.ENSP00000309096	1
BAALC	9606.ENSP00000312457	1
BAHCC1	9606.ENSP00000462154	0
BAIAP2L1	9606.ENSP00000005260	16
BARX1	9606.ENSP00000253968	3
BASP1	9606.ENSP00000319281	7
BBC3	9606.ENSP00000404503	13
BCAS4	9606.ENSP00000351642	4
BCAT1	9606.ENSP00000443459	8
BCCIP	9606.ENSP00000357748	4
BCL2L10	9606.ENSP00000453562	4
BCL2L11	9606.ENSP00000376943	25
BEGAIN	9606.ENSP00000411124	9
BET1	9606.ENSP00000222547	14
BET1L	9606.ENSP00000372210	18
BEX5	9606.ENSP00000446054	0
BGN	9606.ENSP00000327336	33
BHLHE41	9606.ENSP00000242728	5
BLOC1S2	9606.ENSP00000359398	4
BMP1	9606.ENSP00000305714	17
BMPER	9606.ENSP00000497748	3
BMPR2	9606.ENSP00000363708	18
BOC	9606.ENSP00000273395	10
BTG2	9606.ENSP00000290551	15
BTG3	9606.ENSP00000344609	1
C11orf71	9606.ENSP00000325508	0
C12orf57	9606.ENSP00000229281	2
C14orf132	9606.ENSP00000490925	0
C17orf58	9606.ENSP00000402020	0
C19orf57	9606.ENSP00000254336	0
C1GALT1C1L	9606.ENSP00000489061	3
C1R	9606.ENSP00000444271	7
C1orf21	9606.ENSP00000235307	1
C21orf58	9606.ENSP00000291691	0
C22orf42	9606.ENSP00000371529	2
C2orf72	9606.ENSP00000362743	0
C6orf118	9606.ENSP00000230301	0
C7orf25	9606.ENSP00000413029	1
C9orf116	9606.ENSP00000395281	3
C9orf40	9606.ENSP00000366050	0
CA2	9606.ENSP00000285379	8
CA3	9606.ENSP00000285381	2
CA4	9606.ENSP00000300900	4
CAB39L	9606.ENSP00000479669	2
CACHD1	9606.ENSP00000290039	5
CALCB	9606.ENSP00000433490	5
CAMK2B	9606.ENSP00000379098	23
CAPN6	9606.ENSP00000317214	2
CAPN7	9606.ENSP00000253693	1
CAPS2	9606.ENSP00000386959	0
CASQ2	9606.ENSP00000261448	15
CASZ1	9606.ENSP00000366221	2
CATSPERG	9606.ENSP00000386962	3
CCAR1	9606.ENSP00000265872	2
CCDC102B	9606.ENSP00000353377	1
CCDC142	9606.ENSP00000290418	0
CCDC170	9606.ENSP00000239374	4
CCDC191	9606.ENSP00000295878	2
CCDC30	9606.ENSP00000339280	0
CCDC6	9606.ENSP00000263102	9
CCDC60	9606.ENSP00000333374	0
CCDC84	9606.ENSP00000334767	1
CCK	9606.ENSP00000379472	25
CCKBR	9606.ENSP00000435534	5
CCNL2	9606.ENSP00000383611	19
CCNYL1	9606.ENSP00000295414	0
CD24	9606.ENSP00000481841	21
CD2AP	9606.ENSP00000352264	16
CD38	9606.ENSP00000226279	16
CD4	9606.ENSP00000011653	60
CD82	9606.ENSP00000227155	5
CDC25C	9606.ENSP00000321656	23
CDC42EP1	9606.ENSP00000249014	6
CDC42EP3	9606.ENSP00000480549	1
CDCA7L	9606.ENSP00000383986	5
CDH10	9606.ENSP00000264463	17
CDH11	9606.ENSP00000268603	17
CDH15	9606.ENSP00000289746	12
CDH17	9606.ENSP00000027335	40
CDH4	9606.ENSP00000484928	15
CDH6	9606.ENSP00000265071	8
CDH7	9606.ENSP00000381058	9
CDON	9606.ENSP00000376458	12
CDR2	9606.ENSP00000268383	3
CDRT1	9606.ENSP00000379242	2
CDV3	9606.ENSP00000264993	2
CEBPG	9606.ENSP00000466022	6
CELSR1	9606.ENSP00000262738	6
CELSR2	9606.ENSP00000271332	14
CEND1	9606.ENSP00000328336	0
CENPA	9606.ENSP00000336868	19
CEP126	9606.ENSP00000263468	1
CEP152	9606.ENSP00000370337	6
CEP290	9606.ENSP00000448012	11
CEP57	9606.ENSP00000317902	4
CEP57L1	9606.ENSP00000357966	1
CEP85	9606.ENSP00000252992	2
CFAP300	9606.ENSP00000414390	6
CFAP58	9606.ENSP00000358718	5
CFAP61	9606.ENSP00000245957	2
CFAP65	9606.ENSP00000340776	2
CHD9	9606.ENSP00000396345	11
CHEK2	9606.ENSP00000372023	35
CHODL	9606.ENSP00000299295	3
CHRD	9606.ENSP00000204604	23
CHRNA3	9606.ENSP00000315602	1
CIPC	9606.ENSP00000355319	1
CKMT2	9606.ENSP00000404203	2
CLCN6	9606.ENSP00000234488	8
CLDN23	9606.ENSP00000428780	3
CLDN3	9606.ENSP00000378577	4
CLMP	9606.ENSP00000405577	1
CLOCK	9606.ENSP00000426983	12
CLVS1	9606.ENSP00000428402	1
CMTM3	9606.ENSP00000400482	3
CMTM7	9606.ENSP00000335605	1
CNN1	9606.ENSP00000252456	10
CNN3	9606.ENSP00000359225	1
CNPY2	9606.ENSP00000273308	3
CNTN1	9606.ENSP00000447006	15
CNTN6	9606.ENSP00000407822	6
CNTNAP2	9606.ENSP00000354778	29
COL11A1	9606.ENSP00000359114	23
COL12A1	9606.ENSP00000325146	21
COL14A1	9606.ENSP00000297848	19
COL23A1	9606.ENSP00000375069	11
COL25A1	9606.ENSP00000382083	11
COL27A1	9606.ENSP00000348385	13
COL4A6	9606.ENSP00000378340	17
COL8A1	9606.ENSP00000261037	17
COL8A2	9606.ENSP00000380901	15
COLGALT2	9606.ENSP00000354960	9
COPS8	9606.ENSP00000346340	8
COQ10B	9606.ENSP00000263960	0
COX17	9606.ENSP00000261070	4
CPAMD8	9606.ENSP00000498697	1
CPE	9606.ENSP00000386104	3
CPEB3	9606.ENSP00000265997	5
CR2	9606.ENSP00000356024	9
CRB1	9606.ENSP00000356370	1
CREB3L2	9606.ENSP00000329140	6
CREB5	9606.ENSP00000350359	8
CREG1	9606.ENSP00000359540	0
CRISPLD1	9606.ENSP00000262207	1
CRISPLD2	9606.ENSP00000262424	0
CRTAP	9606.ENSP00000323696	14
CRYBG2	9606.ENSP00000428746	0
CRYL1	9606.ENSP00000298248	10
CTCFL	9606.ENSP00000415579	2
CTDSP1	9606.ENSP00000273062	2
CTH	9606.ENSP00000359976	10
CTNNBIP1	9606.ENSP00000366474	2
CTRC	9606.ENSP00000365116	0
CTSF	9606.ENSP00000310832	0
CUL4B	9606.ENSP00000384109	15
CUX1	9606.ENSP00000353401	16
CWC22	9606.ENSP00000387006	4
CXCL14	9606.ENSP00000337065	3
CXCR4	9606.ENSP00000386884	51
CYB561D1	9606.ENSP00000358884	1
CYBC1	9606.ENSP00000388909	0
CYP2W1	9606.ENSP00000310149	0
CYYR1	9606.ENSP00000299340	3
DAP	9606.ENSP00000394163	2
DAPK3	9606.ENSP00000442973	4
DAW1	9606.ENSP00000311899	7
DBF4	9606.ENSP00000265728	13
DBP	9606.ENSP00000222122	4
DCAF7	9606.ENSP00000483236	10
DCT	9606.ENSP00000392762	4
DCX	9606.ENSP00000490614	26
DDAH1	9606.ENSP00000284031	1
DDIT3	9606.ENSP00000448665	20
DDIT4	9606.ENSP00000307305	9
DDX60	9606.ENSP00000377344	10
DGKA	9606.ENSP00000377703	3
DHCR7	9606.ENSP00000347717	11
DHRS2	9606.ENSP00000344674	6
DHRS3	9606.ENSP00000480439	2
DIO3	9606.ENSP00000427336	7
DIXDC1	9606.ENSP00000394352	2
DKK3	9606.ENSP00000433112	10
DLEC1	9606.ENSP00000308597	2
DLEU7	9606.ENSP00000427177	1
DLGAP3	9606.ENSP00000362444	10
DLL3	9606.ENSP00000205143	11
DMD	9606.ENSP00000354923	20
DNAAF1	9606.ENSP00000367815	8
DNAAF4	9606.ENSP00000323275	7
DNAH11	9606.ENSP00000475939	12
DNAH17	9606.ENSP00000374490	6
DNAJB5	9606.ENSP00000404079	3
DNAJC15	9606.ENSP00000368523	1
DNER	9606.ENSP00000345229	9
DOCK1	9606.ENSP00000485033	14
DPCD	9606.ENSP00000359170	1
DPF2	9606.ENSP00000252268	3
DPY19L2	9606.ENSP00000315988	3
DPYSL2	9606.ENSP00000427985	11
DRAP1	9606.ENSP00000307850	5
DSE	9606.ENSP00000494147	3
DSP	9606.ENSP00000369129	14
DTNA	9606.ENSP00000470152	13
DUSP1	9606.ENSP00000239223	17
DUSP23	9606.ENSP00000357087	5
DUSP3	9606.ENSP00000226004	1
DUSP4	9606.ENSP00000240100	3
DUSP5	9606.ENSP00000358596	14
DYNLL2	9606.ENSP00000477310	15
DYRK2	9606.ENSP00000342105	4
DZIP1L	9606.ENSP00000332148	2
E2F2	9606.ENSP00000355249	11
ECHDC2	9606.ENSP00000360577	14
ECT2	9606.ENSP00000376457	22
EDA	9606.ENSP00000363680	6
EDA2R	9606.ENSP00000379365	5
EDARADD	9606.ENSP00000335076	6
EFHD1	9606.ENSP00000264059	1
EFHD2	9606.ENSP00000365147	4
EFNA5	9606.ENSP00000328777	19
EGF	9606.ENSP00000265171	83
EGR1	9606.ENSP00000239938	41
EHD4	9606.ENSP00000220325	1
EID2	9606.ENSP00000375073	2
EIF1	9606.ENSP00000419449	8
EIF5	9606.ENSP00000216554	7
ELAVL3	9606.ENSP00000352162	17
ELF4	9606.ENSP00000311280	2
ELK4	9606.ENSP00000350681	2
ELP4	9606.ENSP00000379267	6
EMB	9606.ENSP00000302289	5
EMD	9606.ENSP00000358857	6
EML6	9606.ENSP00000348842	1
EMP3	9606.ENSP00000469194	2
ENC1	9606.ENSP00000499185	4
ENOSF1	9606.ENSP00000497230	1
ENPP3	9606.ENSP00000406261	13
ENTPD4	9606.ENSP00000351520	3
ENTPD6	9606.ENSP00000365840	3
EPHA3	9606.ENSP00000337451	4
EPHA4	9606.ENSP00000281821	10
EPHB6	9606.ENSP00000481994	4
EPPK1	9606.ENSP00000484472	1
ERAP1	9606.ENSP00000296754	4
ERCC6	9606.ENSP00000348089	12
ERCC6L2	9606.ENSP00000499371	4
ERGIC1	9606.ENSP00000377374	1
ERMN	9606.ENSP00000380453	5
ESPN	9606.ENSP00000496593	8
ESYT2	9606.ENSP00000499020	2
EXOC7	9606.ENSP00000334100	7
EXPH5	9606.ENSP00000265843	1
EXTL2	9606.ENSP00000359131	5
FAM161A	9606.ENSP00000385158	1
FAM169A	9606.ENSP00000373808	6
FAM171B	9606.ENSP00000304108	1
FAM184B	9606.ENSP00000265018	0
FAM20A	9606.ENSP00000468308	14
FAM222A	9606.ENSP00000443292	2
FAM222B	9606.ENSP00000462419	2
FAM228B	9606.ENSP00000482482	2
FAM229A	9606.ENSP00000455971	0
FAM49A	9606.ENSP00000370724	0
FAM89A	9606.ENSP00000355614	1
FAM92B	9606.ENSP00000443411	4
FANCE	9606.ENSP00000229769	17
FANCM	9606.ENSP00000267430	24
FANK1	9606.ENSP00000357682	2
FARP1	9606.ENSP00000486285	8
FBLN1	9606.ENSP00000331544	10
FBN2	9606.ENSP00000424571	11
FBRSL1	9606.ENSP00000396160	2
FBXL16	9606.ENSP00000380746	3
FBXO24	9606.ENSP00000416558	0
FBXO46	9606.ENSP00000410007	0
FBXW7	9606.ENSP00000474725	33
FCRLB	9606.ENSP00000356925	0
FDFT1	9606.ENSP00000491537	17
FERMT2	9606.ENSP00000342858	6
FEZF1	9606.ENSP00000411145	3
FGD3	9606.ENSP00000336914	1
FGF12	9606.ENSP00000413496	8
FGF19	9606.ENSP00000294312	11
FGF2	9606.ENSP00000264498	66
FGFR3	9606.ENSP00000339824	29
FGFRL1	9606.ENSP00000381498	4
FHAD1	9606.ENSP00000351770	0
FHL3	9606.ENSP00000362107	3
FIBIN	9606.ENSP00000321962	0
FJX1	9606.ENSP00000400223	4
FLCN	9606.ENSP00000285071	8
FLVCR1	9606.ENSP00000355938	3
FMO5	9606.ENSP00000254090	3
FOLR1	9606.ENSP00000377284	9
FOS	9606.ENSP00000306245	73
FOSL2	9606.ENSP00000264716	17
FOXA2	9606.ENSP00000400341	37
FOXB1	9606.ENSP00000379369	4
FOXD1	9606.ENSP00000481581	8
FOXG1	9606.ENSP00000339004	32
FOXN4	9606.ENSP00000299162	5
FOXO1	9606.ENSP00000368880	47
FOXO3	9606.ENSP00000339527	45
FOXP4	9606.ENSP00000362151	2
FREM1	9606.ENSP00000412940	1
FRMD3	9606.ENSP00000303508	1
FRMD4A	9606.ENSP00000350032	2
FRZB	9606.ENSP00000295113	11
FXYD7	9606.ENSP00000270310	2
FZD10	9606.ENSP00000229030	6
FZD3	9606.ENSP00000240093	13
FZD9	9606.ENSP00000345785	12
G2E3	9606.ENSP00000206595	8
G6PD	9606.ENSP00000377192	16
GABRA5	9606.ENSP00000382953	13
GABRG2	9606.ENSP00000410732	13
GABRQ	9606.ENSP00000469332	3
GADD45A	9606.ENSP00000360025	23
GAGE10	9606.ENSP00000385415	4
GAL3ST4	9606.ENSP00000353142	0
GALNS	9606.ENSP00000268695	2
GALNT18	9606.ENSP00000227756	4
GALNT9	9606.ENSP00000329846	3
GALR1	9606.ENSP00000299727	4
GAP43	9606.ENSP00000377372	28
GAREM1	9606.ENSP00000269209	2
GAS1	9606.ENSP00000298743	11
GAS2L3	9606.ENSP00000448955	8
GAS6	9606.ENSP00000331831	12
GATA5	9606.ENSP00000252997	4
GATB	9606.ENSP00000263985	4
GCGR	9606.ENSP00000383558	8
GCKR	9606.ENSP00000264717	2
GCNT2	9606.ENSP00000419411	6
GDF10	9606.ENSP00000464145	6
GDF15	9606.ENSP00000252809	9
GDI2	9606.ENSP00000369538	12
GFRA2	9606.ENSP00000428518	10
GFRA3	9606.ENSP00000274721	10
GFY	9606.ENSP00000459439	1
GJA1	9606.ENSP00000282561	33
GLI1	9606.ENSP00000228682	43
GLI2	9606.ENSP00000390436	38
GLI3	9606.ENSP00000379258	34
GLP1R	9606.ENSP00000362353	14
GMFB	9606.ENSP00000350757	0
GNA14	9606.ENSP00000365807	10
GNB5	9606.ENSP00000261837	27
GNE	9606.ENSP00000379839	9
GNG11	9606.ENSP00000248564	26
GNPNAT1	9606.ENSP00000216410	2
GNPTG	9606.ENSP00000204679	4
GOLGA2	9606.ENSP00000416097	21
GOLGB1	9606.ENSP00000377275	16
GORASP2	9606.ENSP00000234160	12
GPER1	9606.ENSP00000380281	13
GPM6B	9606.ENSP00000316861	1
GPR160	9606.ENSP00000348161	0
GPRIN2	9606.ENSP00000363436	3
GPSM1	9606.ENSP00000392828	15
GPX8	9606.ENSP00000423822	20
GRAMD1A	9606.ENSP00000441032	2
GREB1	9606.ENSP00000370896	7
GREB1L	9606.ENSP00000464162	3
GRIA1	9606.ENSP00000428994	40
GRIA4	9606.ENSP00000282499	22
GRIK3	9606.ENSP00000362183	10
GRIK4	9606.ENSP00000435648	9
GRM4	9606.ENSP00000440556	12
GRM6	9606.ENSP00000497110	10
GRM7	9606.ENSP00000350348	10
GUCY1B1	9606.ENSP00000426786	1
GXYLT1	9606.ENSP00000381666	2
GXYLT2	9606.ENSP00000374268	2
H1-10	9606.ENSP00000329662	0
HADHB	9606.ENSP00000325136	23
HCFC1R1	9606.ENSP00000248089	0
HDAC5	9606.ENSP00000225983	11
HDC	9606.ENSP00000267845	5
HECA	9606.ENSP00000356630	1
HERC5	9606.ENSP00000264350	7
HERPUD1	9606.ENSP00000409555	9
HES1	9606.ENSP00000232424	13
HEY1	9606.ENSP00000338272	17
HGFAC	9606.ENSP00000421801	2
HIBADH	9606.ENSP00000265395	10
HJURP	9606.ENSP00000414109	12
HMGA1	9606.ENSP00000399888	4
HMMR	9606.ENSP00000377492	19
HOMER1	9606.ENSP00000334382	18
HOMER2	9606.ENSP00000305632	12
HOPX	9606.ENSP00000450527	11
HPGD	9606.ENSP00000296522	4
HPSE2	9606.ENSP00000359583	2
HS3ST3B1	9606.ENSP00000354213	4
HS6ST1	9606.ENSP00000259241	6
HS6ST2	9606.ENSP00000429473	3
HSD17B7	9606.ENSP00000254521	5
HSDL1	9606.ENSP00000219439	6
HSPA6	9606.ENSP00000310219	8
HSPB1	9606.ENSP00000248553	13
HSPB8	9606.ENSP00000281938	4
HTATIP2	9606.ENSP00000392985	1
HTR1D	9606.ENSP00000363748	8
HUNK	9606.ENSP00000270112	1
ICAM5	9606.ENSP00000221980	1
ID1	9606.ENSP00000365280	15
ID2	9606.ENSP00000234091	12
IDH1	9606.ENSP00000390265	31
IDI1	9606.ENSP00000370748	8
IER2	9606.ENSP00000465617	8
IER5	9606.ENSP00000356549	4
IFIT2	9606.ENSP00000490935	6
IFITM3	9606.ENSP00000382707	9
IFT88	9606.ENSP00000323580	18
IGDCC3	9606.ENSP00000332773	1
IGF1R	9606.ENSP00000497069	39
IGFBP7	9606.ENSP00000295666	9
IGLON5	9606.ENSP00000270642	7
IGSF22	9606.ENSP00000421191	0
IKZF4	9606.ENSP00000448419	3
IL12A	9606.ENSP00000303231	2
IMMP1L	9606.ENSP00000278200	2
INSIG1	9606.ENSP00000344741	18
INSYN2B	9606.ENSP00000366582	2
INTS11	9606.ENSP00000445001	2
IP6K3	9606.ENSP00000293756	4
IQCA1	9606.ENSP00000407213	4
IQCD	9606.ENSP00000400669	3
IRF2BP2	9606.ENSP00000355568	3
IRS2	9606.ENSP00000365016	12
IRS4	9606.ENSP00000361202	2
ITGA10	9606.ENSP00000358310	7
ITGA5	9606.ENSP00000293379	25
ITIH5	9606.ENSP00000380333	0
ITM2C	9606.ENSP00000322730	0
ITPR1	9606.ENSP00000306253	26
ITPRID2	9606.ENSP00000388731	2
JAG1	9606.ENSP00000254958	36
JMJD4	9606.ENSP00000355720	5
JRK	9606.ENSP00000482410	1
JUNB	9606.ENSP00000303315	20
KBTBD7	9606.ENSP00000368797	7
KCMF1	9606.ENSP00000386738	1
KCNH1	9606.ENSP00000271751	3
KCNJ13	9606.ENSP00000233826	2
KCNJ5	9606.ENSP00000433295	6
KCNJ8	9606.ENSP00000499300	6
KCNN2	9606.ENSP00000264773	4
KCNQ2	9606.ENSP00000352035	21
KCNQ3	9606.ENSP00000373648	15
KDSR	9606.ENSP00000494352	2
KHDC4	9606.ENSP00000357304	2
KHDRBS3	9606.ENSP00000348108	5
KIAA0930	9606.ENSP00000251993	0
KIAA1324L	9606.ENSP00000413445	0
KIF1A	9606.ENSP00000438388	11
KIF20A	9606.ENSP00000378356	20
KIF9	9606.ENSP00000333942	3
KIRREL3	9606.ENSP00000435466	4
KIT	9606.ENSP00000288135	54
KLF4	9606.ENSP00000363804	42
KLF5	9606.ENSP00000366915	9
KLF7	9606.ENSP00000309570	2
KLF9	9606.ENSP00000366330	5
KLHL15	9606.ENSP00000332791	2
KLHL5	9606.ENSP00000423897	3
KMT2A	9606.ENSP00000436786	22
KMT2C	9606.ENSP00000262189	15
KMT5A	9606.ENSP00000384629	5
KRT17	9606.ENSP00000308452	2
LAMB2	9606.ENSP00000307156	11
LAMC1	9606.ENSP00000258341	24
LAMP5	9606.ENSP00000246070	2
LARP1B	9606.ENSP00000321997	3
LARP4B	9606.ENSP00000326128	2
LASP1	9606.ENSP00000325240	3
LCAT	9606.ENSP00000264005	11
LCMT2	9606.ENSP00000307214	1
LDLR	9606.ENSP00000454071	11
LEFTY1	9606.ENSP00000272134	14
LEFTY2	9606.ENSP00000355785	16
LFNG	9606.ENSP00000222725	8
LGALS1	9606.ENSP00000215909	14
LGALS3	9606.ENSP00000254301	25
LGALS9	9606.ENSP00000378856	8
LGALSL	9606.ENSP00000238875	0
LGR4	9606.ENSP00000368516	3
LHFPL4	9606.ENSP00000287585	4
LHX2	9606.ENSP00000362717	25
LIG3	9606.ENSP00000367787	11
LIMA1	9606.ENSP00000378400	7
LIN28A	9606.ENSP00000363314	21
LIPG	9606.ENSP00000261292	15
LIPT2	9606.ENSP00000309463	0
LMO1	9606.ENSP00000338207	7
LMO4	9606.ENSP00000359575	2
LOXL1	9606.ENSP00000261921	6
LOXL2	9606.ENSP00000373783	7
LPAR1	9606.ENSP00000363553	14
LPAR6	9606.ENSP00000367691	4
LPP	9606.ENSP00000491657	4
LRIG1	9606.ENSP00000273261	8
LRP4	9606.ENSP00000367888	3
LRRC10B	9606.ENSP00000367315	1
LRRC27	9606.ENSP00000357603	1
LRRC3	9606.ENSP00000291592	2
LRRC3B	9606.ENSP00000379880	0
LRRC46	9606.ENSP00000269025	4
LRRC70	9606.ENSP00000399441	0
LRRC8C	9606.ENSP00000359483	0
LRRN2	9606.ENSP00000356143	0
LTBP4	9606.ENSP00000311905	4
LTO1	9606.ENSP00000279147	3
LYPD6	9606.ENSP00000334463	3
LYPLA2	9606.ENSP00000363638	2
LYST	9606.ENSP00000374443	3
MACROD2	9606.ENSP00000217246	4
MAD2L1	9606.ENSP00000296509	26
MAFF	9606.ENSP00000442060	5
MAFG	9606.ENSP00000350369	6
MALSU1	9606.ENSP00000419370	4
MALT1	9606.ENSP00000497997	4
MAN2A1	9606.ENSP00000261483	9
MANEAL	9606.ENSP00000362136	1
MANSC1	9606.ENSP00000438205	1
MAP3K2	9606.ENSP00000387246	1
MAP7D2	9606.ENSP00000368964	1
MAPKBP1	9606.ENSP00000393099	1
MARC2	9606.ENSP00000355880	0
MARVELD1	9606.ENSP00000441365	1
MASTL	9606.ENSP00000365107	7
MAX	9606.ENSP00000351490	8
MBD6	9606.ENSP00000347896	3
MBTPS1	9606.ENSP00000344223	12
MCEE	9606.ENSP00000244217	6
MCF2L2	9606.ENSP00000328118	1
MCM6	9606.ENSP00000264156	21
MCOLN2	9606.ENSP00000359640	3
MDH1B	9606.ENSP00000363533	5
ME3	9606.ENSP00000440246	9
MEAK7	9606.ENSP00000343635	4
MED12L	9606.ENSP00000417235	4
MED20	9606.ENSP00000265350	8
MED30	9606.ENSP00000297347	8
MED8	9606.ENSP00000290663	10
MEIS2	9606.ENSP00000453793	11
MERTK	9606.ENSP00000295408	8
METTL25	9606.ENSP00000248306	2
METTL9	9606.ENSP00000350874	2
MEX3B	9606.ENSP00000329918	1
MFSD6	9606.ENSP00000376141	1
MID2	9606.ENSP00000262843	2
MINDY4	9606.ENSP00000265299	1
MISP	9606.ENSP00000215582	1
MLC1	9606.ENSP00000310375	0
MMD	9606.ENSP00000262065	1
MMP17	9606.ENSP00000353767	2
MPPED1	9606.ENSP00000388137	2
MPRIP	9606.ENSP00000379156	8
MPZL1	9606.ENSP00000352513	2
MRC2	9606.ENSP00000307513	3
MRPL14	9606.ENSP00000361084	4
MRPL40	9606.ENSP00000333401	7
MRPS6	9606.ENSP00000382250	9
MSN	9606.ENSP00000353408	27
MSS51	9606.ENSP00000299432	2
MT2A	9606.ENSP00000245185	4
MTHFD1L	9606.ENSP00000478253	10
MTM1	9606.ENSP00000359423	5
MTTP	9606.ENSP00000427679	7
MXRA5	9606.ENSP00000217939	5
MXRA8	9606.ENSP00000399229	4
MYBL1	9606.ENSP00000429633	1
MYLIP	9606.ENSP00000349298	8
MYLK	9606.ENSP00000353452	10
MYLPF	9606.ENSP00000325239	12
MYO1D	9606.ENSP00000324527	2
MYO9A	9606.ENSP00000348349	3
MYOCD	9606.ENSP00000401678	15
MYORG	9606.ENSP00000297625	3
MYRF	9606.ENSP00000278836	6
MZT1	9606.ENSP00000367049	3
NAA25	9606.ENSP00000261745	4
NAA40	9606.ENSP00000367024	1
NAALAD2	9606.ENSP00000432481	0
NAB2	9606.ENSP00000300131	4
NAV1	9606.ENSP00000356265	5
NBPF19	9606.ENSP00000498781	1
NCALD	9606.ENSP00000379256	4
NCAM1	9606.ENSP00000480132	47
NCAN	9606.ENSP00000252575	16
NCAPD2	9606.ENSP00000325017	17
NCOA3	9606.ENSP00000361066	20
NCR3LG1	9606.ENSP00000341637	4
NDEL1	9606.ENSP00000333982	11
NDNF	9606.ENSP00000369014	2
NDRG2	9606.ENSP00000451712	1
NDST4	9606.ENSP00000264363	6
NDUFAF8	9606.ENSP00000400184	0
NEBL	9606.ENSP00000366326	9
NECAB2	9606.ENSP00000307449	2
NEFL	9606.ENSP00000482169	29
NEK11	9606.ENSP00000372857	1
NEK2	9606.ENSP00000355966	19
NES	9606.ENSP00000357206	53
NEUROG2	9606.ENSP00000317333	23
NEUROG3	9606.ENSP00000242462	17
NFASC	9606.ENSP00000344786	15
NFKB2	9606.ENSP00000358983	21
NFKBIE	9606.ENSP00000275015	8
NGF	9606.ENSP00000358525	49
NHEJ1	9606.ENSP00000349313	5
NICN1	9606.ENSP00000273598	0
NID1	9606.ENSP00000264187	18
NKAPD1	9606.ENSP00000376767	1
NKAPL	9606.ENSP00000345716	1
NKD1	9606.ENSP00000268459	12
NKX2-1	9606.ENSP00000346879	23
NKX2-2	9606.ENSP00000366347	23
NKX2-8	9606.ENSP00000258829	2
NKX6-2	9606.ENSP00000357581	21
NLGN1	9606.ENSP00000392500	24
NLGN3	9606.ENSP00000351591	19
NMD3	9606.ENSP00000417559	8
NMNAT2	9606.ENSP00000287713	4
NMT1	9606.ENSP00000468424	2
NMUR1	9606.ENSP00000305877	12
NOTCH2	9606.ENSP00000256646	32
NOVA1	9606.ENSP00000438875	12
NOX1	9606.ENSP00000362057	8
NPC1	9606.ENSP00000269228	9
NPTX2	9606.ENSP00000265634	13
NQO1	9606.ENSP00000319788	13
NR1I2	9606.ENSP00000336528	14
NRBP2	9606.ENSP00000414055	1
NRG1	9606.ENSP00000287842	13
NTRK2	9606.ENSP00000277120	39
NTRK3	9606.ENSP00000354207	17
NUAK2	9606.ENSP00000499251	3
OBI1	9606.ENSP00000282003	1
ODF2L	9606.ENSP00000359600	1
OGFOD1	9606.ENSP00000457258	3
OGT	9606.ENSP00000362824	10
OLFM1	9606.ENSP00000360858	3
OLFML2A	9606.ENSP00000362682	1
OLFML3	9606.ENSP00000322273	2
OPCML	9606.ENSP00000330862	8
OPRD1	9606.ENSP00000234961	5
OPTN	9606.ENSP00000368022	14
OSBPL6	9606.ENSP00000376293	3
OSTN	9606.ENSP00000342356	1
OTOG	9606.ENSP00000382323	1
OTX2	9606.ENSP00000500595	32
OXCT1	9606.ENSP00000196371	6
OXNAD1	9606.ENSP00000487136	4
P2RX3	9606.ENSP00000263314	5
P3H2	9606.ENSP00000316881	11
PABPC1L2B	9606.ENSP00000362621	2
PALLD	9606.ENSP00000425556	12
PALM2AKAP2	9606.ENSP00000363654	3
PAMR1	9606.ENSP00000482899	0
PAPLN	9606.ENSP00000345395	0
PAQR9	9606.ENSP00000341564	3
PATZ1	9606.ENSP00000266269	1
PAX6	9606.ENSP00000492024	49
PC	9606.ENSP00000498994	20
PCDH10	9606.ENSP00000264360	6
PCDH11X	9606.ENSP00000362186	8
PCDH11Y	9606.ENSP00000355419	3
PCDH18	9606.ENSP00000355082	2
PCDH9	9606.ENSP00000367096	5
PCMTD2	9606.ENSP00000307854	0
PCNX4	9606.ENSP00000384801	0
PCP4	9606.ENSP00000329403	4
PCSK5	9606.ENSP00000446280	6
PCSK6	9606.ENSP00000482760	4
PCTP	9606.ENSP00000460437	2
PDE4D	9606.ENSP00000345502	11
PDIA2	9606.ENSP00000219406	4
PDLIM3	9606.ENSP00000284767	12
PDP1	9606.ENSP00000379503	4
PDXDC1	9606.ENSP00000379691	1
PDZRN3	9606.ENSP00000263666	0
PECR	9606.ENSP00000265322	8
PEMT	9606.ENSP00000255389	4
PERP	9606.ENSP00000397157	5
PFKFB2	9606.ENSP00000356047	4
PFKP	9606.ENSP00000370517	19
PGF	9606.ENSP00000451040	13
PGRMC1	9606.ENSP00000217971	7
PGRMC2	9606.ENSP00000481886	8
PHACTR3	9606.ENSP00000360054	3
PHF10	9606.ENSP00000341805	5
PHF2	9606.ENSP00000352185	3
PHIP	9606.ENSP00000275034	8
PHLDA1	9606.ENSP00000266671	4
PHYHIPL	9606.ENSP00000362987	1
PIGM	9606.ENSP00000357069	2
PIK3C2B	9606.ENSP00000356155	8
PIM3	9606.ENSP00000353824	1
PIN1	9606.ENSP00000247970	5
PKD2L2	9606.ENSP00000424725	4
PLA2G3	9606.ENSP00000215885	4
PLAGL1	9606.ENSP00000353734	3
PLEKHA1	9606.ENSP00000357986	1
PLEKHG4B	9606.ENSP00000490806	2
PLEKHH1	9606.ENSP00000330278	0
PLEKHO1	9606.ENSP00000358120	1
PLK2	9606.ENSP00000274289	17
PLP1	9606.ENSP00000481006	19
PLPP4	9606.ENSP00000381302	1
PLS1	9606.ENSP00000336831	3
PNMA2	9606.ENSP00000429344	8
PNMT	9606.ENSP00000269582	0
PNRC1	9606.ENSP00000336931	2
PNRC2	9606.ENSP00000497590	3
PODXL	9606.ENSP00000367817	11
POLH	9606.ENSP00000361310	10
POLR2I	9606.ENSP00000221859	15
POP5	9606.ENSP00000350098	3
PPARGC1A	9606.ENSP00000264867	44
PPEF1	9606.ENSP00000354871	1
PPFIBP1	9606.ENSP00000314724	6
PPM1A	9606.ENSP00000327255	5
PPP1R14C	9606.ENSP00000355260	1
PPP1R16A	9606.ENSP00000292539	1
PRDM16	9606.ENSP00000270722	6
PRDX6	9606.ENSP00000342026	8
PREX1	9606.ENSP00000361009	6
PRICKLE1	9606.ENSP00000345064	15
PRKY	9606.ENSP00000498737	4
PRPH	9606.ENSP00000257860	2
PRR11	9606.ENSP00000262293	0
PRRC1	9606.ENSP00000421965	1
PRSS23	9606.ENSP00000280258	4
PRTG	9606.ENSP00000373937	0
PRUNE2	9606.ENSP00000365908	3
PRXL2C	9606.ENSP00000364382	0
PSD3	9606.ENSP00000324127	0
PSKH1	9606.ENSP00000291041	3
PSMA7	9606.ENSP00000359910	34
PSMD10	9606.ENSP00000217958	19
PSRC1	9606.ENSP00000358925	16
PTBP2	9606.ENSP00000359216	11
PTCH1	9606.ENSP00000332353	31
PTCH2	9606.ENSP00000361266	12
PTGS1	9606.ENSP00000354612	7
PTH2	9606.ENSP00000270631	1
PTPDC1	9606.ENSP00000477817	2
PTPN14	9606.ENSP00000355923	5
PTPN6	9606.ENSP00000391592	9
PTPRG	9606.ENSP00000418112	5
PTTG1	9606.ENSP00000377536	24
PUS7	9606.ENSP00000417402	6
PYGL	9606.ENSP00000216392	15
QKI	9606.ENSP00000355094	16
QSOX2	9606.ENSP00000351536	0
RAB11FIP1	9606.ENSP00000331342	6
RAB1A	9606.ENSP00000387286	19
RAB20	9606.ENSP00000267328	1
RAB31	9606.ENSP00000461945	5
RAB33B	9606.ENSP00000306496	11
RAB34	9606.ENSP00000413156	2
RAB5A	9606.ENSP00000273047	31
RAC3	9606.ENSP00000304283	24
RAD50	9606.ENSP00000368100	12
RAMP2	9606.ENSP00000253796	3
RANBP3	9606.ENSP00000341483	2
RASA2	9606.ENSP00000286364	3
RASGEF1B	9606.ENSP00000264400	1
RASGRF2	9606.ENSP00000265080	5
RASL10A	9606.ENSP00000216101	0
RASSF10	9606.ENSP00000485526	1
RASSF3	9606.ENSP00000443021	1
RBFOX2	9606.ENSP00000413035	12
RBM3	9606.ENSP00000365950	7
RDH11	9606.ENSP00000370750	2
REPS2	9606.ENSP00000349824	4
RERG	9606.ENSP00000256953	1
RETREG1	9606.ENSP00000304642	6
REV3L	9606.ENSP00000351697	16
RGMA	9606.ENSP00000452126	1
RGS16	9606.ENSP00000356529	10
RGS17	9606.ENSP00000206262	10
RHOU	9606.ENSP00000355652	5
RIIAD1	9606.ENSP00000419249	2
RIN2	9606.ENSP00000255006	3
RIN3	9606.ENSP00000216487	7
RIPPLY3	9606.ENSP00000331734	2
RLIM	9606.ENSP00000328059	9
RMI1	9606.ENSP00000317039	10
RNASEH2B	9606.ENSP00000337623	3
RNASET2	9606.ENSP00000426455	1
RNF144A	9606.ENSP00000321330	2
RNF144B	9606.ENSP00000259939	2
RNF149	9606.ENSP00000295317	1
RNF150	9606.ENSP00000425840	3
RNF165	9606.ENSP00000269439	1
RNPC3	9606.ENSP00000432886	4
ROMO1	9606.ENSP00000363191	3
RORA	9606.ENSP00000261523	16
RPLP1	9606.ENSP00000346037	14
RPP40	9606.ENSP00000369391	4
RPRM	9606.ENSP00000314946	1
RPS6	9606.ENSP00000369757	36
RPS6KA6	9606.ENSP00000262752	0
RRAGD	9606.ENSP00000358423	8
RRBP1	9606.ENSP00000367038	8
RSRC2	9606.ENSP00000330188	1
RTL1	9606.ENSP00000497482	5
RTN4	9606.ENSP00000337838	13
RUFY3	9606.ENSP00000370394	0
RUNDC3B	9606.ENSP00000337732	2
RUNX2	9606.ENSP00000360493	52
RXRA	9606.ENSP00000419692	28
RYBP	9606.ENSP00000419494	6
S100A10	9606.ENSP00000357801	6
S1PR1	9606.ENSP00000305416	12
SALL1	9606.ENSP00000251020	12
SAMD4A	9606.ENSP00000452535	2
SCAF1	9606.ENSP00000353769	1
SCFD1	9606.ENSP00000390783	14
SCG3	9606.ENSP00000220478	6
SCNM1	9606.ENSP00000357901	1
SCRN1	9606.ENSP00000388942	0
SCRT2	9606.ENSP00000246104	0
SCYL1	9606.ENSP00000270176	1
SDC1	9606.ENSP00000370542	33
SEC14L6	9606.ENSP00000385695	0
SEC23A	9606.ENSP00000306881	13
SEC61A1	9606.ENSP00000243253	16
SELENOP	9606.ENSP00000425915	8
SEM1	9606.ENSP00000481021	23
SEMA3F	9606.ENSP00000002829	6
SEMA6B	9606.ENSP00000467290	2
SEPTIN3	9606.ENSP00000494051	1
SERTAD4	9606.ENSP00000355979	0
SETD7	9606.ENSP00000274031	8
SEZ6L2	9606.ENSP00000481917	2
SFMBT1	9606.ENSP00000378235	3
SFRP1	9606.ENSP00000220772	29
SFXN5	9606.ENSP00000272433	1
SGCE	9606.ENSP00000496268	8
SGIP1	9606.ENSP00000360076	7
SH3BGRL2	9606.ENSP00000358853	0
SH3RF1	9606.ENSP00000284637	2
SHANK1	9606.ENSP00000293441	14
SHANK2	9606.ENSP00000345193	22
SHB	9606.ENSP00000366936	4
SHD	9606.ENSP00000446058	1
SHF	9606.ENSP00000290894	0
SHH	9606.ENSP00000297261	75
SHISAL1	9606.ENSP00000370568	1
SHISAL2B	9606.ENSP00000373726	1
SHOC1	9606.ENSP00000363405	2
SHROOM3	9606.ENSP00000296043	4
SIPA1L1	9606.ENSP00000450832	4
SIX4	9606.ENSP00000216513	5
SLC12A4	9606.ENSP00000395983	4
SLC16A14	9606.ENSP00000295190	2
SLC16A4	9606.ENSP00000358794	9
SLC17A5	9606.ENSP00000348019	2
SLC1A5	9606.ENSP00000444408	15
SLC20A2	9606.ENSP00000429754	6
SLC22A31	9606.ENSP00000474621	0
SLC25A37	9606.ENSP00000429200	3
SLC26A1	9606.ENSP00000354721	0
SLC26A2	9606.ENSP00000286298	2
SLC26A4	9606.ENSP00000494017	7
SLC2A12	9606.ENSP00000275230	5
SLC31A1	9606.ENSP00000363329	2
SLC35F1	9606.ENSP00000353557	3
SLC37A4	9606.ENSP00000476176	2
SLC38A10	9606.ENSP00000363891	1
SLC38A6	9606.ENSP00000346959	1
SLC38A7	9606.ENSP00000454646	3
SLC39A1	9606.ENSP00000357612	4
SLC3A2	9606.ENSP00000367123	10
SLC45A1	9606.ENSP00000418096	2
SLC50A1	9606.ENSP00000357389	1
SLC5A3	9606.ENSP00000370543	3
SLC5A4	9606.ENSP00000266086	1
SLC66A3	9606.ENSP00000295083	0
SLC7A2	9606.ENSP00000004531	4
SLC7A8	9606.ENSP00000320378	8
SLC9A3R1	9606.ENSP00000262613	10
SLCO3A1	9606.ENSP00000320634	2
SLFN12	9606.ENSP00000378063	2
SLFN13	9606.ENSP00000285013	0
SLIT1	9606.ENSP00000266058	8
SLITRK1	9606.ENSP00000366288	14
SMAD7	9606.ENSP00000262158	24
SMARCC2	9606.ENSP00000449396	8
SMC5	9606.ENSP00000354957	13
SMCO4	9606.ENSP00000298966	0
SMIM32	9606.ENSP00000490028	0
SMNDC1	9606.ENSP00000358616	0
SMOC1	9606.ENSP00000355110	5
SMOC2	9606.ENSP00000346537	7
SMTNL1	9606.ENSP00000432651	4
SNAPC1	9606.ENSP00000216294	1
SNRNP35	9606.ENSP00000403310	1
SNX1	9606.ENSP00000261889	12
SNX25	9606.ENSP00000426255	4
SNX33	9606.ENSP00000311427	6
SNX9	9606.ENSP00000376024	10
SOBP	9606.ENSP00000318900	0
SOHLH2	9606.ENSP00000369210	1
SORCS1	9606.ENSP00000263054	8
SORCS3	9606.ENSP00000358715	6
SOWAHC	9606.ENSP00000365830	13
SOX1	9606.ENSP00000330218	30
SOX12	9606.ENSP00000347646	0
SOX2	9606.ENSP00000323588	93
SOX5	9606.ENSP00000398273	11
SOX7	9606.ENSP00000301921	5
SP8	9606.ENSP00000408792	7
SPATA18	9606.ENSP00000295213	2
SPATA2L	9606.ENSP00000289805	0
SPON1	9606.ENSP00000460236	5
SPRED2	9606.ENSP00000348753	11
SPRED3	9606.ENSP00000345405	8
SPRY1	9606.ENSP00000481675	4
SPTLC3	9606.ENSP00000381968	4
SPTSSB	9606.ENSP00000352097	1
SRD5A3	9606.ENSP00000264228	1
SRF	9606.ENSP00000265354	18
SRPX	9606.ENSP00000367794	1
SRSF6	9606.ENSP00000244020	11
SRSF8	9606.ENSP00000480140	4
SSB	9606.ENSP00000386636	7
SSBP3	9606.ENSP00000360371	4
SSPN	9606.ENSP00000242729	7
ST8SIA1	9606.ENSP00000379353	3
STAMBPL1	9606.ENSP00000360992	5
STAU2	9606.ENSP00000428756	2
STK33	9606.ENSP00000416750	3
STK36	9606.ENSP00000295709	10
STK38L	9606.ENSP00000373684	4
STK40	9606.ENSP00000362222	5
STMN4	9606.ENSP00000342538	6
STOM	9606.ENSP00000286713	11
STOX2	9606.ENSP00000311257	0
STUM	9606.ENSP00000355752	0
SULT1C2	9606.ENSP00000319622	1
SULT4A1	9606.ENSP00000332565	4
SURF4	9606.ENSP00000361057	6
SUSD1	9606.ENSP00000363382	0
SV2A	9606.ENSP00000358142	12
SYBU	9606.ENSP00000407118	1
SYNDIG1	9606.ENSP00000366058	2
SYNE3	9606.ENSP00000334308	1
SYNPO2	9606.ENSP00000306015	5
SYS1	9606.ENSP00000243918	0
SYT9	9606.ENSP00000324419	3
TACC3	9606.ENSP00000326550	21
TACR1	9606.ENSP00000303522	10
TADA3	9606.ENSP00000307684	11
TAF6	9606.ENSP00000399982	15
TAFA4	9606.ENSP00000295569	2
TAOK3	9606.ENSP00000376317	3
TBC1D9	9606.ENSP00000411197	2
TBXA2R	9606.ENSP00000393333	6
TCTA	9606.ENSP00000273590	1
TEKT2	9606.ENSP00000207457	5
TENT4A	9606.ENSP00000488642	11
TENT5A	9606.ENSP00000318298	5
TENT5B	9606.ENSP00000289166	1
TERF2IP	9606.ENSP00000300086	2
TET3	9606.ENSP00000386869	5
TEX15	9606.ENSP00000493555	3
TEX2	9606.ENSP00000258991	2
TEX45	9606.ENSP00000355241	0
TFE3	9606.ENSP00000314129	9
TFPI2	9606.ENSP00000222543	4
TGFB3	9606.ENSP00000238682	21
TGFBR1	9606.ENSP00000447297	32
THADA	9606.ENSP00000385995	0
THNSL1	9606.ENSP00000434887	2
TIAM1	9606.ENSP00000286827	17
TIAM2	9606.ENSP00000437188	5
TICRR	9606.ENSP00000268138	13
TIFA	9606.ENSP00000354911	2
TIGD6	9606.ENSP00000296736	0
TKTL1	9606.ENSP00000358931	13
TLCD1	9606.ENSP00000292090	0
TLE2	9606.ENSP00000466542	9
TLE3	9606.ENSP00000452871	12
TM7SF2	9606.ENSP00000279263	5
TMED9	9606.ENSP00000330945	8
TMEM132B	9606.ENSP00000299308	2
TMEM154	9606.ENSP00000302144	0
TMEM175	9606.ENSP00000264771	0
TMEM214	9606.ENSP00000238788	3
TMEM241	9606.ENSP00000372720	2
TMEM255B	9606.ENSP00000364502	0
TMEM35A	9606.ENSP00000362021	2
TMEM41B	9606.ENSP00000433126	3
TMEM59L	9606.ENSP00000470879	2
TMEM68	9606.ENSP00000395204	2
TMEM98	9606.ENSP00000463245	2
TMOD2	9606.ENSP00000249700	9
TMSB10	9606.ENSP00000233143	3
TMTC2	9606.ENSP00000322300	2
TNC	9606.ENSP00000265131	12
TNFAIP2	9606.ENSP00000452634	5
TNFRSF10C	9606.ENSP00000349324	1
TNFRSF1A	9606.ENSP00000162749	29
TNFRSF8	9606.ENSP00000263932	11
TNFSF12	9606.ENSP00000293825	8
TNFSF15	9606.ENSP00000363157	5
TNN	9606.ENSP00000239462	8
TNNI3K	9606.ENSP00000322251	1
TNRC6B	9606.ENSP00000401946	13
TNRC6C	9606.ENSP00000336783	12
TNS1	9606.ENSP00000171887	2
TOM1L1	9606.ENSP00000460823	4
TOX	9606.ENSP00000354842	3
TOX2	9606.ENSP00000344724	1
TOX3	9606.ENSP00000219746	7
TP53INP1	9606.ENSP00000344215	5
TPBG	9606.ENSP00000358765	1
TPH1	9606.ENSP00000250018	4
TPM1	9606.ENSP00000351022	18
TPM4	9606.ENSP00000494125	11
TRAF3IP1	9606.ENSP00000362424	9
TRAPPC1	9606.ENSP00000302783	9
TRH	9606.ENSP00000303452	10
TRIB1	9606.ENSP00000312150	15
TRIB3	9606.ENSP00000415416	13
TRIM5	9606.ENSP00000369373	13
TRIM59	9606.ENSP00000311219	3
TRIP6	9606.ENSP00000200457	5
TRPC4AP	9606.ENSP00000252015	4
TRPM8	9606.ENSP00000323926	10
TRPV1	9606.ENSP00000459962	19
TSC22D2	9606.ENSP00000354543	1
TSEN2	9606.ENSP00000284995	3
TSPAN13	9606.ENSP00000262067	1
TSPAN6	9606.ENSP00000362111	1
TTC3	9606.ENSP00000381981	2
TTC30A	9606.ENSP00000347915	6
TUBA1A	9606.ENSP00000439020	18
TUT4	9606.ENSP00000257177	1
TXLNG	9606.ENSP00000369465	4
TXNL1	9606.ENSP00000217515	3
TXNRD2	9606.ENSP00000383365	17
TYMP	9606.ENSP00000379038	5
TYW5	9606.ENSP00000346627	3
UBC	9606.ENSP00000441543	91
UBE2L6	9606.ENSP00000287156	13
UBE2M	9606.ENSP00000253023	12
UBE2O	9606.ENSP00000323687	4
UBE2S	9606.ENSP00000264552	13
UBL3	9606.ENSP00000370055	0
UBXN10	9606.ENSP00000364240	2
UCHL5	9606.ENSP00000356421	12
UCKL1	9606.ENSP00000346155	7
UGT3A1	9606.ENSP00000274278	2
ULBP1	9606.ENSP00000229708	4
ULBP3	9606.ENSP00000356308	4
ULK1	9606.ENSP00000324560	15
ULK3	9606.ENSP00000400312	8
UNC119B	9606.ENSP00000344942	0
UNC5D	9606.ENSP00000385143	7
UNC80	9606.ENSP00000391088	3
UPF3A	9606.ENSP00000364448	4
UPK1A	9606.ENSP00000478942	1
UROD	9606.ENSP00000246337	2
USB1	9606.ENSP00000219281	0
USF3	9606.ENSP00000320794	0
USO1	9606.ENSP00000264904	18
USP21	9606.ENSP00000356981	4
USP3	9606.ENSP00000369681	6
USP44	9606.ENSP00000258499	5
USP9Y	9606.ENSP00000342812	5
VANGL2	9606.ENSP00000357040	20
VAT1	9606.ENSP00000347872	0
VAT1L	9606.ENSP00000303129	2
VAV3	9606.ENSP00000359073	6
VAX1	9606.ENSP00000358207	5
VAX2	9606.ENSP00000234392	3
VCL	9606.ENSP00000211998	43
VEPH1	9606.ENSP00000354919	1
VGF	9606.ENSP00000249330	7
VIPAS39	9606.ENSP00000452181	1
VMAC	9606.ENSP00000343348	0
VPS26B	9606.ENSP00000281187	5
VPS41	9606.ENSP00000309457	2
VSTM2A	9606.ENSP00000303108	1
VTA1	9606.ENSP00000356602	7
VWF	9606.ENSP00000261405	36
WARS1	9606.ENSP00000347495	4
WDR19	9606.ENSP00000382717	10
WDR35	9606.ENSP00000314444	7
WDR43	9606.ENSP00000384302	7
WDR73	9606.ENSP00000387982	4
WHAMM	9606.ENSP00000286760	4
WNT4	9606.ENSP00000290167	29
WNT5B	9606.ENSP00000380379	12
XBP1	9606.ENSP00000216037	23
YBX3	9606.ENSP00000228251	1
YTHDF1	9606.ENSP00000359364	5
ZBTB1	9606.ENSP00000451000	0
ZBTB38	9606.ENSP00000426387	2
ZC3H12C	9606.ENSP00000278590	1
ZC3H15	9606.ENSP00000338788	5
ZC3HAV1	9606.ENSP00000242351	16
ZFP36	9606.ENSP00000471239	13
ZFP36L2	9606.ENSP00000282388	1
ZFPL1	9606.ENSP00000294258	3
ZFPM2	9606.ENSP00000384179	7
ZFYVE9	9606.ENSP00000287727	4
ZGRF1	9606.ENSP00000424737	3
ZIC1	9606.ENSP00000282928	17
ZIC2	9606.ENSP00000365514	18
ZIC3	9606.ENSP00000287538	16
ZIC5	9606.ENSP00000267294	3
ZMAT1	9606.ENSP00000361868	0
ZMIZ1	9606.ENSP00000334474	2
ZMYND10	9606.ENSP00000231749	10
ZNF106	9606.ENSP00000263805	2
ZNF117	9606.ENSP00000282869	0
ZNF135	9606.ENSP00000441410	0
ZNF234	9606.ENSP00000400878	0
ZNF358	9606.ENSP00000472305	2
ZNF362	9606.ENSP00000446335	2
ZNF385B	9606.ENSP00000386845	2
ZNF425	9606.ENSP00000367300	1
ZNF446	9606.ENSP00000472802	1
ZNF449	9606.ENSP00000339585	1
ZNF483	9606.ENSP00000311679	1
ZNF493	9606.ENSP00000376110	0
ZNF521	9606.ENSP00000354794	5
ZNF540	9606.ENSP00000324598	0
ZNF594	9606.ENSP00000461032	1
ZNF680	9606.ENSP00000309330	0
ZNF69	9606.ENSP00000345333	0
ZNF697	9606.ENSP00000396857	0
ZNF709	9606.ENSP00000380840	0
ZNF718	9606.ENSP00000480556	0
ZNF772	9606.ENSP00000341165	0
ZNF780B	9606.ENSP00000391641	0
ZNF789	9606.ENSP00000331927	2
ZNF792	9606.ENSP00000385099	0
ZRANB1	9606.ENSP00000352676	5
ZSCAN2	9606.ENSP00000410198	1
ZSCAN20	9606.ENSP00000355053	3
ZSCAN5A	9606.ENSP00000375593	0
